Executing action: monitor
Running idf_monitor in directory /home/baodn19/Bio-FAIRCH/Nanabot/xiaozhi-esp32
Executing "/home/baodn19/.espressif/python_env/idf5.5_py3.12_env/bin/python /home/baodn19/.espressif/v5.5.4/esp-idf/tools/idf_monitor.py -p /dev/ttyACM0 -b 115200 --toolchain-prefix xtensa-esp32s3-elf- --target esp32s3 --revision 0 /home/baodn19/Bio-FAIRCH/Nanabot/xiaozhi-esp32/build/xiaozhi.elf /home/baodn19/Bio-FAIRCH/Nanabot/xiaozhi-esp32/build/bootloader/bootloader.elf -m '/home/baodn19/.espressif/python_env/idf5.5_py3.12_env/bin/python' '/home/baodn19/.espressif/v5.5.4/esp-idf/tools/idf.py' '-p' '/dev/ttyACM0'"...
ESP-ROM:esp32s3-20210327
Build:Mar 27 2021
rst:0x1 (POWERON),boot:0x28 (SPI_FAST_FLASH_BOOT)
SPIWP:0xee
mode:DIO, clock div:1
load:0x3fce2820,len:0x548
load:0x403c8700,len:0xc3c
load:0x403cb700,len:0x2d9c
entry 0x403c8908
[0;32mI (35) octal_psram: vendor id    : 0x0d (AP)[0m
[0;32mI (35) octal_psram: dev id       : 0x02 (generation 3)[0m
[0;32mI (35) octal_psram: density      : 0x03 (64 Mbit)[0m
[0;32mI (37) octal_psram: good-die     : 0x01 (Pass)[0m
[0;32mI (41) octal_psram: Latency      : 0x01 (Fixed)[0m
[0;32mI (46) octal_psram: VCC          : 0x01 (3V)[0m
[0;32mI (50) octal_psram: SRF          : 0x01 (Fast Refresh)[0m
[0;32mI (54) octal_psram: BurstType    : 0x01 (Hybrid Wrap)[0m
[0;32mI (59) octal_psram: BurstLen     : 0x01 (32 Byte)[0m
[0;32mI (64) octal_psram: Readlatency  : 0x02 (10 cycles@Fixed)[0m
[0;32mI (69) octal_psram: DriveStrength: 0x00 (1/1)[0m
[0;32mI (73) MSPI Timing: Enter psram timing tuning[0m
[0;32mI (78) esp_psram: Found 8MB PSRAM device[0m
[0;32mI (81) esp_psram: Speed: 80MHz[0m
[0;32mI (83) cpu_start: Multicore app[0m
[0;32mI (98) cpu_start: GPIO 44 and 43 are used as console UART I/O pins[0m
[0;32mI (98) cpu_start: Pro cpu start user code[0m
[0;32mI (98) cpu_start: cpu freq: 240000000 Hz[0m
[0;32mI (100) app_init: Application information:[0m
[0;32mI (103) app_init: Project name:     xiaozhi[0m
[0;32mI (107) app_init: App version:      2.2.6[0m
[0;32mI (111) app_init: Compile time:     Sep  2 2026 16:16:51[0m
[0;32mI (116) app_init: ELF file SHA256:  720bb8ebf...[0m
[0;32mI (120) app_init: ESP-IDF:          v5.5.4[0m
[0;32mI (124) efuse_init: Min chip rev:     v0.0[0m
[0;32mI (128) efuse_init: Max chip rev:     v0.99 [0m
[0;32mI (132) efuse_init: Chip rev:         v0.2[0m
[0;32mI (136) heap_init: Initializing. RAM available for dynamic allocation:[0m
[0;32mI (142) heap_init: At 3FCB15F8 len 00038118 (224 KiB): RAM[0m
[0;32mI (147) heap_init: At 3FCE9710 len 00005724 (21 KiB): RAM[0m
[0;32mI (153) heap_init: At 3FCF0000 len 00008000 (32 KiB): DRAM[0m
[0;32mI (158) heap_init: At 600FE000 len 00001FD8 (7 KiB): RTCRAM[0m
[0;32mI (163) esp_psram: Adding pool of 8192K of PSRAM memory to heap allocator[0m
[0;32mI (170) spi_flash: detected chip: boya[0m
[0;32mI (173) spi_flash: flash io: qio[0m
[0;32mI (177) sleep_gpio: Configure to isolate all GPIO pins in sleep state[0m
[0;32mI (182) sleep_gpio: Enable automatic switching of GPIO sleep configuration[0m
[0;32mI (189) main_task: Started on CPU0[0m
[0;32mI (219) esp_psram: Reserving pool of 96K of internal memory for DMA/internal allocations[0m
[0;32mI (219) main_task: Calling app_main()[0m
[0;32mI (229) Board: UUID=61ef4035-34dd-4f89-b926-151badd531d9 SKU=bread-compact-wifi-lcd-touch[0m
[0;32mI (229) button: IoT Button Version: 4.1.7[0m
[0;32mI (229) uart: ESP_INTR_FLAG_IRAM flag not set while CONFIG_UART_ISR_IN_IRAM is enabled, flag updated[0m
[0;32mI (239) CompactWifiBoardLCDTouch: DualEye UART initialized on TX GPIO 10[0m
[0;32mI (249) ili9341: LCD panel create success, version: 1.2.0[0m
[0;32mI (369) Display: Power management not supported[0m
[0;32mI (449) LcdDisplay: Turning display on[0m
[0;32mI (449) LcdDisplay: Initialize LVGL library[0m
[0;32mI (449) LcdDisplay: Use 2MB of PSRAM for image cache[0m
[0;32mI (449) LcdDisplay: Initialize LVGL port[0m
[0;32mI (459) LcdDisplay: Adding LCD display[0m
[0;32mI (459) LVGL: Starting LVGL task[0m
[0;32mI (459) MCP: Add tool: lotusai.recommend[0m
[0;32mI (469) MCP: Add tool: lotusai.select[0m
[0;32mI (469) MCP: Add tool: lotusai.confirm_qr[0m
[0;32mI (479) MedReminder: Loaded 1 medications.[0m
[0;32mI (479) MCP: Add tool: self.medicine.confirm[0m
[0;32mI (479) MCP: Add tool: self.medicine.add[0m
[0;32mI (489) MCP: Add tool: self.medicine.delete_entry[0m
[0;32mI (489) MCP: Add tool: self.medicine.clear_all[0m
[0;32mI (489) MCP: Add tool: self.medicine.list[0m
[0;32mI (499) uart: ESP_INTR_FLAG_IRAM flag not set while CONFIG_UART_ISR_IN_IRAM is enabled, flag updated[0m
[0;32mI (3709) FallDetection: Fall Detection Initialized via UART (YOLO Array Mode).[0m
[0;32mI (3709) FallDetection: FDPROBE,init,-,(constructor replies)[0m
[0;32mI (3709) Backlight: Set brightness to 75[0m
[0;32mI (3709) StateMachine: State: unknown -> starting[0m
[0;32mI (3729) FallDetection: FDLOG,0,3540,0,{"type": 2, "name": "AT", "code": 5, "data": "Unknown command: "}[0m
[0;32mI (3729) FallDetection: FDLOG,1,3540,0,{"type": 2, "name": "AT", "code": 5, "data": "Unknown command: AT+TSCORE=25"}[0m
[0;32mI (3799) NoAudioCodec: Simplex channels created[0m
[0;32mI (3799) AudioCodec: Audio codec started[0m
[0;32mI (3799) MCP: Add tool: self.get_device_status[0m
[0;32mI (3799) MCP: Add tool: self.audio_speaker.set_volume[0m
[0;32mI (3799) MCP: Add tool: self.screen.set_brightness[0m
[0;32mI (3809) MCP: Add tool: self.screen.set_theme[0m
[0;32mI (3809) MCP: Add tool: self.get_system_info [user][0m
[0;32mI (3819) MCP: Add tool: self.reboot [user][0m
[0;32mI (3819) MCP: Add tool: self.upgrade_firmware [user][0m
[0;32mI (3829) MCP: Add tool: self.screen.get_info [user][0m
[0;32mI (3829) MCP: Add tool: self.screen.snapshot [user][0m
[0;32mI (3829) MCP: Add tool: self.screen.preview_image [user][0m
[0;32mI (3839) MCP: Add tool: self.assets.set_download_url [user][0m
[0;32mI (3839) WifiManager: Initializing...[0m
[0;32mI (3849) pp: pp rom version: e7ae62f[0m
[0;32mI (3849) net80211: net80211 rom version: e7ae62f[0m
[0;32mI (3869) wifi:wifi driver task: 3fce93f8, prio:23, stack:6144, core=0[0m
[0;32mI (3869) wifi:wifi firmware version: 0947e8b[0m
[0;32mI (3869) wifi:wifi certification version: v7.0[0m
[0;32mI (3869) wifi:config NVS flash: disabled[0m
[0;32mI (3869) wifi:config nano formatting: enabled[0m
[0;32mI (3879) wifi:Init data frame dynamic rx buffer num: 6[0m
[0;32mI (3879) wifi:Init dynamic rx mgmt buffer num: 5[0m
[0;32mI (3889) wifi:Init management short buffer num: 32[0m
[0;32mI (3889) wifi:Init dynamic tx buffer num: 32[0m
[0;32mI (3899) wifi:Init static tx FG buffer num: 2[0m
[0;32mI (3899) wifi:Init static rx buffer size: 1600[0m
[0;32mI (3899) wifi:Init static rx buffer num: 3[0m
[0;32mI (3909) wifi:Init dynamic rx buffer num: 6[0m
[0;32mI (3909) wifi_init: rx ba win: 3[0m
[0;32mI (3909) wifi_init: accept mbox: 6[0m
[0;32mI (3919) wifi_init: tcpip mbox: 16[0m
[0;32mI (3919) wifi_init: udp mbox: 6[0m
[0;32mI (3919) wifi_init: tcp mbox: 6[0m
[0;32mI (3929) wifi_init: tcp tx win: 5760[0m
[0;32mI (3929) wifi_init: tcp rx win: 5760[0m
[0;32mI (3929) wifi_init: tcp mss: 1440[0m
[0;32mI (3939) WifiManager: Initialized[0m
[0;32mI (3939) WifiBoard: Starting WiFi connection attempt[0m
[0;32mI (3939) WifiManager: Starting station[0m
[0;32mI (3949) phy_init: phy_version 711,97bcf0a2,Aug 25 2025,19:04:10[0m
[0;32mI (3989) wifi:mode : sta (44:1b:f6:d4:11:40)[0m
[0;32mI (3989) wifi:enable tsf[0m
[0;32mI (3989) WifiBoard: WiFi scanning[0m
[0;32mI (4219) FallDetection: FDPROBE,0,CR,AT+ID?[0m
[0;32mI (4259) FallDetection: FDLOG,2,4070,0,{"type": 0, "name": "ID?", "code": 0, "data": "5b85a92c"}[0m
[0;32mI (4719) FallDetection: FDPROBE,1,CR,AT+NAME?[0m
[0;32mI (4759) FallDetection: FDLOG,3,4570,0,{"type": 0, "name": "NAME?", "code": 0, "data": "Grove Vision AI V2"}[0m
[0;32mI (5219) FallDetection: FDPROBE,2,CR,AT+VER?[0m
[0;32mI (5269) FallDetection: FDLOG,4,5080,0,{"type": 0, "name": "VER?", "code": 0, "data": {"at_api": "v0", "software": "2025.01.02", "hardware": "1"}}[0m
[0;32mI (5729) FallDetection: FDPROBE,3,CR,AT+STAT?[0m
[0;32mI (5759) FallDetection: FDLOG,5,5570,0,{"type": 0, "name": "STAT?", "code": 0, "data": {"boot_count": 0, "is_ready": 1}}[0m
[0;32mI (6239) FallDetection: FDPROBE,4,CR,AT+INFO?[0m
[0;32mI (6279) FallDetection: FDLOG,6,6090,0,{"type": 0, "name": "INFO?", "code": 0, "data": {"crc16_maxim": 24018, "info": "eyJtb2RlbF9pZCI6IjYwMDg2IiwidmVyc2lvbiI6IjEuMC4wIiwiYXJndW1lbnRzIjp7InNpemUiOjE2NDQuMDgsInVybCI6Imh0dHBzOi8vc2Vuc2VjcmFmdC1zdGF0aWNzLm9zcy1hY2NlbGVyYXRlLmFsaXl1bmNzLmNvbS9yZWZlci9tb2RlbC8xNzA1MzA2MjE1MTU5X2pWUWY0dV9zd2lmdF95b2xvX25hbm9fcGVyc29uXzE5Ml9pbnQ4X3ZlbGEoMikudGZsaXRlIiwiaWNvbiI6Imh0dHBzOi8vc2Vuc2VjcmFmdC1zdGF0aWNzLm9zcy1hY2NlbGVyYXRlLmFsaXl1bmNzLmNvbS9yZWZlci9waWMvMTcwNTMwNjEzODI3NV9peWtZWFZfZGV0ZWN0aW9uX3BlcnNvbi5wbmciLCJ0YXNrIjoiZGV0ZWN0IiwiY3JlYXRlZEF0IjoxNzA1MzA2MjMxLCJ1cGRhdGVkQXQiOjE3NDc2MzM0MTIsImNvbmYiOjUwLCJpb3UiOjQ1fSwibW9kZWxfbmFtZSI6IlBlcnNvbiBEZXRlY3Rpb24tLVN3aWZ0IFlPTE8iLCJtb2RlbF9mb3JtYXQiOiJ0ZkxpdGUiLCJ0YXNrIjoiMSIsImF1dGhvciI6IlNlbnNlQ3JhZnQgQUkiLCJjbGFzc2VzIjpbInBlcnNvbiJdLCJjaGVja3N1bSI6ImYyYjk5MjI5YmExMDhjODJkZTkzNzljNGI2YWQ2MzU0In0="}}[0m
[0;32mI (6399) WifiStation: Found AP: xlerobot-2.4GHz, BSSID: e8:9c:25:8c:ff:10, RSSI: -22, Channel: 8, Authmode: 3[0m
[0;32mI (6399) WifiBoard: WiFi connecting to xlerobot-2.4GHz[0m
[0;33mW (6409) wifi:Password length matches WPA2 standards, authmode threshold changes from OPEN to WPA2[0m
[0;32mI (6749) FallDetection: FDPROBE,5,CR,AT+ALGOS?[0m
[0;32mI (6789) FallDetection: FDLOG,7,6600,0,{"type": 0, "name": "ALGOS?", "code": 0, "data": [{"type": 7, "categroy": 1, "input_from": 1}, {"type": 6, "categroy": 1, "input_from": 1}, {"type": 8, "categroy": 1, "input_from": 1}, {"type": 5, "categroy": 2, "input_from": 1}, {"type": 4, "categroy": 3, "input_from": 1}, {"type": 3, "categroy": 1, "input_from": 1}, {"type": 2, "categroy": 2, "input_from": 1}, {"type": 1, "categroy": 1, "input_from": 1}]}[0m
[0;32mI (7259) FallDetection: FDPROBE,6,CR,AT+ALGO?[0m
[0;32mI (7279) FallDetection: FDLOG,8,7090,0,{"type": 0, "name": "ALGO?", "code": 0, "data": {"type": 0, "categroy": 0, "input_from": 0}}[0m
[0;32mI (7329) wifi:new:<8,0>, old:<1,0>, ap:<255,255>, sta:<8,0>, prof:1, snd_ch_cfg:0x0[0m
[0;32mI (7329) wifi:state: init -> auth (0xb0)[0m
[0;32mI (7329) wifi:state: auth -> assoc (0x0)[0m
[0;32mI (7339) wifi:state: assoc -> run (0x10)[0m
[0;32mI (7349) wifi:connected with xlerobot-2.4GHz, aid = 19, channel 8, BW20, bssid = e8:9c:25:8c:ff:10[0m
[0;32mI (7349) wifi:security: WPA2-PSK, phy: bg, rssi: -24, cipher(pairwise:0x3, group:0x3), pmf:0[0m
[0;32mI (7359) wifi:pm start, type: 1[0m

[0;32mI (7359) wifi:dp: 1, bi: 102400, li: 10, scale listen interval from 1024000 us to 1024000 us[0m
[0;32mI (7369) wifi:set rx beacon pti, rx_bcn_pti: 0, bcn_timeout: 25000, mt_pti: 0, mt_time: 10000[0m
[0;32mI (7449) wifi:AP's beacon interval = 102400 us, DTIM period = 1[0m
[0;32mI (7759) FallDetection: FDPROBE,7,CR,AT+MODELS?[0m
[0;32mI (7779) FallDetection: FDLOG,9,7590,0,{"type": 0, "name": "MODELS?", "code": 0, "data": [{"id": 1, "type": 0, "address": 4194304, "size": 0}]}[0m
[0;32mI (8259) FallDetection: FDPROBE,8,CR,AT+MODEL?[0m
[0;32mI (8299) FallDetection: FDLOG,10,8110,0,{"type": 0, "name": "MODEL?", "code": 0, "data": {"id": 1, "type": 0, "address": 4194304, "size": 0}}[0m
[0;32mI (8389) esp_netif_handlers: sta ip: 192.168.50.193, mask: 255.255.255.0, gw: 192.168.50.1[0m
[0;32mI (8389) WifiStation: Got IP: 192.168.50.193[0m
[0;32mI (8389) WifiBoard: Connected to WiFi: xlerobot-2.4GHz[0m
[0;32mI (8399) Application: Network connected[0m
[0;32mI (8399) StateMachine: State: starting -> activating[0m
[0;32mI (8399) Assets: The storage free size is 21824 KB[0m
[0;33mW (8399) SingleLed: SingleLed initialized with GPIO_NUM_NC, LED will not function[0m
[0;32mI (8399) Assets: The partition size is 8192 KB[0m
[0;32mI (8619) Assets: The checksum calculation time is 202 ms[0m
create static modelsI (8619) MODEL_LOADER: Successfully load srmodels
[0;32mI (8619) Assets: Refreshing display theme...[0m
[0;32mI (8629) Assets: Set hide_subtitle to false[0m
[0;32mI (8629) Ota: Current version: 2.2.6[0m
[0;32mI (8769) FallDetection: FDPROBE,9,CR,AT+SENSORS?[0m
[0;32mI (8799) FallDetection: FDLOG,11,8610,0,{"type": 0, "name": "SENSORS?", "code": 0, "data": [{"id": 1, "type": 1, "state": 1, "opt_id": 0, "opt_detail": "240x240 Auto", "opts": {"2": "640x480 Auto", "1": "480x480 Auto", "0": "240x240 Auto"}}]}[0m
[0;32mI (9279) FallDetection: FDPROBE,10,CR,AT+SENSOR?[0m
[0;32mI (9319) FallDetection: FDLOG,12,9130,0,{"type": 0, "name": "SENSOR?", "code": 0, "data": {"id": 1, "type": 1, "state": 1, "opt_id": 0, "opt_detail": "240x240 Auto"}}[0m
[0;32mI (9399) esp-x509-crt-bundle: Certificate validated[0m
[0;32mI (9779) FallDetection: FDPROBE,11,CR,AT+TSCORE?[0m
[0;32mI (9799) FallDetection: FDLOG,13,9610,0,{"type": 2, "name": "AT", "code": 5, "data": "Unknown command: AT+TSCORE?"}[0m
[0;32mI (10109) HttpClient: Established new connection to api.tenclass.net:443[0m
[0;32mI (10279) FallDetection: FDPROBE,12,CR,AT+TIOU?[0m
[0;32mI (10319) FallDetection: FDLOG,14,10130,0,{"type": 2, "name": "AT", "code": 5, "data": "Unknown command: AT+TIOU?"}[0m
[0;32mI (10729) HttpClient: HTTP connection closed[0m
[0;32mI (10739) Ota: Current is the latest version[0m
[0;32mI (10739) Ota: Running partition: ota_0[0m
[0;32mI (10739) MQTT: Connecting to endpoint api.tenclass.net[0m
[0;32mI (10779) FallDetection: FDPROBE,13,CR,AT+TSCORE=25[0m
[0;32mI (10799) FallDetection: FDLOG,15,10610,0,{"type": 2, "name": "AT", "code": 5, "data": "Unknown command: AT+TSCORE=25"}[0m
[0;32mI (11279) FallDetection: FDPROBE,14,CRLF,AT+TSCORE=25[0m
[0;32mI (11319) FallDetection: FDLOG,16,11130,0,{"type": 2, "name": "AT", "code": 5, "data": "Unknown command: AT+TSCORE=25"}[0m
[0;32mI (11779) FallDetection: FDPROBE,done,-,(15 commands)[0m
[0;32mI (11829) FallDetection: FDSTACK_FREE,4636[0m
[0;32mI (12019) FallDetection: FDPOLL,11830[0m
[0;32mI (12169) FallDetection: FDLOG,17,11980,0,{"type": 0, "name": "MODEL", "code": 0, "data": {"model": {"id": 1, "type": 0, "address": 4194304, "size": 0}}}[0m
[0;32mI (12169) FallDetection: FDLOG,18,11980,0,{"type": 0, "name": "INVOKE", "code": 0, "data": {"model": {"id": 1, "type": 0, "address": 4194304, "size": 0}, "algorithm": {"type": 3, "categroy": 1, "input_from": 1, "config": {"tscore": 26, "tiou": 35}}, "sensor": {"id": 1, "type": 1, "state": 1, "opt_id": 0, "opt_detail": "240x240 Auto"}}}[0m
[0;32mI (12199) FallDetection: FDLOG,19,12010,0,{"type": 1, "name": "INVOKE", "code": 0, "data": {"count": 1, "perf": [7, 48, 0], "boxes": [[112, 154, 235, 185, 29, 0]], "resolution": [240, 240]}}[0m
[0;32mI (12229) FallDetection: FDPOLL,12040[0m
[0;32mI (12299) FallDetection: FDLOG,20,12110,0,{"type": 0, "name": "INVOKE", "code": 0, "data": {"model": {"id": 1, "type": 0, "address": 4194304, "size": 0}, "algorithm": {"type": 3, "categroy": 1, "input_from": 1, "config": {"tscore": 26, "tiou": 35}}, "sensor": {"id": 1, "type": 1, "state": 1, "opt_id": 0, "opt_detail": "240x240 Auto"}}}[0m
[0;32mI (12379) FallDetection: FDLOG,21,12190,0,{"type": 1, "name": "INVOKE", "code": 0, "data": {"count": 1, "perf": [7, 48, 0], "boxes": [[36, 141, 62, 177, 83, 0], [211, 133, 47, 115, 41, 0]], "resolution": [240, 240]}}[0m
[0;32mI (12459) FallDetection: FDPOLL,12270[0m
[0;32mI (12529) FallDetection: FDLOG,22,12340,0,{"type": 0, "name": "INVOKE", "code": 0, "data": {"model": {"id": 1, "type": 0, "address": 4194304, "size": 0}, "algorithm": {"type": 3, "categroy": 1, "input_from": 1, "config": {"tscore": 26, "tiou": 35}}, "sensor": {"id": 1, "type": 1, "state": 1, "opt_id": 0, "opt_detail": "240x240 Auto"}}}[0m
[0;32mI (12609) FallDetection: FDLOG,23,12420,0,{"type": 1, "name": "INVOKE", "code": 0, "data": {"count": 1, "perf": [7, 48, 0], "boxes": [[34, 141, 62, 177, 87, 0], [211, 141, 47, 115, 50, 0]], "resolution": [240, 240]}}[0m
[0;32mI (12619) FallDetection: FDEVT,3,Init,Descending,12420,vy=0.30,vh=0.00,drop=0.06,r=0.41[0m
[0;32mI (12689) esp-x509-crt-bundle: Certificate validated[0m
[0;32mI (12699) FallDetection: FDPOLL,12510[0m
[0;32mI (12779) FallDetection: FDLOG,24,12590,0,{"type": 0, "name": "INVOKE", "code": 0, "data": {"model": {"id": 1, "type": 0, "address": 4194304, "size": 0}, "algorithm": {"type": 3, "categroy": 1, "input_from": 1, "config": {"tscore": 26, "tiou": 35}}, "sensor": {"id": 1, "type": 1, "state": 1, "opt_id": 0, "opt_detail": "240x240 Auto"}}}[0m
[0;32mI (12859) FallDetection: FDLOG,25,12670,0,{"type": 1, "name": "INVOKE", "code": 0, "data": {"count": 1, "perf": [7, 48, 0], "boxes": [[36, 141, 62, 177, 87, 0], [211, 138, 57, 151, 43, 0]], "resolution": [240, 240]}}[0m
[0;32mI (12869) FallDetection: FDSTACK_FREE,2620[0m
[0;32mI (12959) FallDetection: FDPOLL,12770[0m
[0;32mI (13029) FallDetection: FDLOG,26,12840,0,{"type": 0, "name": "INVOKE", "code": 0, "data": {"model": {"id": 1, "type": 0, "address": 4194304, "size": 0}, "algorithm": {"type": 3, "categroy": 1, "input_from": 1, "config": {"tscore": 26, "tiou": 35}}, "sensor": {"id": 1, "type": 1, "state": 1, "opt_id": 0, "opt_detail": "240x240 Auto"}}}[0m
[0;32mI (13109) FallDetection: FDLOG,27,12920,0,{"type": 1, "name": "INVOKE", "code": 0, "data": {"count": 1, "perf": [7, 48, 0], "boxes": [[36, 141, 62, 177, 83, 0], [211, 141, 47, 151, 35, 0]], "resolution": [240, 240]}}[0m
[0;32mI (13119) FallDetection: FDEVT,3,Descending,Upright,12920,vy=0.07,vh=0.52,drop=0.06,r=0.31[0m
[0;32mI (13199) FallDetection: FDPOLL,13010[0m
[0;32mI (13279) FallDetection: FDLOG,28,13090,0,{"type": 0, "name": "INVOKE", "code": 0, "data": {"model": {"id": 1, "type": 0, "address": 4194304, "size": 0}, "algorithm": {"type": 3, "categroy": 1, "input_from": 1, "config": {"tscore": 26, "tiou": 35}}, "sensor": {"id": 1, "type": 1, "state": 1, "opt_id": 0, "opt_detail": "240x240 Auto"}}}[0m
[0;32mI (13359) FallDetection: FDLOG,29,13170,0,{"type": 1, "name": "INVOKE", "code": 0, "data": {"count": 1, "perf": [7, 48, 0], "boxes": [[36, 141, 62, 177, 87, 0], [211, 133, 47, 115, 50, 0]], "resolution": [240, 240]}}[0m
[0;32mI (13439) FallDetection: FDPOLL,13250[0m
[0;32mI (13509) FallDetection: FDLOG,30,13320,0,{"type": 0, "name": "INVOKE", "code": 0, "data": {"model": {"id": 1, "type": 0, "address": 4194304, "size": 0}, "algorithm": {"type": 3, "categroy": 1, "input_from": 1, "config": {"tscore": 26, "tiou": 35}}, "sensor": {"id": 1, "type": 1, "state": 1, "opt_id": 0, "opt_detail": "240x240 Auto"}}}[0m
[0;32mI (13589) FallDetection: FDLOG,31,13400,0,{"type": 1, "name": "INVOKE", "code": 0, "data": {"count": 1, "perf": [7, 48, 0], "boxes": [[36, 141, 62, 177, 87, 0], [211, 138, 57, 151, 37, 0]], "resolution": [240, 240]}}[0m
[0;32mI (13599) FallDetection: FDEVT,2,Init,Upright,13400,vy=0.00,vh=0.00,drop=0.00,r=0.35[0m
[0;32mI (13679) FallDetection: FDPOLL,13490[0m
[0;32mI (13759) FallDetection: FDLOG,32,13570,0,{"type": 0, "name": "INVOKE", "code": 0, "data": {"model": {"id": 1, "type": 0, "address": 4194304, "size": 0}, "algorithm": {"type": 3, "categroy": 1, "input_from": 1, "config": {"tscore": 26, "tiou": 35}}, "sensor": {"id": 1, "type": 1, "state": 1, "opt_id": 0, "opt_detail": "240x240 Auto"}}}[0m
[0;32mI (13839) FallDetection: FDLOG,33,13650,0,{"type": 1, "name": "INVOKE", "code": 0, "data": {"count": 1, "perf": [7, 48, 0], "boxes": [[36, 141, 62, 177, 87, 0], [211, 133, 47, 115, 41, 0]], "resolution": [240, 240]}}[0m
[0;32mI (13899) MQTT: Connected to endpoint[0m
[0;32mI (13899) Application: Activation done[0m
[0;32mI (13899) SystemInfo: free sram: 94123 minimal sram: 88027[0m
[0;32mI (13899) StateMachine: State: activating -> idle[0m
[0;32mI (13909) FallDetection: FDSTACK_FREE,2620[0m
[0;32mI (13909) CompactWifiBoardLCDTouch: Sent Eye Command: 0x02[0m
[0;32mI (13919) FallDetection: FDPOLL,13730[0m
[0;32mI (13919) WifiStation: Setting WiFi power save level: LOW_POWER (MAX_MODEM)[0m
[0;32mI (13929) wifi:Set ps type: 2, coexist: 0[0m

[0;32mI (13929) CustomWakeWord: Command: NA NA BOT, Text: NanaBot, Action: wake[0m
[0;32mI (14029) FallDetection: FDLOG,34,13840,0,{"type": 0, "name": "INVOKE", "code": 0, "data": {"model": {"id": 1, "type": 0, "address": 4194304, "size": 0}, "algorithm": {"type": 3, "categroy": 1, "input_from": 1, "config": {"tscore": 26, "tiou": 35}}, "sensor": {"id": 1, "type": 1, "state": 1, "opt_id": 0, "opt_detail": "240x240 Auto"}}}[0m
[0;32mI (14049) FallDetection: FDLOG,35,13860,0,{"type": 1, "name": "INVOKE", "code": 0, "data": {"count": 1, "perf": [7, 48, 0], "boxes": [[36, 141, 94, 177, 87, 0], [211, 141, 47, 151, 35, 0]], "resolution": [240, 240]}}[0m
[0;32mI (14139) FallDetection: FDPOLL,13950[0m
[0;32mI (14219) FallDetection: FDLOG,36,14030,0,{"type": 0, "name": "INVOKE", "code": 0, "data": {"model": {"id": 1, "type": 0, "address": 4194304, "size": 0}, "algorithm": {"type": 3, "categroy": 1, "input_from": 1, "config": {"tscore": 26, "tiou": 35}}, "sensor": {"id": 1, "type": 1, "state": 1, "opt_id": 0, "opt_detail": "240x240 Auto"}}}[0m
[0;32mI (14299) FallDetection: FDLOG,37,14110,0,{"type": 1, "name": "INVOKE", "code": 0, "data": {"count": 1, "perf": [7, 48, 0], "boxes": [[41, 141, 94, 177, 87, 0], [211, 141, 47, 115, 58, 0]], "resolution": [240, 240]}}[0m
Build fst from commands.
[0;32mI (14379) FallDetection: FDPOLL,14190[0m
[0;32mI (14449) FallDetection: FDLOG,38,14260,0,{"type": 0, "name": "INVOKE", "code": 0, "data": {"model": {"id": 1, "type": 0, "address": 4194304, "size": 0}, "algorithm": {"type": 3, "categroy": 1, "input_from": 1, "config": {"tscore": 26, "tiou": 35}}, "sensor": {"id": 1, "type": 1, "state": 1, "opt_id": 0, "opt_detail": "240x240 Auto"}}}[0m
[0;32mI (14529) FallDetection: FDLOG,39,14340,0,{"type": 1, "name": "INVOKE", "code": 0, "data": {"count": 1, "perf": [7, 48, 0], "boxes": [[41, 141, 94, 177, 87, 0], [211, 133, 62, 120, 58, 0]], "resolution": [240, 240]}}[0m
Quantized MultiNet6:rnnt_ctc_1.0, name:mn6_en, (Dec 16 2025 14:45:55)
[0;32mI (14609) FallDetection: FDPOLL,14420[0m
Quantized MultiNet6 search method: 2, time out:3.0 s
set det threshold to 0.100000
Build fst from commands.
1 active speech commands:
Command 1: NA NA BOT
[0;32mI (14619) AudioCodec: Set output enable to true[0m
[0;32mI (14629) AudioCodec: Set input enable to true[0m
[0;32mI (14629) AudioService: Resampling audio from 16000 to 24000[0m
[0;32mI (14739) FallDetection: FDLOG,40,14550,0,{"type": 0, "name": "INVOKE", "code": 0, "data": {"model": {"id": 1, "type": 0, "address": 4194304, "size": 0}, "algorithm": {"type": 3, "categroy": 1, "input_from": 1, "config": {"tscore": 26, "tiou": 35}}, "sensor": {"id": 1, "type": 1, "state": 1, "opt_id": 0, "opt_detail": "240x240 Auto"}}}[0m
[0;32mI (14759) FallDetection: FDLOG,41,14570,0,{"type": 1, "name": "INVOKE", "code": 0, "data": {"count": 1, "perf": [7, 48, 0], "boxes": [[41, 141, 94, 177, 87, 0], [211, 133, 47, 115, 58, 0]], "resolution": [240, 240]}}[0m
[0;32mI (14849) FallDetection: FDPOLL,14660[0m
[0;32mI (14969) FallDetection: FDLOG,42,14780,0,{"type": 0, "name": "INVOKE", "code": 0, "data": {"model": {"id": 1, "type": 0, "address": 4194304, "size": 0}, "algorithm": {"type": 3, "categroy": 1, "input_from": 1, "config": {"tscore": 26, "tiou": 35}}, "sensor": {"id": 1, "type": 1, "state": 1, "opt_id": 0, "opt_detail": "240x240 Auto"}}}[0m
[0;32mI (14989) FallDetection: FDLOG,43,14800,0,{"type": 1, "name": "INVOKE", "code": 0, "data": {"count": 1, "perf": [7, 48, 0], "boxes": [[41, 141, 94, 177, 87, 0], [211, 141, 47, 151, 50, 0]], "resolution": [240, 240]}}[0m
[0;32mI (15009) FallDetection: FDSTACK_FREE,2620[0m
[0;32mI (15079) FallDetection: FDPOLL,14890[0m
[0;32mI (15159) FallDetection: FDLOG,44,14970,0,{"type": 0, "name": "INVOKE", "code": 0, "data": {"model": {"id": 1, "type": 0, "address": 4194304, "size": 0}, "algorithm": {"type": 3, "categroy": 1, "input_from": 1, "config": {"tscore": 26, "tiou": 35}}, "sensor": {"id": 1, "type": 1, "state": 1, "opt_id": 0, "opt_detail": "240x240 Auto"}}}[0m
[0;32mI (15239) FallDetection: FDLOG,45,15050,0,{"type": 1, "name": "INVOKE", "code": 0, "data": {"count": 1, "perf": [7, 48, 0], "boxes": [[41, 133, 94, 177, 83, 0], [211, 141, 47, 151, 29, 0]], "resolution": [240, 240]}}[0m
[0;32mI (15319) FallDetection: FDPOLL,15130[0m
[0;32mI (15449) FallDetection: FDLOG,46,15260,0,{"type": 0, "name": "INVOKE", "code": 0, "data": {"model": {"id": 1, "type": 0, "address": 4194304, "size": 0}, "algorithm": {"type": 3, "categroy": 1, "input_from": 1, "config": {"tscore": 26, "tiou": 35}}, "sensor": {"id": 1, "type": 1, "state": 1, "opt_id": 0, "opt_detail": "240x240 Auto"}}}[0m
[0;32mI (15469) FallDetection: FDLOG,47,15280,0,{"type": 1, "name": "INVOKE", "code": 0, "data": {"count": 1, "perf": [7, 48, 0], "boxes": [[47, 141, 94, 177, 83, 0], [211, 141, 47, 151, 50, 0]], "resolution": [240, 240]}}[0m
[0;32mI (15559) FallDetection: FDPOLL,15370[0m
[0;32mI (15639) FallDetection: FDLOG,48,15450,0,{"type": 0, "name": "INVOKE", "code": 0, "data": {"model": {"id": 1, "type": 0, "address": 4194304, "size": 0}, "algorithm": {"type": 3, "categroy": 1, "input_from": 1, "config": {"tscore": 26, "tiou": 35}}, "sensor": {"id": 1, "type": 1, "state": 1, "opt_id": 0, "opt_detail": "240x240 Auto"}}}[0m
[0;32mI (15719) FallDetection: FDLOG,49,15530,0,{"type": 1, "name": "INVOKE", "code": 0, "data": {"count": 1, "perf": [7, 48, 0], "boxes": [[47, 141, 94, 177, 83, 0], [211, 141, 47, 151, 50, 0]], "resolution": [240, 240]}}[0m
[0;32mI (15799) FallDetection: FDPOLL,15610[0m
[0;32mI (15869) FallDetection: FDLOG,50,15680,0,{"type": 0, "name": "INVOKE", "code": 0, "data": {"model": {"id": 1, "type": 0, "address": 4194304, "size": 0}, "algorithm": {"type": 3, "categroy": 1, "input_from": 1, "config": {"tscore": 26, "tiou": 35}}, "sensor": {"id": 1, "type": 1, "state": 1, "opt_id": 0, "opt_detail": "240x240 Auto"}}}[0m
[0;32mI (15949) FallDetection: FDLOG,51,15760,0,{"type": 1, "name": "INVOKE", "code": 0, "data": {"count": 1, "perf": [7, 48, 0], "boxes": [[47, 141, 94, 177, 71, 0], [211, 133, 47, 115, 50, 0]], "resolution": [240, 240]}}[0m
[0;32mI (16019) FallDetection: FDSTACK_FREE,2620[0m
[0;32mI (16029) FallDetection: FDPOLL,15840[0m
[0;32mI (16089) CustomWakeWord: Custom wake word detected: command_id=1, string= NA NA NA BOT, prob=0.258356[0m
[0;32mI (16089) Application: Wake word detected: NanaBot (state: 3)[0m
[0;32mI (16089) StateMachine: State: idle -> connecting[0m
[0;32mI (16089) WifiStation: Setting WiFi power save level: PERFORMANCE (NONE)[0m
[0;32mI (16099) wifi:Set ps type: 0, coexist: 0[0m

[0;32mI (16249) CustomWakeWord: Encode wake word opus 24 packets in 155 ms[0m
[0;32mI (16299) FallDetection: FDLOG,52,16110,0,{"type": 0, "name": "INVOKE", "code": 0, "data": {"model": {"id": 1, "type": 0, "address": 4194304, "size": 0}, "algorithm": {"type": 3, "categroy": 1, "input_from": 1, "config": {"tscore": 26, "tiou": 35}}, "sensor": {"id": 1, "type": 1, "state": 1, "opt_id": 0, "opt_detail": "240x240 Auto"}}}[0m
[0;32mI (16319) FallDetection: FDLOG,53,16130,0,{"type": 1, "name": "INVOKE", "code": 0, "data": {"count": 1, "perf": [7, 48, 0], "boxes": [[47, 156, 94, 177, 64, 0], [211, 141, 47, 115, 58, 0]], "resolution": [240, 240]}}[0m
[0;32mI (16349) FallDetection: FDPOLL,16160[0m
[0;32mI (16409) FallDetection: FDLOG,54,16220,0,{"type": 0, "name": "INVOKE", "code": 0, "data": {"model": {"id": 1, "type": 0, "address": 4194304, "size": 0}, "algorithm": {"type": 3, "categroy": 1, "input_from": 1, "config": {"tscore": 26, "tiou": 35}}, "sensor": {"id": 1, "type": 1, "state": 1, "opt_id": 0, "opt_detail": "240x240 Auto"}}}[0m
[0;32mI (16489) FallDetection: FDLOG,55,16300,0,{"type": 1, "name": "INVOKE", "code": 0, "data": {"count": 1, "perf": [7, 48, 0], "boxes": [[41, 167, 94, 120, 71, 0], [211, 141, 57, 151, 43, 0]], "resolution": [240, 240]}}[0m
[0;32mI (16569) FallDetection: FDPOLL,16380[0m
[0;32mI (16619) MQTT: Session ID: 7540ab24[0m
[0;32mI (16619) WifiStation: Setting WiFi power save level: PERFORMANCE (NONE)[0m
[0;32mI (16619) wifi:Set ps type: 0, coexist: 0[0m

[0;32mI (16619) Application: Wake word detected: NanaBot[0m
[0;32mI (16639) StateMachine: State: connecting -> listening[0m
[0;32mI (16639) FallDetection: FDLOG,56,16450,0,{"type": 0, "name": "INVOKE", "code": 0, "data": {"model": {"id": 1, "type": 0, "address": 4194304, "size": 0}, "algorithm": {"type": 3, "categroy": 1, "input_from": 1, "config": {"tscore": 26, "tiou": 35}}, "sensor": {"id": 1, "type": 1, "state": 1, "opt_id": 0, "opt_detail": "240x240 Auto"}}}[0m
[0;32mI (16639) CompactWifiBoardLCDTouch: Sent Eye Command: 0x01[0m
[0;32mI (16679) AFE: AFE Version: (1MIC_V251128)[0m
[0;32mI (16679) AFE: Input PCM Config: total 1 channels(1 microphone, 0 playback), sample rate:16000[0m
[0;32mI (16679) AFE: AFE Pipeline: [input] -> |VAD(WebRTC)| -> [output][0m
[0;32mI (16689) AfeAudioProcessor: Audio communication task started, feed size: 512 fetch size: 512[0m
[0;32mI (16719) FallDetection: FDLOG,57,16530,0,{"type": 1, "name": "INVOKE", "code": 0, "data": {"count": 1, "perf": [7, 48, 0], "boxes": [[23, 115, 20, 28, 27, 0], [41, 167, 94, 120, 64, 0], [211, 141, 47, 151, 64, 0]], "resolution": [240, 240]}}[0m
[0;32mI (16729) FallDetection: FDEVT,2,Upright,Descending,16530,vy=0.21,vh=-0.48,drop=0.14,r=0.78[0m
[0;32mI (16809) FallDetection: FDPOLL,16620[0m
[0;32mI (16869) FallDetection: FDLOG,58,16680,0,{"type": 0, "name": "INVOKE", "code": 0, "data": {"model": {"id": 1, "type": 0, "address": 4194304, "size": 0}, "algorithm": {"type": 3, "categroy": 1, "input_from": 1, "config": {"tscore": 26, "tiou": 35}}, "sensor": {"id": 1, "type": 1, "state": 1, "opt_id": 0, "opt_detail": "240x240 Auto"}}}[0m
[0;32mI (16949) FallDetection: FDLOG,59,16760,0,{"type": 1, "name": "INVOKE", "code": 0, "data": {"count": 1, "perf": [7, 48, 0], "boxes": [[41, 167, 75, 151, 62, 0], [211, 141, 47, 115, 50, 0]], "resolution": [240, 240]}}[0m
[0;32mI (16949) Application: >> NanaBot[0m
[0;32mI (16969) StateMachine: State: listening -> speaking[0m
[0;32mI (16969) CompactWifiBoardLCDTouch: Sent Eye Command: 0x03[0m
[0;32mI (17019) FallDetection: FDSTACK_FREE,2620[0m
[0;32mI (17029) FallDetection: FDPOLL,16840[0m
[0;32mI (17099) FallDetection: FDLOG,60,16910,0,{"type": 0, "name": "INVOKE", "code": 0, "data": {"model": {"id": 1, "type": 0, "address": 4194304, "size": 0}, "algorithm": {"type": 3, "categroy": 1, "input_from": 1, "config": {"tscore": 26, "tiou": 35}}, "sensor": {"id": 1, "type": 1, "state": 1, "opt_id": 0, "opt_detail": "240x240 Auto"}}}[0m
[0;32mI (17179) FallDetection: FDLOG,61,16990,0,{"type": 1, "name": "INVOKE", "code": 0, "data": {"count": 1, "perf": [7, 48, 0], "boxes": [[23, 117, 23, 36, 37, 0], [26, 156, 47, 151, 64, 0], [211, 141, 47, 115, 71, 0]], "resolution": [240, 240]}}[0m
[0;32mI (17259) FallDetection: FDPOLL,17070[0m
[0;32mI (17329) FallDetection: FDLOG,62,17140,0,{"type": 0, "name": "INVOKE", "code": 0, "data": {"model": {"id": 1, "type": 0, "address": 4194304, "size": 0}, "algorithm": {"type": 3, "categroy": 1, "input_from": 1, "config": {"tscore": 26, "tiou": 35}}, "sensor": {"id": 1, "type": 1, "state": 1, "opt_id": 0, "opt_detail": "240x240 Auto"}}}[0m
[0;32mI (17409) FallDetection: FDLOG,63,17220,0,{"type": 1, "name": "INVOKE", "code": 0, "data": {"count": 1, "perf": [7, 48, 0], "boxes": [[20, 167, 41, 151, 43, 0], [23, 128, 20, 57, 37, 0], [211, 141, 62, 120, 50, 0]], "resolution": [240, 240]}}[0m
[0;32mI (17489) FallDetection: FDPOLL,17300[0m
[0;32mI (17559) FallDetection: FDLOG,64,17370,0,{"type": 0, "name": "INVOKE", "code": 0, "data": {"model": {"id": 1, "type": 0, "address": 4194304, "size": 0}, "algorithm": {"type": 3, "categroy": 1, "input_from": 1, "config": {"tscore": 26, "tiou": 35}}, "sensor": {"id": 1, "type": 1, "state": 1, "opt_id": 0, "opt_detail": "240x240 Auto"}}}[0m
[0;32mI (17639) FallDetection: FDLOG,65,17450,0,{"type": 1, "name": "INVOKE", "code": 0, "data": {"count": 1, "perf": [7, 48, 0], "boxes": [[211, 141, 47, 115, 50, 0]], "resolution": [240, 240]}}[0m
[0;32mI (17719) FallDetection: FDPOLL,17530[0m
[0;32mI (17769) Application: << Hello![0m
[0;32mI (17789) FallDetection: FDLOG,66,17600,0,{"type": 0, "name": "INVOKE", "code": 0, "data": {"model": {"id": 1, "type": 0, "address": 4194304, "size": 0}, "algorithm": {"type": 3, "categroy": 1, "input_from": 1, "config": {"tscore": 26, "tiou": 35}}, "sensor": {"id": 1, "type": 1, "state": 1, "opt_id": 0, "opt_detail": "240x240 Auto"}}}[0m
[0;32mI (17869) FallDetection: FDLOG,67,17680,0,{"type": 1, "name": "INVOKE", "code": 0, "data": {"count": 1, "perf": [7, 48, 0], "boxes": [[211, 141, 62, 120, 58, 0]], "resolution": [240, 240]}}[0m
[0;32mI (17949) FallDetection: FDPOLL,17760[0m
[0;32mI (18019) FallDetection: FDLOG,68,17830,0,{"type": 0, "name": "INVOKE", "code": 0, "data": {"model": {"id": 1, "type": 0, "address": 4194304, "size": 0}, "algorithm": {"type": 3, "categroy": 1, "input_from": 1, "config": {"tscore": 26, "tiou": 35}}, "sensor": {"id": 1, "type": 1, "state": 1, "opt_id": 0, "opt_detail": "240x240 Auto"}}}[0m
[0;32mI (18039) FallDetection: FDSTACK_FREE,2620[0m
[0;32mI (18099) FallDetection: FDLOG,69,17910,0,{"type": 1, "name": "INVOKE", "code": 0, "data": {"count": 1, "perf": [7, 48, 0], "boxes": [[211, 141, 70, 115, 58, 0]], "resolution": [240, 240]}}[0m
[0;32mI (18189) FallDetection: FDPOLL,18000[0m
[0;32mI (18249) FallDetection: FDLOG,70,18060,0,{"type": 0, "name": "INVOKE", "code": 0, "data": {"model": {"id": 1, "type": 0, "address": 4194304, "size": 0}, "algorithm": {"type": 3, "categroy": 1, "input_from": 1, "config": {"tscore": 26, "tiou": 35}}, "sensor": {"id": 1, "type": 1, "state": 1, "opt_id": 0, "opt_detail": "240x240 Auto"}}}[0m
[0;32mI (18329) FallDetection: FDLOG,71,18140,0,{"type": 1, "name": "INVOKE", "code": 0, "data": {"count": 1, "perf": [7, 48, 0], "boxes": [[211, 136, 57, 115, 62, 0]], "resolution": [240, 240]}}[0m
[0;32mI (18409) FallDetection: FDPOLL,18220[0m
[0;32mI (18479) FallDetection: FDLOG,72,18290,0,{"type": 0, "name": "INVOKE", "code": 0, "data": {"model": {"id": 1, "type": 0, "address": 4194304, "size": 0}, "algorithm": {"type": 3, "categroy": 1, "input_from": 1, "config": {"tscore": 26, "tiou": 35}}, "sensor": {"id": 1, "type": 1, "state": 1, "opt_id": 0, "opt_detail": "240x240 Auto"}}}[0m
[0;32mI (18559) FallDetection: FDLOG,73,18370,0,{"type": 1, "name": "INVOKE", "code": 0, "data": {"count": 1, "perf": [7, 48, 0], "boxes": [[211, 133, 70, 151, 50, 0]], "resolution": [240, 240]}}[0m
[0;32mI (18639) FallDetection: FDPOLL,18450[0m
[0;32mI (18689) FallDetection: FDLOG,74,18500,0,{"type": 0, "name": "INVOKE", "code": 0, "data": {"model": {"id": 1, "type": 0, "address": 4194304, "size": 0}, "algorithm": {"type": 3, "categroy": 1, "input_from": 1, "config": {"tscore": 26, "tiou": 35}}, "sensor": {"id": 1, "type": 1, "state": 1, "opt_id": 0, "opt_detail": "240x240 Auto"}}}[0m
[0;32mI (18769) FallDetection: FDLOG,75,18580,0,{"type": 1, "name": "INVOKE", "code": 0, "data": {"count": 1, "perf": [7, 48, 0], "boxes": [[209, 133, 62, 120, 41, 0]], "resolution": [240, 240]}}[0m
[0;32mI (18819) Application: << How can I help you today?[0m
[0;32mI (18849) FallDetection: FDPOLL,18660[0m
[0;32mI (18919) FallDetection: FDLOG,76,18730,0,{"type": 0, "name": "INVOKE", "code": 0, "data": {"model": {"id": 1, "type": 0, "address": 4194304, "size": 0}, "algorithm": {"type": 3, "categroy": 1, "input_from": 1, "config": {"tscore": 26, "tiou": 35}}, "sensor": {"id": 1, "type": 1, "state": 1, "opt_id": 0, "opt_detail": "240x240 Auto"}}}[0m
[0;32mI (18999) FallDetection: FDLOG,77,18810,0,{"type": 1, "name": "INVOKE", "code": 0, "data": {"count": 1, "perf": [7, 48, 0], "boxes": [[211, 138, 60, 130, 66, 0]], "resolution": [240, 240]}}[0m
[0;32mI (19059) FallDetection: FDSTACK_FREE,2620[0m
[0;32mI (19069) FallDetection: FDPOLL,18880[0m
[0;32mI (19129) FallDetection: FDLOG,78,18940,0,{"type": 0, "name": "INVOKE", "code": 0, "data": {"model": {"id": 1, "type": 0, "address": 4194304, "size": 0}, "algorithm": {"type": 3, "categroy": 1, "input_from": 1, "config": {"tscore": 26, "tiou": 35}}, "sensor": {"id": 1, "type": 1, "state": 1, "opt_id": 0, "opt_detail": "240x240 Auto"}}}[0m
[0;32mI (19209) FallDetection: FDLOG,79,19020,0,{"type": 1, "name": "INVOKE", "code": 0, "data": {"count": 1, "perf": [7, 48, 0], "boxes": [[18, 107, 31, 227, 56, 0], [211, 141, 47, 115, 58, 0]], "resolution": [240, 240]}}[0m
[0;32mI (19219) FallDetection: FDEVT,3,Upright,Descending,19020,vy=0.11,vh=-0.38,drop=0.03,r=0.41[0m
[0;32mI (19299) FallDetection: FDPOLL,19110[0m
[0;32mI (19379) FallDetection: FDLOG,80,19190,0,{"type": 0, "name": "INVOKE", "code": 0, "data": {"model": {"id": 1, "type": 0, "address": 4194304, "size": 0}, "algorithm": {"type": 3, "categroy": 1, "input_from": 1, "config": {"tscore": 26, "tiou": 35}}, "sensor": {"id": 1, "type": 1, "state": 1, "opt_id": 0, "opt_detail": "240x240 Auto"}}}[0m
[0;32mI (19459) FallDetection: FDLOG,81,19270,0,{"type": 1, "name": "INVOKE", "code": 0, "data": {"count": 1, "perf": [7, 48, 0], "boxes": [[211, 141, 70, 115, 58, 0]], "resolution": [240, 240]}}[0m
[0;32mI (19539) FallDetection: FDPOLL,19350[0m
[0;32mI (19589) FallDetection: FDLOG,82,19400,0,{"type": 0, "name": "INVOKE", "code": 0, "data": {"model": {"id": 1, "type": 0, "address": 4194304, "size": 0}, "algorithm": {"type": 3, "categroy": 1, "input_from": 1, "config": {"tscore": 26, "tiou": 35}}, "sensor": {"id": 1, "type": 1, "state": 1, "opt_id": 0, "opt_detail": "240x240 Auto"}}}[0m
[0;32mI (19669) FallDetection: FDLOG,83,19480,0,{"type": 1, "name": "INVOKE", "code": 0, "data": {"count": 1, "perf": [7, 48, 0], "boxes": [[211, 141, 62, 120, 64, 0]], "resolution": [240, 240]}}[0m
[0;32mI (19749) FallDetection: FDPOLL,19560[0m
[0;32mI (19819) FallDetection: FDLOG,84,19630,0,{"type": 0, "name": "INVOKE", "code": 0, "data": {"model": {"id": 1, "type": 0, "address": 4194304, "size": 0}, "algorithm": {"type": 3, "categroy": 1, "input_from": 1, "config": {"tscore": 26, "tiou": 35}}, "sensor": {"id": 1, "type": 1, "state": 1, "opt_id": 0, "opt_detail": "240x240 Auto"}}}[0m
[0;32mI (19899) FallDetection: FDLOG,85,19710,0,{"type": 1, "name": "INVOKE", "code": 0, "data": {"count": 1, "perf": [7, 48, 0], "boxes": [[211, 141, 62, 120, 64, 0]], "resolution": [240, 240]}}[0m
[0;32mI (19899) FallDetection: FDEVT,3,Descending,Upright,19710,vy=0.00,vh=0.07,drop=0.03,r=0.52[0m
[0;32mI (19979) FallDetection: FDPOLL,19790[0m
[0;32mI (20049) FallDetection: FDLOG,86,19860,0,{"type": 0, "name": "INVOKE", "code": 0, "data": {"model": {"id": 1, "type": 0, "address": 4194304, "size": 0}, "algorithm": {"type": 3, "categroy": 1, "input_from": 1, "config": {"tscore": 26, "tiou": 35}}, "sensor": {"id": 1, "type": 1, "state": 1, "opt_id": 0, "opt_detail": "240x240 Auto"}}}[0m
[0;32mI (20069) FallDetection: FDSTACK_FREE,2620[0m
[0;32mI (20129) FallDetection: FDLOG,87,19940,0,{"type": 1, "name": "INVOKE", "code": 0, "data": {"count": 1, "perf": [7, 48, 0], "boxes": [[211, 141, 62, 120, 64, 0]], "resolution": [240, 240]}}[0m
[0;32mI (20209) FallDetection: FDPOLL,20020[0m
[0;32mI (20279) FallDetection: FDLOG,88,20090,0,{"type": 0, "name": "INVOKE", "code": 0, "data": {"model": {"id": 1, "type": 0, "address": 4194304, "size": 0}, "algorithm": {"type": 3, "categroy": 1, "input_from": 1, "config": {"tscore": 26, "tiou": 35}}, "sensor": {"id": 1, "type": 1, "state": 1, "opt_id": 0, "opt_detail": "240x240 Auto"}}}[0m
[0;32mI (20359) FallDetection: FDLOG,89,20170,0,{"type": 1, "name": "INVOKE", "code": 0, "data": {"count": 1, "perf": [7, 48, 0], "boxes": [[211, 141, 47, 115, 58, 0]], "resolution": [240, 240]}}[0m
[0;32mI (20439) FallDetection: FDPOLL,20250[0m
[0;32mI (20489) FallDetection: FDLOG,90,20300,0,{"type": 0, "name": "INVOKE", "code": 0, "data": {"model": {"id": 1, "type": 0, "address": 4194304, "size": 0}, "algorithm": {"type": 3, "categroy": 1, "input_from": 1, "config": {"tscore": 26, "tiou": 35}}, "sensor": {"id": 1, "type": 1, "state": 1, "opt_id": 0, "opt_detail": "240x240 Auto"}}}[0m
[0;32mI (20569) FallDetection: FDLOG,91,20380,0,{"type": 1, "name": "INVOKE", "code": 0, "data": {"count": 1, "perf": [7, 48, 0], "boxes": [[211, 141, 62, 120, 64, 0]], "resolution": [240, 240]}}[0m
[0;32mI (20619) StateMachine: State: speaking -> listening[0m
[0;32mI (20619) CompactWifiBoardLCDTouch: Sent Eye Command: 0x01[0m
[0;32mI (20699) FallDetection: FDPOLL,20510[0m
[0;32mI (20759) FallDetection: FDLOG,92,20570,0,{"type": 0, "name": "INVOKE", "code": 0, "data": {"model": {"id": 1, "type": 0, "address": 4194304, "size": 0}, "algorithm": {"type": 3, "categroy": 1, "input_from": 1, "config": {"tscore": 26, "tiou": 35}}, "sensor": {"id": 1, "type": 1, "state": 1, "opt_id": 0, "opt_detail": "240x240 Auto"}}}[0m
[0;32mI (20839) FallDetection: FDLOG,93,20650,0,{"type": 1, "name": "INVOKE", "code": 0, "data": {"count": 1, "perf": [7, 48, 0], "boxes": [[211, 141, 70, 115, 35, 0]], "resolution": [240, 240]}}[0m
[0;32mI (20919) FallDetection: FDPOLL,20730[0m
[0;32mI (20989) FallDetection: FDLOG,94,20800,0,{"type": 0, "name": "INVOKE", "code": 0, "data": {"model": {"id": 1, "type": 0, "address": 4194304, "size": 0}, "algorithm": {"type": 3, "categroy": 1, "input_from": 1, "config": {"tscore": 26, "tiou": 35}}, "sensor": {"id": 1, "type": 1, "state": 1, "opt_id": 0, "opt_detail": "240x240 Auto"}}}[0m
[0;32mI (21069) FallDetection: FDLOG,95,20880,0,{"type": 1, "name": "INVOKE", "code": 0, "data": {"count": 1, "perf": [7, 48, 0], "boxes": [[18, 130, 20, 57, 29, 0], [211, 133, 47, 115, 41, 0]], "resolution": [240, 240]}}[0m
[0;32mI (21079) FallDetection: FDSTACK_FREE,2620[0m
[0;32mI (21149) FallDetection: FDPOLL,20960[0m
[0;32mI (21219) FallDetection: FDLOG,96,21030,0,{"type": 0, "name": "INVOKE", "code": 0, "data": {"model": {"id": 1, "type": 0, "address": 4194304, "size": 0}, "algorithm": {"type": 3, "categroy": 1, "input_from": 1, "config": {"tscore": 26, "tiou": 35}}, "sensor": {"id": 1, "type": 1, "state": 1, "opt_id": 0, "opt_detail": "240x240 Auto"}}}[0m
[0;32mI (21299) FallDetection: FDLOG,97,21110,0,{"type": 1, "name": "INVOKE", "code": 0, "data": {"count": 1, "perf": [7, 48, 0], "boxes": [[211, 141, 47, 151, 50, 0]], "resolution": [240, 240]}}[0m
[0;32mI (21369) FallDetection: FDPOLL,21180[0m
[0;32mI (21429) FallDetection: FDLOG,98,21240,0,{"type": 0, "name": "INVOKE", "code": 0, "data": {"model": {"id": 1, "type": 0, "address": 4194304, "size": 0}, "algorithm": {"type": 3, "categroy": 1, "input_from": 1, "config": {"tscore": 26, "tiou": 35}}, "sensor": {"id": 1, "type": 1, "state": 1, "opt_id": 0, "opt_detail": "240x240 Auto"}}}[0m
[0;32mI (21509) FallDetection: FDLOG,99,21320,0,{"type": 1, "name": "INVOKE", "code": 0, "data": {"count": 1, "perf": [7, 48, 0], "boxes": [[211, 138, 57, 151, 43, 0]], "resolution": [240, 240]}}[0m
[0;32mI (21589) FallDetection: FDPOLL,21400[0m
[0;32mI (21659) FallDetection: FDLOG,100,21470,0,{"type": 0, "name": "INVOKE", "code": 0, "data": {"model": {"id": 1, "type": 0, "address": 4194304, "size": 0}, "algorithm": {"type": 3, "categroy": 1, "input_from": 1, "config": {"tscore": 26, "tiou": 35}}, "sensor": {"id": 1, "type": 1, "state": 1, "opt_id": 0, "opt_detail": "240x240 Auto"}}}[0m
[0;32mI (21739) FallDetection: FDLOG,101,21550,0,{"type": 1, "name": "INVOKE", "code": 0, "data": {"count": 1, "perf": [7, 48, 0], "boxes": [[20, 130, 23, 62, 29, 0], [211, 141, 70, 115, 71, 0]], "resolution": [240, 240]}}[0m
[0;32mI (21749) FallDetection: FDEVT,2,Descending,Upright,21550,vy=-0.16,vh=-0.26,drop=-0.07,r=0.37[0m
[0;32mI (21829) FallDetection: FDPOLL,21640[0m
[0;32mI (21889) FallDetection: FDLOG,102,21700,0,{"type": 0, "name": "INVOKE", "code": 0, "data": {"model": {"id": 1, "type": 0, "address": 4194304, "size": 0}, "algorithm": {"type": 3, "categroy": 1, "input_from": 1, "config": {"tscore": 26, "tiou": 35}}, "sensor": {"id": 1, "type": 1, "state": 1, "opt_id": 0, "opt_detail": "240x240 Auto"}}}[0m
[0;32mI (21969) FallDetection: FDLOG,103,21780,0,{"type": 1, "name": "INVOKE", "code": 0, "data": {"count": 1, "perf": [7, 48, 0], "boxes": [[211, 141, 62, 120, 41, 0]], "resolution": [240, 240]}}[0m
[0;32mI (22039) FallDetection: FDPOLL,21850[0m
[0;32mI (22119) FallDetection: FDLOG,104,21930,0,{"type": 0, "name": "INVOKE", "code": 0, "data": {"model": {"id": 1, "type": 0, "address": 4194304, "size": 0}, "algorithm": {"type": 3, "categroy": 1, "input_from": 1, "config": {"tscore": 26, "tiou": 35}}, "sensor": {"id": 1, "type": 1, "state": 1, "opt_id": 0, "opt_detail": "240x240 Auto"}}}[0m
[0;32mI (22139) FallDetection: FDSTACK_FREE,2620[0m
[0;32mI (22199) FallDetection: FDLOG,105,22010,0,{"type": 1, "name": "INVOKE", "code": 0, "data": {"count": 1, "perf": [7, 48, 0], "boxes": [[211, 141, 47, 151, 58, 0]], "resolution": [240, 240]}}[0m
[0;32mI (22279) FallDetection: FDPOLL,22090[0m
[0;32mI (22349) FallDetection: FDLOG,106,22160,0,{"type": 0, "name": "INVOKE", "code": 0, "data": {"model": {"id": 1, "type": 0, "address": 4194304, "size": 0}, "algorithm": {"type": 3, "categroy": 1, "input_from": 1, "config": {"tscore": 26, "tiou": 35}}, "sensor": {"id": 1, "type": 1, "state": 1, "opt_id": 0, "opt_detail": "240x240 Auto"}}}[0m
[0;32mI (22429) FallDetection: FDLOG,107,22240,0,{"type": 1, "name": "INVOKE", "code": 0, "data": {"count": 1, "perf": [7, 48, 0], "boxes": [[211, 141, 47, 115, 58, 0]], "resolution": [240, 240]}}[0m
[0;32mI (22509) FallDetection: FDPOLL,22320[0m
[0;32mI (22579) FallDetection: FDLOG,108,22390,0,{"type": 0, "name": "INVOKE", "code": 0, "data": {"model": {"id": 1, "type": 0, "address": 4194304, "size": 0}, "algorithm": {"type": 3, "categroy": 1, "input_from": 1, "config": {"tscore": 26, "tiou": 35}}, "sensor": {"id": 1, "type": 1, "state": 1, "opt_id": 0, "opt_detail": "240x240 Auto"}}}[0m
[0;32mI (22659) FallDetection: FDLOG,109,22470,0,{"type": 1, "name": "INVOKE", "code": 0, "data": {"count": 1, "perf": [7, 48, 0], "boxes": [[65, 117, 138, 240, 50, 0]], "resolution": [240, 240]}}[0m
[0;32mI (22739) FallDetection: FDPOLL,22550[0m
[0;32mI (22809) FallDetection: FDLOG,110,22620,0,{"type": 0, "name": "INVOKE", "code": 0, "data": {"model": {"id": 1, "type": 0, "address": 4194304, "size": 0}, "algorithm": {"type": 3, "categroy": 1, "input_from": 1, "config": {"tscore": 26, "tiou": 35}}, "sensor": {"id": 1, "type": 1, "state": 1, "opt_id": 0, "opt_detail": "240x240 Auto"}}}[0m
[0;32mI (22889) FallDetection: FDLOG,111,22700,0,{"type": 1, "name": "INVOKE", "code": 0, "data": {"count": 1, "perf": [7, 48, 0], "boxes": [], "resolution": [240, 240]}}[0m
[0;32mI (22969) FallDetection: FDPOLL,22780[0m
[0;32mI (23039) FallDetection: FDLOG,112,22850,0,{"type": 0, "name": "INVOKE", "code": 0, "data": {"model": {"id": 1, "type": 0, "address": 4194304, "size": 0}, "algorithm": {"type": 3, "categroy": 1, "input_from": 1, "config": {"tscore": 26, "tiou": 35}}, "sensor": {"id": 1, "type": 1, "state": 1, "opt_id": 0, "opt_detail": "240x240 Auto"}}}[0m
[0;32mI (23119) FallDetection: FDLOG,113,22930,0,{"type": 1, "name": "INVOKE", "code": 0, "data": {"count": 1, "perf": [7, 48, 0], "boxes": [[65, 122, 149, 196, 29, 0]], "resolution": [240, 240]}}[0m
[0;32mI (23189) FallDetection: FDSTACK_FREE,2620[0m
[0;32mI (23199) FallDetection: FDPOLL,23010[0m
[0;32mI (23269) FallDetection: FDLOG,114,23080,0,{"type": 0, "name": "INVOKE", "code": 0, "data": {"model": {"id": 1, "type": 0, "address": 4194304, "size": 0}, "algorithm": {"type": 3, "categroy": 1, "input_from": 1, "config": {"tscore": 26, "tiou": 35}}, "sensor": {"id": 1, "type": 1, "state": 1, "opt_id": 0, "opt_detail": "240x240 Auto"}}}[0m
[0;32mI (23339) FallDetection: FDLOG,115,23150,0,{"type": 1, "name": "INVOKE", "code": 0, "data": {"count": 1, "perf": [7, 48, 0], "boxes": [[20, 112, 47, 235, 41, 0]], "resolution": [240, 240]}}[0m
[0;32mI (23419) FallDetection: FDPOLL,23230[0m
[0;32mI (23499) FallDetection: FDLOG,116,23310,0,{"type": 0, "name": "INVOKE", "code": 0, "data": {"model": {"id": 1, "type": 0, "address": 4194304, "size": 0}, "algorithm": {"type": 3, "categroy": 1, "input_from": 1, "config": {"tscore": 26, "tiou": 35}}, "sensor": {"id": 1, "type": 1, "state": 1, "opt_id": 0, "opt_detail": "240x240 Auto"}}}[0m
[0;32mI (23579) FallDetection: FDLOG,117,23390,0,{"type": 1, "name": "INVOKE", "code": 0, "data": {"count": 1, "perf": [7, 48, 0], "boxes": [[18, 122, 31, 227, 50, 0], [211, 141, 47, 115, 58, 0]], "resolution": [240, 240]}}[0m
[0;32mI (23659) FallDetection: FDPOLL,23470[0m
[0;32mI (23729) FallDetection: FDLOG,118,23540,0,{"type": 0, "name": "INVOKE", "code": 0, "data": {"model": {"id": 1, "type": 0, "address": 4194304, "size": 0}, "algorithm": {"type": 3, "categroy": 1, "input_from": 1, "config": {"tscore": 26, "tiou": 35}}, "sensor": {"id": 1, "type": 1, "state": 1, "opt_id": 0, "opt_detail": "240x240 Auto"}}}[0m
[0;32mI (23809) FallDetection: FDLOG,119,23620,0,{"type": 1, "name": "INVOKE", "code": 0, "data": {"count": 1, "perf": [7, 48, 0], "boxes": [[18, 130, 23, 62, 33, 0], [211, 141, 62, 120, 29, 0]], "resolution": [240, 240]}}[0m
[0;32mI (23889) FallDetection: FDPOLL,23700[0m
[0;32mI (23959) FallDetection: FDLOG,120,23770,0,{"type": 0, "name": "INVOKE", "code": 0, "data": {"model": {"id": 1, "type": 0, "address": 4194304, "size": 0}, "algorithm": {"type": 3, "categroy": 1, "input_from": 1, "config": {"tscore": 26, "tiou": 35}}, "sensor": {"id": 1, "type": 1, "state": 1, "opt_id": 0, "opt_detail": "240x240 Auto"}}}[0m
[0;32mI (24039) FallDetection: FDLOG,121,23850,0,{"type": 1, "name": "INVOKE", "code": 0, "data": {"count": 1, "perf": [7, 48, 0], "boxes": [[211, 141, 47, 115, 29, 0]], "resolution": [240, 240]}}[0m
[0;32mI (24119) FallDetection: FDPOLL,23930[0m
[0;32mI (24189) FallDetection: FDLOG,122,24000,0,{"type": 0, "name": "INVOKE", "code": 0, "data": {"model": {"id": 1, "type": 0, "address": 4194304, "size": 0}, "algorithm": {"type": 3, "categroy": 1, "input_from": 1, "config": {"tscore": 26, "tiou": 35}}, "sensor": {"id": 1, "type": 1, "state": 1, "opt_id": 0, "opt_detail": "240x240 Auto"}}}[0m
[0;32mI (24209) FallDetection: FDSTACK_FREE,2620[0m
[0;32mI (24269) FallDetection: FDLOG,123,24080,0,{"type": 1, "name": "INVOKE", "code": 0, "data": {"count": 1, "perf": [7, 48, 0], "boxes": [[211, 143, 57, 115, 43, 0]], "resolution": [240, 240]}}[0m
[0;32mI (24349) FallDetection: FDPOLL,24160[0m
[0;32mI (24419) FallDetection: FDLOG,124,24230,0,{"type": 0, "name": "INVOKE", "code": 0, "data": {"model": {"id": 1, "type": 0, "address": 4194304, "size": 0}, "algorithm": {"type": 3, "categroy": 1, "input_from": 1, "config": {"tscore": 26, "tiou": 35}}, "sensor": {"id": 1, "type": 1, "state": 1, "opt_id": 0, "opt_detail": "240x240 Auto"}}}[0m
[0;32mI (24499) FallDetection: FDLOG,125,24310,0,{"type": 1, "name": "INVOKE", "code": 0, "data": {"count": 1, "perf": [7, 48, 0], "boxes": [[211, 141, 47, 115, 35, 0]], "resolution": [240, 240]}}[0m
[0;32mI (24579) FallDetection: FDPOLL,24390[0m
[0;32mI (24649) FallDetection: FDLOG,126,24460,0,{"type": 0, "name": "INVOKE", "code": 0, "data": {"model": {"id": 1, "type": 0, "address": 4194304, "size": 0}, "algorithm": {"type": 3, "categroy": 1, "input_from": 1, "config": {"tscore": 26, "tiou": 35}}, "sensor": {"id": 1, "type": 1, "state": 1, "opt_id": 0, "opt_detail": "240x240 Auto"}}}[0m
[0;32mI (24719) FallDetection: FDLOG,127,24530,0,{"type": 1, "name": "INVOKE", "code": 0, "data": {"count": 1, "perf": [7, 48, 0], "boxes": [[211, 141, 47, 115, 50, 0]], "resolution": [240, 240]}}[0m
[0;32mI (24799) FallDetection: FDPOLL,24610[0m
[0;32mI (24879) FallDetection: FDLOG,128,24690,0,{"type": 0, "name": "INVOKE", "code": 0, "data": {"model": {"id": 1, "type": 0, "address": 4194304, "size": 0}, "algorithm": {"type": 3, "categroy": 1, "input_from": 1, "config": {"tscore": 26, "tiou": 35}}, "sensor": {"id": 1, "type": 1, "state": 1, "opt_id": 0, "opt_detail": "240x240 Auto"}}}[0m
[0;32mI (24959) FallDetection: FDLOG,129,24770,0,{"type": 1, "name": "INVOKE", "code": 0, "data": {"count": 1, "perf": [7, 48, 0], "boxes": [], "resolution": [240, 240]}}[0m
[0;32mI (25029) FallDetection: FDPOLL,24840[0m
[0;32mI (25089) FallDetection: FDLOG,130,24900,0,{"type": 0, "name": "INVOKE", "code": 0, "data": {"model": {"id": 1, "type": 0, "address": 4194304, "size": 0}, "algorithm": {"type": 3, "categroy": 1, "input_from": 1, "config": {"tscore": 26, "tiou": 35}}, "sensor": {"id": 1, "type": 1, "state": 1, "opt_id": 0, "opt_detail": "240x240 Auto"}}}[0m
[0;32mI (25169) FallDetection: FDLOG,131,24980,0,{"type": 1, "name": "INVOKE", "code": 0, "data": {"count": 1, "perf": [7, 48, 0], "boxes": [[211, 141, 57, 115, 43, 0]], "resolution": [240, 240]}}[0m
[0;32mI (25239) FallDetection: FDSTACK_FREE,2620[0m
[0;32mI (25249) FallDetection: FDPOLL,25060[0m
[0;32mI (25319) FallDetection: FDLOG,132,25130,0,{"type": 0, "name": "INVOKE", "code": 0, "data": {"model": {"id": 1, "type": 0, "address": 4194304, "size": 0}, "algorithm": {"type": 3, "categroy": 1, "input_from": 1, "config": {"tscore": 26, "tiou": 35}}, "sensor": {"id": 1, "type": 1, "state": 1, "opt_id": 0, "opt_detail": "240x240 Auto"}}}[0m
[0;32mI (25399) FallDetection: FDLOG,133,25210,0,{"type": 1, "name": "INVOKE", "code": 0, "data": {"count": 1, "perf": [7, 48, 0], "boxes": [], "resolution": [240, 240]}}[0m
[0;32mI (25469) FallDetection: FDPOLL,25280[0m
[0;32mI (25529) FallDetection: FDLOG,134,25340,0,{"type": 0, "name": "INVOKE", "code": 0, "data": {"model": {"id": 1, "type": 0, "address": 4194304, "size": 0}, "algorithm": {"type": 3, "categroy": 1, "input_from": 1, "config": {"tscore": 26, "tiou": 35}}, "sensor": {"id": 1, "type": 1, "state": 1, "opt_id": 0, "opt_detail": "240x240 Auto"}}}[0m
[0;32mI (25609) FallDetection: FDLOG,135,25420,0,{"type": 1, "name": "INVOKE", "code": 0, "data": {"count": 1, "perf": [7, 48, 0], "boxes": [], "resolution": [240, 240]}}[0m
[0;32mI (25679) FallDetection: FDPOLL,25490[0m
[0;32mI (25759) FallDetection: FDLOG,136,25570,0,{"type": 0, "name": "INVOKE", "code": 0, "data": {"model": {"id": 1, "type": 0, "address": 4194304, "size": 0}, "algorithm": {"type": 3, "categroy": 1, "input_from": 1, "config": {"tscore": 26, "tiou": 35}}, "sensor": {"id": 1, "type": 1, "state": 1, "opt_id": 0, "opt_detail": "240x240 Auto"}}}[0m
[0;32mI (25839) FallDetection: FDLOG,137,25650,0,{"type": 1, "name": "INVOKE", "code": 0, "data": {"count": 1, "perf": [7, 48, 0], "boxes": [[211, 141, 57, 115, 43, 0]], "resolution": [240, 240]}}[0m
[0;32mI (25919) FallDetection: FDPOLL,25730[0m
[0;32mI (25989) FallDetection: FDLOG,138,25800,0,{"type": 0, "name": "INVOKE", "code": 0, "data": {"model": {"id": 1, "type": 0, "address": 4194304, "size": 0}, "algorithm": {"type": 3, "categroy": 1, "input_from": 1, "config": {"tscore": 26, "tiou": 35}}, "sensor": {"id": 1, "type": 1, "state": 1, "opt_id": 0, "opt_detail": "240x240 Auto"}}}[0m
[0;32mI (26069) FallDetection: FDLOG,139,25880,0,{"type": 1, "name": "INVOKE", "code": 0, "data": {"count": 1, "perf": [7, 48, 0], "boxes": [[211, 141, 47, 115, 50, 0]], "resolution": [240, 240]}}[0m
[0;32mI (26149) FallDetection: FDPOLL,25960[0m
[0;32mI (26219) FallDetection: FDLOG,140,26030,0,{"type": 0, "name": "INVOKE", "code": 0, "data": {"model": {"id": 1, "type": 0, "address": 4194304, "size": 0}, "algorithm": {"type": 3, "categroy": 1, "input_from": 1, "config": {"tscore": 26, "tiou": 35}}, "sensor": {"id": 1, "type": 1, "state": 1, "opt_id": 0, "opt_detail": "240x240 Auto"}}}[0m
[0;32mI (26239) FallDetection: FDSTACK_FREE,2620[0m
[0;32mI (26299) FallDetection: FDLOG,141,26110,0,{"type": 1, "name": "INVOKE", "code": 0, "data": {"count": 1, "perf": [7, 48, 0], "boxes": [], "resolution": [240, 240]}}[0m
[0;32mI (26369) FallDetection: FDPOLL,26180[0m
[0;32mI (26429) FallDetection: FDLOG,142,26240,0,{"type": 0, "name": "INVOKE", "code": 0, "data": {"model": {"id": 1, "type": 0, "address": 4194304, "size": 0}, "algorithm": {"type": 3, "categroy": 1, "input_from": 1, "config": {"tscore": 26, "tiou": 35}}, "sensor": {"id": 1, "type": 1, "state": 1, "opt_id": 0, "opt_detail": "240x240 Auto"}}}[0m
[0;32mI (26509) FallDetection: FDLOG,143,26320,0,{"type": 1, "name": "INVOKE", "code": 0, "data": {"count": 1, "perf": [7, 48, 0], "boxes": [], "resolution": [240, 240]}}[0m
[0;32mI (26579) FallDetection: FDPOLL,26390[0m
[0;32mI (26659) FallDetection: FDLOG,144,26470,0,{"type": 0, "name": "INVOKE", "code": 0, "data": {"model": {"id": 1, "type": 0, "address": 4194304, "size": 0}, "algorithm": {"type": 3, "categroy": 1, "input_from": 1, "config": {"tscore": 26, "tiou": 35}}, "sensor": {"id": 1, "type": 1, "state": 1, "opt_id": 0, "opt_detail": "240x240 Auto"}}}[0m
[0;32mI (26739) FallDetection: FDLOG,145,26550,0,{"type": 1, "name": "INVOKE", "code": 0, "data": {"count": 1, "perf": [7, 48, 0], "boxes": [[211, 141, 47, 115, 35, 0]], "resolution": [240, 240]}}[0m
[0;32mI (26809) FallDetection: FDPOLL,26620[0m
[0;32mI (26929) FallDetection: FDLOG,146,26740,0,{"type": 0, "name": "INVOKE", "code": 0, "data": {"model": {"id": 1, "type": 0, "address": 4194304, "size": 0}, "algorithm": {"type": 3, "categroy": 1, "input_from": 1, "config": {"tscore": 26, "tiou": 35}}, "sensor": {"id": 1, "type": 1, "state": 1, "opt_id": 0, "opt_detail": "240x240 Auto"}}}[0m
[0;32mI (26939) FallDetection: FDLOG,147,26750,0,{"type": 1, "name": "INVOKE", "code": 0, "data": {"count": 1, "perf": [7, 48, 0], "boxes": [[211, 141, 60, 130, 33, 0]], "resolution": [240, 240]}}[0m
[0;32mI (27029) FallDetection: FDPOLL,26840[0m
[0;32mI (27099) FallDetection: FDLOG,148,26910,0,{"type": 0, "name": "INVOKE", "code": 0, "data": {"model": {"id": 1, "type": 0, "address": 4194304, "size": 0}, "algorithm": {"type": 3, "categroy": 1, "input_from": 1, "config": {"tscore": 26, "tiou": 35}}, "sensor": {"id": 1, "type": 1, "state": 1, "opt_id": 0, "opt_detail": "240x240 Auto"}}}[0m
[0;32mI (27179) FallDetection: FDLOG,149,26990,0,{"type": 1, "name": "INVOKE", "code": 0, "data": {"count": 1, "perf": [7, 48, 0], "boxes": [[211, 141, 57, 115, 37, 0]], "resolution": [240, 240]}}[0m
[0;32mI (27249) FallDetection: FDSTACK_FREE,2620[0m
[0;32mI (27259) FallDetection: FDPOLL,27070[0m
[0;32mI (27329) FallDetection: FDLOG,150,27140,0,{"type": 0, "name": "INVOKE", "code": 0, "data": {"model": {"id": 1, "type": 0, "address": 4194304, "size": 0}, "algorithm": {"type": 3, "categroy": 1, "input_from": 1, "config": {"tscore": 26, "tiou": 35}}, "sensor": {"id": 1, "type": 1, "state": 1, "opt_id": 0, "opt_detail": "240x240 Auto"}}}[0m
[0;32mI (27409) FallDetection: FDLOG,151,27220,0,{"type": 1, "name": "INVOKE", "code": 0, "data": {"count": 1, "perf": [7, 48, 0], "boxes": [[211, 141, 47, 115, 35, 0]], "resolution": [240, 240]}}[0m
[0;32mI (27409) FallDetection: FDEVT,2,Upright,Init,27220,vy=-0.08,vh=-0.41,drop=-0.07,r=0.37[0m
[0;32mI (27489) FallDetection: FDPOLL,27300[0m
[0;32mI (27559) FallDetection: FDLOG,152,27370,0,{"type": 0, "name": "INVOKE", "code": 0, "data": {"model": {"id": 1, "type": 0, "address": 4194304, "size": 0}, "algorithm": {"type": 3, "categroy": 1, "input_from": 1, "config": {"tscore": 26, "tiou": 35}}, "sensor": {"id": 1, "type": 1, "state": 1, "opt_id": 0, "opt_detail": "240x240 Auto"}}}[0m
[0;32mI (27639) FallDetection: FDLOG,153,27450,0,{"type": 1, "name": "INVOKE", "code": 0, "data": {"count": 1, "perf": [7, 48, 0], "boxes": [[211, 141, 57, 115, 33, 0]], "resolution": [240, 240]}}[0m
[0;32mI (27719) FallDetection: FDPOLL,27530[0m
[0;32mI (27789) FallDetection: FDLOG,154,27600,0,{"type": 0, "name": "INVOKE", "code": 0, "data": {"model": {"id": 1, "type": 0, "address": 4194304, "size": 0}, "algorithm": {"type": 3, "categroy": 1, "input_from": 1, "config": {"tscore": 26, "tiou": 35}}, "sensor": {"id": 1, "type": 1, "state": 1, "opt_id": 0, "opt_detail": "240x240 Auto"}}}[0m
[0;32mI (27869) FallDetection: FDLOG,155,27680,0,{"type": 1, "name": "INVOKE", "code": 0, "data": {"count": 1, "perf": [7, 48, 0], "boxes": [], "resolution": [240, 240]}}[0m
[0;32mI (27939) FallDetection: FDPOLL,27750[0m
[0;32mI (28019) FallDetection: FDLOG,156,27830,0,{"type": 0, "name": "INVOKE", "code": 0, "data": {"model": {"id": 1, "type": 0, "address": 4194304, "size": 0}, "algorithm": {"type": 3, "categroy": 1, "input_from": 1, "config": {"tscore": 26, "tiou": 35}}, "sensor": {"id": 1, "type": 1, "state": 1, "opt_id": 0, "opt_detail": "240x240 Auto"}}}[0m
[0;32mI (28099) FallDetection: FDLOG,157,27910,0,{"type": 1, "name": "INVOKE", "code": 0, "data": {"count": 1, "perf": [7, 48, 0], "boxes": [[15, 102, 23, 151, 37, 0]], "resolution": [240, 240]}}[0m
[0;32mI (28179) FallDetection: FDPOLL,27990[0m
[0;32mI (28229) FallDetection: FDLOG,158,28040,0,{"type": 0, "name": "INVOKE", "code": 0, "data": {"model": {"id": 1, "type": 0, "address": 4194304, "size": 0}, "algorithm": {"type": 3, "categroy": 1, "input_from": 1, "config": {"tscore": 26, "tiou": 35}}, "sensor": {"id": 1, "type": 1, "state": 1, "opt_id": 0, "opt_detail": "240x240 Auto"}}}[0m
[0;32mI (28249) FallDetection: FDSTACK_FREE,2620[0m
[0;32mI (28309) FallDetection: FDLOG,159,28120,0,{"type": 1, "name": "INVOKE", "code": 0, "data": {"count": 1, "perf": [7, 48, 0], "boxes": [[18, 107, 31, 151, 77, 0]], "resolution": [240, 240]}}[0m
[0;32mI (28439) FallDetection: FDPOLL,28250[0m
[0;32mI (28519) FallDetection: FDLOG,160,28330,0,{"type": 0, "name": "INVOKE", "code": 0, "data": {"model": {"id": 1, "type": 0, "address": 4194304, "size": 0}, "algorithm": {"type": 3, "categroy": 1, "input_from": 1, "config": {"tscore": 26, "tiou": 35}}, "sensor": {"id": 1, "type": 1, "state": 1, "opt_id": 0, "opt_detail": "240x240 Auto"}}}[0m
[0;32mI (28599) FallDetection: FDLOG,161,28410,0,{"type": 1, "name": "INVOKE", "code": 0, "data": {"count": 1, "perf": [7, 48, 0], "boxes": [[20, 128, 41, 185, 77, 0]], "resolution": [240, 240]}}[0m
[0;32mI (28679) FallDetection: FDPOLL,28490[0m
[0;32mI (28749) FallDetection: FDLOG,162,28560,0,{"type": 0, "name": "INVOKE", "code": 0, "data": {"model": {"id": 1, "type": 0, "address": 4194304, "size": 0}, "algorithm": {"type": 3, "categroy": 1, "input_from": 1, "config": {"tscore": 26, "tiou": 35}}, "sensor": {"id": 1, "type": 1, "state": 1, "opt_id": 0, "opt_detail": "240x240 Auto"}}}[0m
[0;32mI (28829) FallDetection: FDLOG,163,28640,0,{"type": 1, "name": "INVOKE", "code": 0, "data": {"count": 1, "perf": [7, 48, 0], "boxes": [[41, 141, 94, 120, 77, 0], [211, 141, 62, 120, 29, 0]], "resolution": [240, 240]}}[0m
[0;32mI (28839) FallDetection: FDEVT,7,Init,Descending,28640,vy=0.37,vh=-0.14,drop=0.21,r=0.78[0m
[0;32mI (28919) FallDetection: FDPOLL,28730[0m
[0;32mI (28999) FallDetection: FDLOG,164,28810,0,{"type": 0, "name": "INVOKE", "code": 0, "data": {"model": {"id": 1, "type": 0, "address": 4194304, "size": 0}, "algorithm": {"type": 3, "categroy": 1, "input_from": 1, "config": {"tscore": 26, "tiou": 35}}, "sensor": {"id": 1, "type": 1, "state": 1, "opt_id": 0, "opt_detail": "240x240 Auto"}}}[0m
[0;32mI (29079) FallDetection: FDLOG,165,28890,0,{"type": 1, "name": "INVOKE", "code": 0, "data": {"count": 1, "perf": [7, 48, 0], "boxes": [[47, 164, 94, 120, 87, 0], [211, 141, 47, 115, 50, 0]], "resolution": [240, 240]}}[0m
[0;32mI (29159) FallDetection: FDPOLL,28970[0m
[0;32mI (29229) FallDetection: FDLOG,166,29040,0,{"type": 0, "name": "INVOKE", "code": 0, "data": {"model": {"id": 1, "type": 0, "address": 4194304, "size": 0}, "algorithm": {"type": 3, "categroy": 1, "input_from": 1, "config": {"tscore": 26, "tiou": 35}}, "sensor": {"id": 1, "type": 1, "state": 1, "opt_id": 0, "opt_detail": "240x240 Auto"}}}[0m
[0;32mI (29249) FallDetection: FDSTACK_FREE,2620[0m
[0;32mI (29309) FallDetection: FDLOG,167,29120,0,{"type": 1, "name": "INVOKE", "code": 0, "data": {"count": 1, "perf": [7, 48, 0], "boxes": [[20, 117, 28, 31, 33, 0], [211, 141, 57, 115, 43, 0]], "resolution": [240, 240]}}[0m
[0;32mI (29389) FallDetection: FDPOLL,29200[0m
[0;32mI (29459) FallDetection: FDLOG,168,29270,0,{"type": 0, "name": "INVOKE", "code": 0, "data": {"model": {"id": 1, "type": 0, "address": 4194304, "size": 0}, "algorithm": {"type": 3, "categroy": 1, "input_from": 1, "config": {"tscore": 26, "tiou": 35}}, "sensor": {"id": 1, "type": 1, "state": 1, "opt_id": 0, "opt_detail": "240x240 Auto"}}}[0m
[0;32mI (29539) FallDetection: FDLOG,169,29350,0,{"type": 1, "name": "INVOKE", "code": 0, "data": {"count": 1, "perf": [7, 48, 0], "boxes": [], "resolution": [240, 240]}}[0m
[0;32mI (29619) FallDetection: FDPOLL,29430[0m
[0;32mI (29669) FallDetection: FDLOG,170,29480,0,{"type": 0, "name": "INVOKE", "code": 0, "data": {"model": {"id": 1, "type": 0, "address": 4194304, "size": 0}, "algorithm": {"type": 3, "categroy": 1, "input_from": 1, "config": {"tscore": 26, "tiou": 35}}, "sensor": {"id": 1, "type": 1, "state": 1, "opt_id": 0, "opt_detail": "240x240 Auto"}}}[0m
[0;32mI (29749) FallDetection: FDLOG,171,29560,0,{"type": 1, "name": "INVOKE", "code": 0, "data": {"count": 1, "perf": [7, 48, 0], "boxes": [], "resolution": [240, 240]}}[0m
[0;32mI (29799) SystemInfo: free sram: 76495 minimal sram: 61459[0m
[0;32mI (29879) FallDetection: FDPOLL,29690[0m
[0;32mI (29959) FallDetection: FDLOG,172,29770,0,{"type": 0, "name": "INVOKE", "code": 0, "data": {"model": {"id": 1, "type": 0, "address": 4194304, "size": 0}, "algorithm": {"type": 3, "categroy": 1, "input_from": 1, "config": {"tscore": 26, "tiou": 35}}, "sensor": {"id": 1, "type": 1, "state": 1, "opt_id": 0, "opt_detail": "240x240 Auto"}}}[0m
[0;32mI (30039) FallDetection: FDLOG,173,29850,0,{"type": 1, "name": "INVOKE", "code": 0, "data": {"count": 1, "perf": [7, 48, 0], "boxes": [[94, 204, 196, 54, 58, 0]], "resolution": [240, 240]}}[0m
[0;32mI (30119) FallDetection: FDPOLL,29930[0m
[0;32mI (30189) FallDetection: FDLOG,174,30000,0,{"type": 0, "name": "INVOKE", "code": 0, "data": {"model": {"id": 1, "type": 0, "address": 4194304, "size": 0}, "algorithm": {"type": 3, "categroy": 1, "input_from": 1, "config": {"tscore": 26, "tiou": 35}}, "sensor": {"id": 1, "type": 1, "state": 1, "opt_id": 0, "opt_detail": "240x240 Auto"}}}[0m
[0;32mI (30269) FallDetection: FDLOG,175,30080,0,{"type": 1, "name": "INVOKE", "code": 0, "data": {"count": 1, "perf": [7, 48, 0], "boxes": [[94, 206, 196, 54, 71, 0]], "resolution": [240, 240]}}[0m
[0;32mI (30279) FallDetection: FDEVT,7,Descending,GroundUnconfirmed,30080,vy=0.41,vh=-0.48,drop=0.64,r=3.63[0m
[0;32mI (30279) FallDetection: FDSTACK_FREE,2620[0m
[0;32mI (30359) FallDetection: FDPOLL,30170[0m
[0;32mI (30439) FallDetection: FDLOG,176,30250,0,{"type": 0, "name": "INVOKE", "code": 0, "data": {"model": {"id": 1, "type": 0, "address": 4194304, "size": 0}, "algorithm": {"type": 3, "categroy": 1, "input_from": 1, "config": {"tscore": 26, "tiou": 35}}, "sensor": {"id": 1, "type": 1, "state": 1, "opt_id": 0, "opt_detail": "240x240 Auto"}}}[0m
[0;32mI (30519) FallDetection: FDLOG,177,30330,0,{"type": 1, "name": "INVOKE", "code": 0, "data": {"count": 1, "perf": [7, 48, 0], "boxes": [[94, 206, 196, 54, 71, 0]], "resolution": [240, 240]}}[0m
[0;32mI (30599) FallDetection: FDPOLL,30410[0m
[0;32mI (30669) FallDetection: FDLOG,178,30480,0,{"type": 0, "name": "INVOKE", "code": 0, "data": {"model": {"id": 1, "type": 0, "address": 4194304, "size": 0}, "algorithm": {"type": 3, "categroy": 1, "input_from": 1, "config": {"tscore": 26, "tiou": 35}}, "sensor": {"id": 1, "type": 1, "state": 1, "opt_id": 0, "opt_detail": "240x240 Auto"}}}[0m
[0;32mI (30749) FallDetection: FDLOG,179,30560,0,{"type": 1, "name": "INVOKE", "code": 0, "data": {"count": 1, "perf": [7, 48, 0], "boxes": [[94, 206, 196, 54, 71, 0]], "resolution": [240, 240]}}[0m
[0;32mI (30829) FallDetection: FDPOLL,30640[0m
[0;32mI (30899) FallDetection: FDLOG,180,30710,0,{"type": 0, "name": "INVOKE", "code": 0, "data": {"model": {"id": 1, "type": 0, "address": 4194304, "size": 0}, "algorithm": {"type": 3, "categroy": 1, "input_from": 1, "config": {"tscore": 26, "tiou": 35}}, "sensor": {"id": 1, "type": 1, "state": 1, "opt_id": 0, "opt_detail": "240x240 Auto"}}}[0m
[0;32mI (30979) FallDetection: FDLOG,181,30790,0,{"type": 1, "name": "INVOKE", "code": 0, "data": {"count": 1, "perf": [7, 48, 0], "boxes": [[94, 206, 196, 54, 71, 0]], "resolution": [240, 240]}}[0m
[0;32mI (31059) FallDetection: FDPOLL,30870[0m
[0;32mI (31109) FallDetection: FDLOG,182,30920,0,{"type": 0, "name": "INVOKE", "code": 0, "data": {"model": {"id": 1, "type": 0, "address": 4194304, "size": 0}, "algorithm": {"type": 3, "categroy": 1, "input_from": 1, "config": {"tscore": 26, "tiou": 35}}, "sensor": {"id": 1, "type": 1, "state": 1, "opt_id": 0, "opt_detail": "240x240 Auto"}}}[0m
[0;32mI (31189) FallDetection: FDLOG,183,31000,0,{"type": 1, "name": "INVOKE", "code": 0, "data": {"count": 1, "perf": [7, 48, 0], "boxes": [[94, 206, 196, 54, 77, 0]], "resolution": [240, 240]}}[0m
[0;32mI (31309) FallDetection: FDSTACK_FREE,2620[0m
[0;32mI (31319) FallDetection: FDPOLL,31130[0m
[0;32mI (31399) FallDetection: FDLOG,184,31210,0,{"type": 0, "name": "INVOKE", "code": 0, "data": {"model": {"id": 1, "type": 0, "address": 4194304, "size": 0}, "algorithm": {"type": 3, "categroy": 1, "input_from": 1, "config": {"tscore": 26, "tiou": 35}}, "sensor": {"id": 1, "type": 1, "state": 1, "opt_id": 0, "opt_detail": "240x240 Auto"}}}[0m
[0;32mI (31479) FallDetection: FDLOG,185,31290,0,{"type": 1, "name": "INVOKE", "code": 0, "data": {"count": 1, "perf": [7, 48, 0], "boxes": [[94, 206, 196, 54, 71, 0], [211, 141, 47, 115, 29, 0]], "resolution": [240, 240]}}[0m
[0;32mI (31559) FallDetection: FDPOLL,31370[0m
[0;32mI (31629) FallDetection: FDLOG,186,31440,0,{"type": 0, "name": "INVOKE", "code": 0, "data": {"model": {"id": 1, "type": 0, "address": 4194304, "size": 0}, "algorithm": {"type": 3, "categroy": 1, "input_from": 1, "config": {"tscore": 26, "tiou": 35}}, "sensor": {"id": 1, "type": 1, "state": 1, "opt_id": 0, "opt_detail": "240x240 Auto"}}}[0m
[0;32mI (31709) FallDetection: FDLOG,187,31520,0,{"type": 1, "name": "INVOKE", "code": 0, "data": {"count": 1, "perf": [7, 48, 0], "boxes": [[94, 206, 196, 54, 71, 0]], "resolution": [240, 240]}}[0m
[0;32mI (31789) FallDetection: FDPOLL,31600[0m
[0;32mI (31859) FallDetection: FDLOG,188,31670,0,{"type": 0, "name": "INVOKE", "code": 0, "data": {"model": {"id": 1, "type": 0, "address": 4194304, "size": 0}, "algorithm": {"type": 3, "categroy": 1, "input_from": 1, "config": {"tscore": 26, "tiou": 35}}, "sensor": {"id": 1, "type": 1, "state": 1, "opt_id": 0, "opt_detail": "240x240 Auto"}}}[0m
[0;32mI (31939) FallDetection: FDLOG,189,31750,0,{"type": 1, "name": "INVOKE", "code": 0, "data": {"count": 1, "perf": [7, 48, 0], "boxes": [[94, 206, 196, 54, 77, 0], [211, 138, 60, 130, 33, 0]], "resolution": [240, 240]}}[0m
[0;32mI (32019) FallDetection: FDPOLL,31830[0m
[0;32mI (32069) FallDetection: FDLOG,190,31880,0,{"type": 0, "name": "INVOKE", "code": 0, "data": {"model": {"id": 1, "type": 0, "address": 4194304, "size": 0}, "algorithm": {"type": 3, "categroy": 1, "input_from": 1, "config": {"tscore": 26, "tiou": 35}}, "sensor": {"id": 1, "type": 1, "state": 1, "opt_id": 0, "opt_detail": "240x240 Auto"}}}[0m
[0;32mI (32149) FallDetection: FDLOG,191,31960,0,{"type": 1, "name": "INVOKE", "code": 0, "data": {"count": 1, "perf": [7, 48, 0], "boxes": [[20, 128, 23, 62, 29, 0], [94, 206, 196, 54, 77, 0], [211, 141, 47, 115, 29, 0]], "resolution": [240, 240]}}[0m
[0;32mI (32229) FallDetection: FDPOLL,32040[0m
[0;32mI (32299) FallDetection: FDLOG,192,32110,0,{"type": 0, "name": "INVOKE", "code": 0, "data": {"model": {"id": 1, "type": 0, "address": 4194304, "size": 0}, "algorithm": {"type": 3, "categroy": 1, "input_from": 1, "config": {"tscore": 26, "tiou": 35}}, "sensor": {"id": 1, "type": 1, "state": 1, "opt_id": 0, "opt_detail": "240x240 Auto"}}}[0m
[0;32mI (32319) FallDetection: FDSTACK_FREE,2620[0m
[0;32mI (32379) FallDetection: FDLOG,193,32190,0,{"type": 1, "name": "INVOKE", "code": 0, "data": {"count": 1, "perf": [7, 48, 0], "boxes": [[20, 128, 23, 62, 33, 0], [94, 206, 196, 54, 77, 0]], "resolution": [240, 240]}}[0m
[0;32mI (32459) FallDetection: FDPOLL,32270[0m
[0;32mI (32529) FallDetection: FDLOG,194,32340,0,{"type": 0, "name": "INVOKE", "code": 0, "data": {"model": {"id": 1, "type": 0, "address": 4194304, "size": 0}, "algorithm": {"type": 3, "categroy": 1, "input_from": 1, "config": {"tscore": 26, "tiou": 35}}, "sensor": {"id": 1, "type": 1, "state": 1, "opt_id": 0, "opt_detail": "240x240 Auto"}}}[0m
[0;32mI (32609) FallDetection: FDLOG,195,32420,0,{"type": 1, "name": "INVOKE", "code": 0, "data": {"count": 1, "perf": [7, 48, 0], "boxes": [[94, 206, 196, 54, 77, 0], [211, 141, 62, 120, 29, 0]], "resolution": [240, 240]}}[0m
[0;32mI (32689) FallDetection: FDPOLL,32500[0m
[0;32mI (32759) FallDetection: FDLOG,196,32570,0,{"type": 0, "name": "INVOKE", "code": 0, "data": {"model": {"id": 1, "type": 0, "address": 4194304, "size": 0}, "algorithm": {"type": 3, "categroy": 1, "input_from": 1, "config": {"tscore": 26, "tiou": 35}}, "sensor": {"id": 1, "type": 1, "state": 1, "opt_id": 0, "opt_detail": "240x240 Auto"}}}[0m
[0;32mI (32839) FallDetection: FDLOG,197,32650,0,{"type": 1, "name": "INVOKE", "code": 0, "data": {"count": 1, "perf": [7, 48, 0], "boxes": [[94, 206, 196, 54, 77, 0], [211, 141, 47, 115, 50, 0]], "resolution": [240, 240]}}[0m
[0;32mI (32849) FallDetection: FDEVT,7,GroundUnconfirmed,FallConfirmed,32650,vy=0.00,vh=0.00,drop=0.64,r=3.63[0m
[0;32mI (32869) Application: Abort speaking[0m
[0;33mW (32869) FallDetection: 🚨 CRITICAL FALL DETECTED (track 7, ground_confirmed)[0m
[0;32mI (32869) CompactWifiBoardLCDTouch: Sent Eye Command: 0x04[0m
[0;32mI (32879) AudioService: Resampling audio from 16000 to 24000[0m
[0;32mI (32909) FallDetection: FDPOLL,32720[0m
[0;32mI (32969) FallDetection: FDLOG,198,32780,0,{"type": 0, "name": "INVOKE", "code": 0, "data": {"model": {"id": 1, "type": 0, "address": 4194304, "size": 0}, "algorithm": {"type": 3, "categroy": 1, "input_from": 1, "config": {"tscore": 26, "tiou": 35}}, "sensor": {"id": 1, "type": 1, "state": 1, "opt_id": 0, "opt_detail": "240x240 Auto"}}}[0m
[0;32mI (33049) FallDetection: FDLOG,199,32860,0,{"type": 1, "name": "INVOKE", "code": 0, "data": {"count": 1, "perf": [7, 48, 0], "boxes": [[94, 206, 196, 54, 77, 0], [211, 141, 47, 115, 35, 0]], "resolution": [240, 240]}}[0m
[0;32mI (33129) FallDetection: FDPOLL,32940[0m
[0;32mI (33249) FallDetection: FDLOG,200,33060,0,{"type": 0, "name": "INVOKE", "code": 0, "data": {"model": {"id": 1, "type": 0, "address": 4194304, "size": 0}, "algorithm": {"type": 3, "categroy": 1, "input_from": 1, "config": {"tscore": 26, "tiou": 35}}, "sensor": {"id": 1, "type": 1, "state": 1, "opt_id": 0, "opt_detail": "240x240 Auto"}}}[0m
[0;32mI (33269) FallDetection: FDLOG,201,33080,0,{"type": 1, "name": "INVOKE", "code": 0, "data": {"count": 1, "perf": [7, 48, 0], "boxes": [[94, 206, 196, 36, 77, 0], [211, 141, 62, 120, 29, 0]], "resolution": [240, 240]}}[0m
[0;32mI (33349) FallDetection: FDSTACK_FREE,2620[0m
[0;32mI (33359) FallDetection: FDPOLL,33170[0m
[0;32mI (33429) FallDetection: FDLOG,202,33240,0,{"type": 0, "name": "INVOKE", "code": 0, "data": {"model": {"id": 1, "type": 0, "address": 4194304, "size": 0}, "algorithm": {"type": 3, "categroy": 1, "input_from": 1, "config": {"tscore": 26, "tiou": 35}}, "sensor": {"id": 1, "type": 1, "state": 1, "opt_id": 0, "opt_detail": "240x240 Auto"}}}[0m
[0;32mI (33509) FallDetection: FDLOG,203,33320,0,{"type": 1, "name": "INVOKE", "code": 0, "data": {"count": 1, "perf": [7, 48, 0], "boxes": [[94, 206, 196, 54, 77, 0]], "resolution": [240, 240]}}[0m
[0;32mI (33589) FallDetection: FDPOLL,33400[0m
[0;32mI (33659) FallDetection: FDLOG,204,33470,0,{"type": 0, "name": "INVOKE", "code": 0, "data": {"model": {"id": 1, "type": 0, "address": 4194304, "size": 0}, "algorithm": {"type": 3, "categroy": 1, "input_from": 1, "config": {"tscore": 26, "tiou": 35}}, "sensor": {"id": 1, "type": 1, "state": 1, "opt_id": 0, "opt_detail": "240x240 Auto"}}}[0m
[0;32mI (33739) FallDetection: FDLOG,205,33550,0,{"type": 1, "name": "INVOKE", "code": 0, "data": {"count": 1, "perf": [7, 48, 0], "boxes": [[94, 206, 196, 54, 77, 0], [211, 138, 57, 115, 29, 0]], "resolution": [240, 240]}}[0m
[0;32mI (33819) FallDetection: FDPOLL,33630[0m
[0;32mI (33889) FallDetection: FDLOG,206,33700,0,{"type": 0, "name": "INVOKE", "code": 0, "data": {"model": {"id": 1, "type": 0, "address": 4194304, "size": 0}, "algorithm": {"type": 3, "categroy": 1, "input_from": 1, "config": {"tscore": 26, "tiou": 35}}, "sensor": {"id": 1, "type": 1, "state": 1, "opt_id": 0, "opt_detail": "240x240 Auto"}}}[0m
[0;32mI (33969) FallDetection: FDLOG,207,33780,0,{"type": 1, "name": "INVOKE", "code": 0, "data": {"count": 1, "perf": [7, 48, 0], "boxes": [[94, 211, 180, 41, 77, 0]], "resolution": [240, 240]}}[0m
[0;32mI (34039) FallDetection: FDPOLL,33850[0m
[0;32mI (34119) FallDetection: FDLOG,208,33930,0,{"type": 0, "name": "INVOKE", "code": 0, "data": {"model": {"id": 1, "type": 0, "address": 4194304, "size": 0}, "algorithm": {"type": 3, "categroy": 1, "input_from": 1, "config": {"tscore": 26, "tiou": 35}}, "sensor": {"id": 1, "type": 1, "state": 1, "opt_id": 0, "opt_detail": "240x240 Auto"}}}[0m
[0;32mI (34199) FallDetection: FDLOG,209,34010,0,{"type": 1, "name": "INVOKE", "code": 0, "data": {"count": 1, "perf": [7, 48, 0], "boxes": [[94, 206, 196, 54, 64, 0]], "resolution": [240, 240]}}[0m
[0;32mI (34279) FallDetection: FDPOLL,34090[0m
[0;32mI (34349) FallDetection: FDLOG,210,34160,0,{"type": 0, "name": "INVOKE", "code": 0, "data": {"model": {"id": 1, "type": 0, "address": 4194304, "size": 0}, "algorithm": {"type": 3, "categroy": 1, "input_from": 1, "config": {"tscore": 26, "tiou": 35}}, "sensor": {"id": 1, "type": 1, "state": 1, "opt_id": 0, "opt_detail": "240x240 Auto"}}}[0m
[0;32mI (34369) FallDetection: FDSTACK_FREE,2620[0m
[0;32mI (34429) FallDetection: FDLOG,211,34240,0,{"type": 1, "name": "INVOKE", "code": 0, "data": {"count": 1, "perf": [7, 48, 0], "boxes": [[94, 206, 196, 54, 50, 0]], "resolution": [240, 240]}}[0m
[0;32mI (34509) FallDetection: FDPOLL,34320[0m
[0;32mI (34629) FallDetection: FDLOG,212,34440,0,{"type": 0, "name": "INVOKE", "code": 0, "data": {"model": {"id": 1, "type": 0, "address": 4194304, "size": 0}, "algorithm": {"type": 3, "categroy": 1, "input_from": 1, "config": {"tscore": 26, "tiou": 35}}, "sensor": {"id": 1, "type": 1, "state": 1, "opt_id": 0, "opt_detail": "240x240 Auto"}}}[0m
[0;32mI (34649) FallDetection: FDLOG,213,34460,0,{"type": 1, "name": "INVOKE", "code": 0, "data": {"count": 1, "perf": [7, 48, 0], "boxes": [[94, 206, 196, 54, 50, 0]], "resolution": [240, 240]}}[0m
[0;32mI (34739) FallDetection: FDPOLL,34550[0m
[0;32mI (34809) FallDetection: FDLOG,214,34620,0,{"type": 0, "name": "INVOKE", "code": 0, "data": {"model": {"id": 1, "type": 0, "address": 4194304, "size": 0}, "algorithm": {"type": 3, "categroy": 1, "input_from": 1, "config": {"tscore": 26, "tiou": 35}}, "sensor": {"id": 1, "type": 1, "state": 1, "opt_id": 0, "opt_detail": "240x240 Auto"}}}[0m
[0;32mI (34889) FallDetection: FDLOG,215,34700,0,{"type": 1, "name": "INVOKE", "code": 0, "data": {"count": 1, "perf": [7, 48, 0], "boxes": [[96, 209, 190, 44, 62, 0]], "resolution": [240, 240]}}[0m
[0;32mI (34969) FallDetection: FDPOLL,34780[0m
[0;32mI (35039) FallDetection: FDLOG,216,34850,0,{"type": 0, "name": "INVOKE", "code": 0, "data": {"model": {"id": 1, "type": 0, "address": 4194304, "size": 0}, "algorithm": {"type": 3, "categroy": 1, "input_from": 1, "config": {"tscore": 26, "tiou": 35}}, "sensor": {"id": 1, "type": 1, "state": 1, "opt_id": 0, "opt_detail": "240x240 Auto"}}}[0m
[0;32mI (35119) FallDetection: FDLOG,217,34930,0,{"type": 1, "name": "INVOKE", "code": 0, "data": {"count": 1, "perf": [7, 48, 0], "boxes": [[99, 209, 190, 44, 43, 0]], "resolution": [240, 240]}}[0m
[0;32mI (35199) FallDetection: FDPOLL,35010[0m
[0;32mI (35269) FallDetection: FDLOG,218,35080,0,{"type": 0, "name": "INVOKE", "code": 0, "data": {"model": {"id": 1, "type": 0, "address": 4194304, "size": 0}, "algorithm": {"type": 3, "categroy": 1, "input_from": 1, "config": {"tscore": 26, "tiou": 35}}, "sensor": {"id": 1, "type": 1, "state": 1, "opt_id": 0, "opt_detail": "240x240 Auto"}}}[0m
[0;32mI (35339) FallDetection: FDLOG,219,35150,0,{"type": 1, "name": "INVOKE", "code": 0, "data": {"count": 1, "perf": [7, 48, 0], "boxes": [[94, 206, 196, 36, 58, 0]], "resolution": [240, 240]}}[0m
[0;32mI (35409) FallDetection: FDSTACK_FREE,2620[0m
[0;32mI (35419) FallDetection: FDPOLL,35230[0m
[0;32mI (35499) FallDetection: FDLOG,220,35310,0,{"type": 0, "name": "INVOKE", "code": 0, "data": {"model": {"id": 1, "type": 0, "address": 4194304, "size": 0}, "algorithm": {"type": 3, "categroy": 1, "input_from": 1, "config": {"tscore": 26, "tiou": 35}}, "sensor": {"id": 1, "type": 1, "state": 1, "opt_id": 0, "opt_detail": "240x240 Auto"}}}[0m
[0;32mI (35579) FallDetection: FDLOG,221,35390,0,{"type": 1, "name": "INVOKE", "code": 0, "data": {"count": 1, "perf": [7, 48, 0], "boxes": [[94, 206, 196, 54, 50, 0]], "resolution": [240, 240]}}[0m
[0;32mI (35659) FallDetection: FDPOLL,35470[0m
[0;32mI (35729) FallDetection: FDLOG,222,35540,0,{"type": 0, "name": "INVOKE", "code": 0, "data": {"model": {"id": 1, "type": 0, "address": 4194304, "size": 0}, "algorithm": {"type": 3, "categroy": 1, "input_from": 1, "config": {"tscore": 26, "tiou": 35}}, "sensor": {"id": 1, "type": 1, "state": 1, "opt_id": 0, "opt_detail": "240x240 Auto"}}}[0m
[0;32mI (35799) FallDetection: FDLOG,223,35610,0,{"type": 1, "name": "INVOKE", "code": 0, "data": {"count": 1, "perf": [7, 48, 0], "boxes": [[94, 206, 196, 54, 58, 0]], "resolution": [240, 240]}}[0m
[0;32mI (35879) FallDetection: FDPOLL,35690[0m
[0;32mI (35959) FallDetection: FDLOG,224,35770,0,{"type": 0, "name": "INVOKE", "code": 0, "data": {"model": {"id": 1, "type": 0, "address": 4194304, "size": 0}, "algorithm": {"type": 3, "categroy": 1, "input_from": 1, "config": {"tscore": 26, "tiou": 35}}, "sensor": {"id": 1, "type": 1, "state": 1, "opt_id": 0, "opt_detail": "240x240 Auto"}}}[0m
[0;32mI (36039) FallDetection: FDLOG,225,35850,0,{"type": 1, "name": "INVOKE", "code": 0, "data": {"count": 1, "perf": [7, 48, 0], "boxes": [[94, 206, 196, 54, 64, 0]], "resolution": [240, 240]}}[0m
[0;32mI (36119) FallDetection: FDPOLL,35930[0m
[0;32mI (36189) FallDetection: FDLOG,226,36000,0,{"type": 0, "name": "INVOKE", "code": 0, "data": {"model": {"id": 1, "type": 0, "address": 4194304, "size": 0}, "algorithm": {"type": 3, "categroy": 1, "input_from": 1, "config": {"tscore": 26, "tiou": 35}}, "sensor": {"id": 1, "type": 1, "state": 1, "opt_id": 0, "opt_detail": "240x240 Auto"}}}[0m
[0;32mI (36269) FallDetection: FDLOG,227,36080,0,{"type": 1, "name": "INVOKE", "code": 0, "data": {"count": 1, "perf": [7, 48, 0], "boxes": [[94, 206, 196, 54, 71, 0]], "resolution": [240, 240]}}[0m
[0;32mI (36349) FallDetection: FDPOLL,36160[0m
[0;32mI (36419) FallDetection: FDLOG,228,36230,0,{"type": 0, "name": "INVOKE", "code": 0, "data": {"model": {"id": 1, "type": 0, "address": 4194304, "size": 0}, "algorithm": {"type": 3, "categroy": 1, "input_from": 1, "config": {"tscore": 26, "tiou": 35}}, "sensor": {"id": 1, "type": 1, "state": 1, "opt_id": 0, "opt_detail": "240x240 Auto"}}}[0m
[0;32mI (36439) FallDetection: FDSTACK_FREE,2620[0m
[0;32mI (36499) FallDetection: FDLOG,229,36310,0,{"type": 1, "name": "INVOKE", "code": 0, "data": {"count": 1, "perf": [7, 48, 0], "boxes": [[94, 204, 196, 54, 58, 0]], "resolution": [240, 240]}}[0m
[0;32mI (36579) FallDetection: FDPOLL,36390[0m
[0;32mI (36649) FallDetection: FDLOG,230,36460,0,{"type": 0, "name": "INVOKE", "code": 0, "data": {"model": {"id": 1, "type": 0, "address": 4194304, "size": 0}, "algorithm": {"type": 3, "categroy": 1, "input_from": 1, "config": {"tscore": 26, "tiou": 35}}, "sensor": {"id": 1, "type": 1, "state": 1, "opt_id": 0, "opt_detail": "240x240 Auto"}}}[0m
[0;32mI (36719) FallDetection: FDLOG,231,36530,0,{"type": 1, "name": "INVOKE", "code": 0, "data": {"count": 1, "perf": [7, 48, 0], "boxes": [], "resolution": [240, 240]}}[0m
[0;32mI (36789) FallDetection: FDPOLL,36600[0m
[0;32mI (36859) FallDetection: FDLOG,232,36670,0,{"type": 0, "name": "INVOKE", "code": 0, "data": {"model": {"id": 1, "type": 0, "address": 4194304, "size": 0}, "algorithm": {"type": 3, "categroy": 1, "input_from": 1, "config": {"tscore": 26, "tiou": 35}}, "sensor": {"id": 1, "type": 1, "state": 1, "opt_id": 0, "opt_detail": "240x240 Auto"}}}[0m
[0;32mI (36949) FallDetection: FDLOG,233,36760,0,{"type": 1, "name": "INVOKE", "code": 0, "data": {"count": 1, "perf": [7, 48, 0], "boxes": [], "resolution": [240, 240]}}[0m
[0;32mI (37019) FallDetection: FDPOLL,36830[0m
[0;32mI (37089) FallDetection: FDLOG,234,36900,0,{"type": 0, "name": "INVOKE", "code": 0, "data": {"model": {"id": 1, "type": 0, "address": 4194304, "size": 0}, "algorithm": {"type": 3, "categroy": 1, "input_from": 1, "config": {"tscore": 26, "tiou": 35}}, "sensor": {"id": 1, "type": 1, "state": 1, "opt_id": 0, "opt_detail": "240x240 Auto"}}}[0m
[0;32mI (37169) FallDetection: FDLOG,235,36980,0,{"type": 1, "name": "INVOKE", "code": 0, "data": {"count": 1, "perf": [7, 48, 0], "boxes": [], "resolution": [240, 240]}}[0m
[0;32mI (37169) FallDetection: FDEVT,3,Upright,Init,36980,vy=-0.03,vh=0.00,drop=-0.02,r=0.50[0m
[0;32mI (37249) FallDetection: FDPOLL,37060[0m
[0;32mI (37319) FallDetection: FDLOG,236,37130,0,{"type": 0, "name": "INVOKE", "code": 0, "data": {"model": {"id": 1, "type": 0, "address": 4194304, "size": 0}, "algorithm": {"type": 3, "categroy": 1, "input_from": 1, "config": {"tscore": 26, "tiou": 35}}, "sensor": {"id": 1, "type": 1, "state": 1, "opt_id": 0, "opt_detail": "240x240 Auto"}}}[0m
[0;32mI (37399) FallDetection: FDLOG,237,37210,0,{"type": 1, "name": "INVOKE", "code": 0, "data": {"count": 1, "perf": [7, 48, 0], "boxes": [], "resolution": [240, 240]}}[0m
[0;32mI (37459) FallDetection: FDSTACK_FREE,2620[0m
[0;32mI (37469) FallDetection: FDPOLL,37280[0m
[0;32mI (37589) FallDetection: FDLOG,238,37400,0,{"type": 0, "name": "INVOKE", "code": 0, "data": {"model": {"id": 1, "type": 0, "address": 4194304, "size": 0}, "algorithm": {"type": 3, "categroy": 1, "input_from": 1, "config": {"tscore": 26, "tiou": 35}}, "sensor": {"id": 1, "type": 1, "state": 1, "opt_id": 0, "opt_detail": "240x240 Auto"}}}[0m
[0;32mI (37609) FallDetection: FDLOG,239,37420,0,{"type": 1, "name": "INVOKE", "code": 0, "data": {"count": 1, "perf": [7, 48, 0], "boxes": [[94, 180, 138, 78, 58, 0]], "resolution": [240, 240]}}[0m
[0;32mI (37699) FallDetection: FDPOLL,37510[0m
[0;32mI (37779) FallDetection: FDLOG,240,37590,0,{"type": 0, "name": "INVOKE", "code": 0, "data": {"model": {"id": 1, "type": 0, "address": 4194304, "size": 0}, "algorithm": {"type": 3, "categroy": 1, "input_from": 1, "config": {"tscore": 26, "tiou": 35}}, "sensor": {"id": 1, "type": 1, "state": 1, "opt_id": 0, "opt_detail": "240x240 Auto"}}}[0m
[0;32mI (37859) FallDetection: FDLOG,241,37670,0,{"type": 1, "name": "INVOKE", "code": 0, "data": {"count": 1, "perf": [7, 48, 0], "boxes": [[20, 130, 23, 62, 43, 0], [88, 188, 138, 78, 83, 0]], "resolution": [240, 240]}}[0m
[0;32mI (37939) FallDetection: FDPOLL,37750[0m
[0;32mI (38009) FallDetection: FDLOG,242,37820,0,{"type": 0, "name": "INVOKE", "code": 0, "data": {"model": {"id": 1, "type": 0, "address": 4194304, "size": 0}, "algorithm": {"type": 3, "categroy": 1, "input_from": 1, "config": {"tscore": 26, "tiou": 35}}, "sensor": {"id": 1, "type": 1, "state": 1, "opt_id": 0, "opt_detail": "240x240 Auto"}}}[0m
[0;32mI (38089) FallDetection: FDLOG,243,37900,0,{"type": 1, "name": "INVOKE", "code": 0, "data": {"count": 1, "perf": [7, 48, 0], "boxes": [[107, 188, 138, 78, 50, 0]], "resolution": [240, 240]}}[0m
[0;32mI (38159) FallDetection: FDPOLL,37970[0m
[0;32mI (38239) FallDetection: FDLOG,244,38050,0,{"type": 0, "name": "INVOKE", "code": 0, "data": {"model": {"id": 1, "type": 0, "address": 4194304, "size": 0}, "algorithm": {"type": 3, "categroy": 1, "input_from": 1, "config": {"tscore": 26, "tiou": 35}}, "sensor": {"id": 1, "type": 1, "state": 1, "opt_id": 0, "opt_detail": "240x240 Auto"}}}[0m
[0;32mI (38319) FallDetection: FDLOG,245,38130,0,{"type": 1, "name": "INVOKE", "code": 0, "data": {"count": 1, "perf": [7, 48, 0], "boxes": [[20, 128, 20, 57, 29, 0], [107, 193, 94, 78, 77, 0], [211, 138, 57, 115, 33, 0]], "resolution": [240, 240]}}[0m
[0;32mI (38399) FallDetection: FDPOLL,38210[0m
[0;32mI (38469) FallDetection: FDLOG,246,38280,0,{"type": 0, "name": "INVOKE", "code": 0, "data": {"model": {"id": 1, "type": 0, "address": 4194304, "size": 0}, "algorithm": {"type": 3, "categroy": 1, "input_from": 1, "config": {"tscore": 26, "tiou": 35}}, "sensor": {"id": 1, "type": 1, "state": 1, "opt_id": 0, "opt_detail": "240x240 Auto"}}}[0m
[0;32mI (38489) FallDetection: FDSTACK_FREE,2620[0m
[0;32mI (38549) FallDetection: FDLOG,247,38360,0,{"type": 1, "name": "INVOKE", "code": 0, "data": {"count": 1, "perf": [7, 48, 0], "boxes": [[18, 130, 23, 62, 29, 0], [107, 193, 138, 78, 77, 0]], "resolution": [240, 240]}}[0m
[0;32mI (38629) FallDetection: FDPOLL,38440[0m
[0;32mI (38699) FallDetection: FDLOG,248,38510,0,{"type": 0, "name": "INVOKE", "code": 0, "data": {"model": {"id": 1, "type": 0, "address": 4194304, "size": 0}, "algorithm": {"type": 3, "categroy": 1, "input_from": 1, "config": {"tscore": 26, "tiou": 35}}, "sensor": {"id": 1, "type": 1, "state": 1, "opt_id": 0, "opt_detail": "240x240 Auto"}}}[0m
[0;32mI (38779) FallDetection: FDLOG,249,38590,0,{"type": 1, "name": "INVOKE", "code": 0, "data": {"count": 1, "perf": [7, 48, 0], "boxes": [[20, 130, 23, 62, 43, 0], [99, 188, 94, 120, 58, 0]], "resolution": [240, 240]}}[0m
[0;32mI (38859) FallDetection: FDPOLL,38670[0m
[0;32mI (38989) FallDetection: FDLOG,250,38800,0,{"type": 0, "name": "INVOKE", "code": 0, "data": {"model": {"id": 1, "type": 0, "address": 4194304, "size": 0}, "algorithm": {"type": 3, "categroy": 1, "input_from": 1, "config": {"tscore": 26, "tiou": 35}}, "sensor": {"id": 1, "type": 1, "state": 1, "opt_id": 0, "opt_detail": "240x240 Auto"}}}[0m
[0;32mI (39009) FallDetection: FDLOG,251,38820,0,{"type": 1, "name": "INVOKE", "code": 0, "data": {"count": 1, "perf": [7, 48, 0], "boxes": [[20, 130, 23, 62, 50, 0], [88, 156, 94, 177, 77, 0]], "resolution": [240, 240]}}[0m
[0;32mI (39089) FallDetection: FDPOLL,38900[0m
[0;32mI (39159) FallDetection: FDLOG,252,38970,0,{"type": 0, "name": "INVOKE", "code": 0, "data": {"model": {"id": 1, "type": 0, "address": 4194304, "size": 0}, "algorithm": {"type": 3, "categroy": 1, "input_from": 1, "config": {"tscore": 26, "tiou": 35}}, "sensor": {"id": 1, "type": 1, "state": 1, "opt_id": 0, "opt_detail": "240x240 Auto"}}}[0m
[0;32mI (39239) FallDetection: FDLOG,253,39050,0,{"type": 1, "name": "INVOKE", "code": 0, "data": {"count": 1, "perf": [7, 48, 0], "boxes": [[18, 130, 31, 62, 43, 0], [88, 141, 94, 177, 83, 0], [211, 146, 57, 115, 56, 0]], "resolution": [240, 240]}}[0m
[0;32mI (39319) FallDetection: FDPOLL,39130[0m
[0;32mI (39389) FallDetection: FDLOG,254,39200,0,{"type": 0, "name": "INVOKE", "code": 0, "data": {"model": {"id": 1, "type": 0, "address": 4194304, "size": 0}, "algorithm": {"type": 3, "categroy": 1, "input_from": 1, "config": {"tscore": 26, "tiou": 35}}, "sensor": {"id": 1, "type": 1, "state": 1, "opt_id": 0, "opt_detail": "240x240 Auto"}}}[0m
[0;32mI (39469) FallDetection: FDLOG,255,39280,0,{"type": 1, "name": "INVOKE", "code": 0, "data": {"count": 1, "perf": [7, 48, 0], "boxes": [[20, 130, 31, 62, 62, 0], [78, 133, 70, 193, 87, 0], [211, 146, 47, 115, 35, 0]], "resolution": [240, 240]}}[0m
[0;32mI (39479) FallDetection: FDEVT,11,Init,Upright,39280,vy=0.00,vh=0.00,drop=0.00,r=0.50[0m
[0;32mI (39489) FallDetection: FDSTACK_FREE,2620[0m
[0;32mI (39559) FallDetection: FDPOLL,39370[0m
[0;32mI (39639) FallDetection: FDLOG,256,39450,0,{"type": 0, "name": "INVOKE", "code": 0, "data": {"model": {"id": 1, "type": 0, "address": 4194304, "size": 0}, "algorithm": {"type": 3, "categroy": 1, "input_from": 1, "config": {"tscore": 26, "tiou": 35}}, "sensor": {"id": 1, "type": 1, "state": 1, "opt_id": 0, "opt_detail": "240x240 Auto"}}}[0m
[0;32mI (39719) FallDetection: FDLOG,257,39530,0,{"type": 1, "name": "INVOKE", "code": 0, "data": {"count": 1, "perf": [7, 48, 0], "boxes": [[18, 130, 31, 62, 33, 0], [70, 133, 70, 193, 89, 0]], "resolution": [240, 240]}}[0m
[0;32mI (39799) SystemInfo: free sram: 70835 minimal sram: 58687[0m
[0;32mI (39799) FallDetection: FDPOLL,39610[0m
[0;32mI (39869) FallDetection: FDLOG,258,39680,0,{"type": 0, "name": "INVOKE", "code": 0, "data": {"model": {"id": 1, "type": 0, "address": 4194304, "size": 0}, "algorithm": {"type": 3, "categroy": 1, "input_from": 1, "config": {"tscore": 26, "tiou": 35}}, "sensor": {"id": 1, "type": 1, "state": 1, "opt_id": 0, "opt_detail": "240x240 Auto"}}}[0m
[0;32mI (39949) FallDetection: FDLOG,259,39760,0,{"type": 1, "name": "INVOKE", "code": 0, "data": {"count": 1, "perf": [7, 48, 0], "boxes": [[18, 130, 31, 62, 43, 0], [75, 128, 62, 177, 89, 0]], "resolution": [240, 240]}}[0m
[0;32mI (40019) FallDetection: FDPOLL,39830[0m
[0;32mI (40099) FallDetection: FDLOG,260,39910,0,{"type": 0, "name": "INVOKE", "code": 0, "data": {"model": {"id": 1, "type": 0, "address": 4194304, "size": 0}, "algorithm": {"type": 3, "categroy": 1, "input_from": 1, "config": {"tscore": 26, "tiou": 35}}, "sensor": {"id": 1, "type": 1, "state": 1, "opt_id": 0, "opt_detail": "240x240 Auto"}}}[0m
[0;32mI (40179) FallDetection: FDLOG,261,39990,0,{"type": 1, "name": "INVOKE", "code": 0, "data": {"count": 1, "perf": [7, 48, 0], "boxes": [[18, 130, 31, 62, 56, 0], [75, 128, 62, 177, 89, 0]], "resolution": [240, 240]}}[0m
[0;32mI (40259) FallDetection: FDPOLL,40070[0m
[0;32mI (40329) FallDetection: FDLOG,262,40140,0,{"type": 0, "name": "INVOKE", "code": 0, "data": {"model": {"id": 1, "type": 0, "address": 4194304, "size": 0}, "algorithm": {"type": 3, "categroy": 1, "input_from": 1, "config": {"tscore": 26, "tiou": 35}}, "sensor": {"id": 1, "type": 1, "state": 1, "opt_id": 0, "opt_detail": "240x240 Auto"}}}[0m
[0;32mI (40409) FallDetection: FDLOG,263,40220,0,{"type": 1, "name": "INVOKE", "code": 0, "data": {"count": 1, "perf": [7, 48, 0], "boxes": [[18, 130, 31, 62, 50, 0], [83, 128, 94, 177, 89, 0], [211, 141, 47, 115, 35, 0]], "resolution": [240, 240]}}[0m
[0;32mI (40489) FallDetection: FDPOLL,40300[0m
[0;32mI (40559) FallDetection: FDLOG,264,40370,0,{"type": 0, "name": "INVOKE", "code": 0, "data": {"model": {"id": 1, "type": 0, "address": 4194304, "size": 0}, "algorithm": {"type": 3, "categroy": 1, "input_from": 1, "config": {"tscore": 26, "tiou": 35}}, "sensor": {"id": 1, "type": 1, "state": 1, "opt_id": 0, "opt_detail": "240x240 Auto"}}}[0m
[0;32mI (40579) FallDetection: FDSTACK_FREE,2620[0m
[0;32mI (40639) FallDetection: FDLOG,265,40450,0,{"type": 1, "name": "INVOKE", "code": 0, "data": {"count": 1, "perf": [7, 48, 0], "boxes": [[18, 130, 31, 62, 29, 0], [88, 128, 94, 177, 83, 0], [211, 146, 57, 115, 43, 0]], "resolution": [240, 240]}}[0m
[0;32mI (40659) FallDetection: FDEVT,10,Init,Upright,40450,vy=0.00,vh=0.00,drop=-0.02,r=0.53[0m
[0;32mI (40729) FallDetection: FDPOLL,40540[0m
[0;32mI (40849) FallDetection: FDLOG,266,40660,0,{"type": 0, "name": "INVOKE", "code": 0, "data": {"model": {"id": 1, "type": 0, "address": 4194304, "size": 0}, "algorithm": {"type": 3, "categroy": 1, "input_from": 1, "config": {"tscore": 26, "tiou": 35}}, "sensor": {"id": 1, "type": 1, "state": 1, "opt_id": 0, "opt_detail": "240x240 Auto"}}}[0m
[0;32mI (40859) FallDetection: FDLOG,267,40670,0,{"type": 1, "name": "INVOKE", "code": 0, "data": {"count": 1, "perf": [7, 48, 0], "boxes": [[18, 130, 31, 62, 29, 0], [112, 128, 47, 193, 87, 0], [211, 146, 47, 115, 50, 0]], "resolution": [240, 240]}}[0m
[0;32mI (40899) FallDetection: FDEVT,12,Init,Upright,40670,vy=0.00,vh=0.00,drop=0.04,r=0.41[0m
[0;32mI (40969) FallDetection: FDPOLL,40780[0m
[0;32mI (41039) FallDetection: FDLOG,268,40850,0,{"type": 0, "name": "INVOKE", "code": 0, "data": {"model": {"id": 1, "type": 0, "address": 4194304, "size": 0}, "algorithm": {"type": 3, "categroy": 1, "input_from": 1, "config": {"tscore": 26, "tiou": 35}}, "sensor": {"id": 1, "type": 1, "state": 1, "opt_id": 0, "opt_detail": "240x240 Auto"}}}[0m
[0;32mI (41119) FallDetection: FDLOG,269,40930,0,{"type": 1, "name": "INVOKE", "code": 0, "data": {"count": 1, "perf": [7, 48, 0], "boxes": [[18, 130, 31, 62, 50, 0], [128, 128, 62, 240, 89, 0], [211, 146, 47, 115, 50, 0]], "resolution": [240, 240]}}[0m
[0;32mI (41209) FallDetection: FDPOLL,41020[0m
[0;32mI (41329) FallDetection: FDLOG,270,41140,0,{"type": 0, "name": "INVOKE", "code": 0, "data": {"model": {"id": 1, "type": 0, "address": 4194304, "size": 0}, "algorithm": {"type": 3, "categroy": 1, "input_from": 1, "config": {"tscore": 26, "tiou": 35}}, "sensor": {"id": 1, "type": 1, "state": 1, "opt_id": 0, "opt_detail": "240x240 Auto"}}}[0m
[0;32mI (41339) FallDetection: FDLOG,271,41150,0,{"type": 1, "name": "INVOKE", "code": 0, "data": {"count": 1, "perf": [7, 48, 0], "boxes": [[18, 128, 23, 62, 50, 0], [141, 128, 94, 177, 89, 0], [211, 136, 60, 130, 29, 0]], "resolution": [240, 240]}}[0m
[0;32mI (41439) FallDetection: FDPOLL,41250[0m
[0;32mI (41519) FallDetection: FDLOG,272,41330,0,{"type": 0, "name": "INVOKE", "code": 0, "data": {"model": {"id": 1, "type": 0, "address": 4194304, "size": 0}, "algorithm": {"type": 3, "categroy": 1, "input_from": 1, "config": {"tscore": 26, "tiou": 35}}, "sensor": {"id": 1, "type": 1, "state": 1, "opt_id": 0, "opt_detail": "240x240 Auto"}}}[0m
[0;32mI (41599) FallDetection: FDLOG,273,41410,0,{"type": 1, "name": "INVOKE", "code": 0, "data": {"count": 1, "perf": [7, 48, 0], "boxes": [[18, 130, 23, 62, 50, 0], [151, 128, 62, 177, 92, 0]], "resolution": [240, 240]}}[0m
[0;32mI (41609) FallDetection: FDSTACK_FREE,2620[0m
[0;32mI (41689) FallDetection: FDPOLL,41500[0m
[0;32mI (41809) FallDetection: FDLOG,274,41620,0,{"type": 0, "name": "INVOKE", "code": 0, "data": {"model": {"id": 1, "type": 0, "address": 4194304, "size": 0}, "algorithm": {"type": 3, "categroy": 1, "input_from": 1, "config": {"tscore": 26, "tiou": 35}}, "sensor": {"id": 1, "type": 1, "state": 1, "opt_id": 0, "opt_detail": "240x240 Auto"}}}[0m
[0;32mI (41819) FallDetection: FDLOG,275,41630,0,{"type": 1, "name": "INVOKE", "code": 0, "data": {"count": 1, "perf": [7, 48, 0], "boxes": [[20, 122, 23, 62, 56, 0], [151, 122, 62, 177, 87, 0]], "resolution": [240, 240]}}[0m
[0;32mI (41909) FallDetection: FDPOLL,41720[0m
[0;32mI (41979) FallDetection: FDLOG,276,41790,0,{"type": 0, "name": "INVOKE", "code": 0, "data": {"model": {"id": 1, "type": 0, "address": 4194304, "size": 0}, "algorithm": {"type": 3, "categroy": 1, "input_from": 1, "config": {"tscore": 26, "tiou": 35}}, "sensor": {"id": 1, "type": 1, "state": 1, "opt_id": 0, "opt_detail": "240x240 Auto"}}}[0m
[0;32mI (42059) FallDetection: FDLOG,277,41870,0,{"type": 1, "name": "INVOKE", "code": 0, "data": {"count": 1, "perf": [7, 48, 0], "boxes": [[20, 128, 31, 62, 62, 0], [162, 128, 62, 177, 71, 0]], "resolution": [240, 240]}}[0m
[0;32mI (42139) FallDetection: FDPOLL,41950[0m
[0;32mI (42209) FallDetection: FDLOG,278,42020,0,{"type": 0, "name": "INVOKE", "code": 0, "data": {"model": {"id": 1, "type": 0, "address": 4194304, "size": 0}, "algorithm": {"type": 3, "categroy": 1, "input_from": 1, "config": {"tscore": 26, "tiou": 35}}, "sensor": {"id": 1, "type": 1, "state": 1, "opt_id": 0, "opt_detail": "240x240 Auto"}}}[0m
[0;32mI (42289) FallDetection: FDLOG,279,42100,0,{"type": 1, "name": "INVOKE", "code": 0, "data": {"count": 1, "perf": [7, 48, 0], "boxes": [[20, 128, 23, 62, 62, 0], [162, 122, 57, 185, 66, 0], [211, 141, 47, 115, 29, 0]], "resolution": [240, 240]}}[0m
[0;32mI (42369) FallDetection: FDPOLL,42180[0m
[0;32mI (42439) FallDetection: FDLOG,280,42250,0,{"type": 0, "name": "INVOKE", "code": 0, "data": {"model": {"id": 1, "type": 0, "address": 4194304, "size": 0}, "algorithm": {"type": 3, "categroy": 1, "input_from": 1, "config": {"tscore": 26, "tiou": 35}}, "sensor": {"id": 1, "type": 1, "state": 1, "opt_id": 0, "opt_detail": "240x240 Auto"}}}[0m
[0;32mI (42519) FallDetection: FDLOG,281,42330,0,{"type": 1, "name": "INVOKE", "code": 0, "data": {"count": 1, "perf": [7, 48, 0], "boxes": [[20, 128, 23, 62, 62, 0], [167, 128, 57, 185, 83, 0], [211, 146, 47, 151, 71, 0]], "resolution": [240, 240]}}[0m
[0;32mI (42599) FallDetection: FDPOLL,42410[0m
[0;32mI (42669) FallDetection: FDLOG,282,42480,0,{"type": 0, "name": "INVOKE", "code": 0, "data": {"model": {"id": 1, "type": 0, "address": 4194304, "size": 0}, "algorithm": {"type": 3, "categroy": 1, "input_from": 1, "config": {"tscore": 26, "tiou": 35}}, "sensor": {"id": 1, "type": 1, "state": 1, "opt_id": 0, "opt_detail": "240x240 Auto"}}}[0m
[0;32mI (42689) FallDetection: FDSTACK_FREE,2620[0m
[0;32mI (42749) FallDetection: FDLOG,283,42560,0,{"type": 1, "name": "INVOKE", "code": 0, "data": {"count": 1, "perf": [7, 48, 0], "boxes": [[20, 130, 23, 62, 62, 0], [172, 130, 62, 177, 77, 0]], "resolution": [240, 240]}}[0m
[0;32mI (42829) FallDetection: FDPOLL,42640[0m
[0;32mI (42899) FallDetection: FDLOG,284,42710,0,{"type": 0, "name": "INVOKE", "code": 0, "data": {"model": {"id": 1, "type": 0, "address": 4194304, "size": 0}, "algorithm": {"type": 3, "categroy": 1, "input_from": 1, "config": {"tscore": 26, "tiou": 35}}, "sensor": {"id": 1, "type": 1, "state": 1, "opt_id": 0, "opt_detail": "240x240 Auto"}}}[0m
[0;32mI (42979) FallDetection: FDLOG,285,42790,0,{"type": 1, "name": "INVOKE", "code": 0, "data": {"count": 1, "perf": [7, 48, 0], "boxes": [[20, 128, 20, 57, 56, 0], [23, 117, 23, 41, 27, 0], [180, 130, 47, 193, 87, 0], [219, 143, 39, 136, 37, 0]], "resolution": [240, 240]}}[0m
[0;32mI (43069) FallDetection: FDPOLL,42880[0m
[0;32mI (43189) FallDetection: FDLOG,286,43000,0,{"type": 0, "name": "INVOKE", "code": 0, "data": {"model": {"id": 1, "type": 0, "address": 4194304, "size": 0}, "algorithm": {"type": 3, "categroy": 1, "input_from": 1, "config": {"tscore": 26, "tiou": 35}}, "sensor": {"id": 1, "type": 1, "state": 1, "opt_id": 0, "opt_detail": "240x240 Auto"}}}[0m
[0;32mI (43209) FallDetection: FDLOG,287,43020,0,{"type": 1, "name": "INVOKE", "code": 0, "data": {"count": 1, "perf": [7, 48, 0], "boxes": [[23, 122, 23, 62, 43, 0], [180, 130, 47, 193, 83, 0], [224, 138, 28, 136, 37, 0]], "resolution": [240, 240]}}[0m
[0;32mI (43299) FallDetection: FDPOLL,43110[0m
[0;32mI (43379) FallDetection: FDLOG,288,43190,0,{"type": 0, "name": "INVOKE", "code": 0, "data": {"model": {"id": 1, "type": 0, "address": 4194304, "size": 0}, "algorithm": {"type": 3, "categroy": 1, "input_from": 1, "config": {"tscore": 26, "tiou": 35}}, "sensor": {"id": 1, "type": 1, "state": 1, "opt_id": 0, "opt_detail": "240x240 Auto"}}}[0m
[0;32mI (43459) FallDetection: FDLOG,289,43270,0,{"type": 1, "name": "INVOKE", "code": 0, "data": {"count": 1, "perf": [7, 48, 0], "boxes": [[23, 128, 23, 62, 50, 0], [180, 125, 47, 193, 83, 0], [224, 138, 31, 115, 37, 0]], "resolution": [240, 240]}}[0m
[0;32mI (43539) FallDetection: FDPOLL,43350[0m
[0;32mI (43649) FallDetection: FDLOG,290,43460,0,{"type": 0, "name": "INVOKE", "code": 0, "data": {"model": {"id": 1, "type": 0, "address": 4194304, "size": 0}, "algorithm": {"type": 3, "categroy": 1, "input_from": 1, "config": {"tscore": 26, "tiou": 35}}, "sensor": {"id": 1, "type": 1, "state": 1, "opt_id": 0, "opt_detail": "240x240 Auto"}}}[0m
[0;32mI (43669) FallDetection: FDLOG,291,43480,0,{"type": 1, "name": "INVOKE", "code": 0, "data": {"count": 1, "perf": [7, 48, 0], "boxes": [[23, 128, 20, 57, 50, 0], [180, 125, 47, 193, 87, 0], [224, 141, 31, 151, 33, 0]], "resolution": [240, 240]}}[0m
[0;32mI (43689) FallDetection: FDSTACK_FREE,2620[0m
[0;32mI (43759) FallDetection: FDPOLL,43570[0m
[0;32mI (43839) FallDetection: FDLOG,292,43650,0,{"type": 0, "name": "INVOKE", "code": 0, "data": {"model": {"id": 1, "type": 0, "address": 4194304, "size": 0}, "algorithm": {"type": 3, "categroy": 1, "input_from": 1, "config": {"tscore": 26, "tiou": 35}}, "sensor": {"id": 1, "type": 1, "state": 1, "opt_id": 0, "opt_detail": "240x240 Auto"}}}[0m
[0;32mI (43919) FallDetection: FDLOG,293,43730,0,{"type": 1, "name": "INVOKE", "code": 0, "data": {"count": 1, "perf": [7, 48, 0], "boxes": [[18, 128, 31, 62, 43, 0], [180, 125, 47, 193, 77, 0], [222, 143, 28, 136, 29, 0]], "resolution": [240, 240]}}[0m
[0;32mI (43999) FallDetection: FDPOLL,43810[0m
[0;32mI (44069) FallDetection: FDLOG,294,43880,0,{"type": 0, "name": "INVOKE", "code": 0, "data": {"model": {"id": 1, "type": 0, "address": 4194304, "size": 0}, "algorithm": {"type": 3, "categroy": 1, "input_from": 1, "config": {"tscore": 26, "tiou": 35}}, "sensor": {"id": 1, "type": 1, "state": 1, "opt_id": 0, "opt_detail": "240x240 Auto"}}}[0m
[0;32mI (44149) FallDetection: FDLOG,295,43960,0,{"type": 1, "name": "INVOKE", "code": 0, "data": {"count": 1, "perf": [7, 48, 0], "boxes": [[20, 130, 23, 62, 62, 0], [172, 130, 47, 193, 89, 0], [219, 143, 31, 115, 33, 0]], "resolution": [240, 240]}}[0m
[0;32mI (44229) FallDetection: FDPOLL,44040[0m
[0;32mI (44299) FallDetection: FDLOG,296,44110,0,{"type": 0, "name": "INVOKE", "code": 0, "data": {"model": {"id": 1, "type": 0, "address": 4194304, "size": 0}, "algorithm": {"type": 3, "categroy": 1, "input_from": 1, "config": {"tscore": 26, "tiou": 35}}, "sensor": {"id": 1, "type": 1, "state": 1, "opt_id": 0, "opt_detail": "240x240 Auto"}}}[0m
[0;32mI (44379) FallDetection: FDLOG,297,44190,0,{"type": 1, "name": "INVOKE", "code": 0, "data": {"count": 1, "perf": [7, 48, 0], "boxes": [[20, 130, 23, 62, 43, 0], [180, 130, 47, 193, 87, 0], [219, 143, 44, 130, 43, 0]], "resolution": [240, 240]}}[0m
[0;32mI (44459) FallDetection: FDPOLL,44270[0m
[0;32mI (44529) FallDetection: FDLOG,298,44340,0,{"type": 0, "name": "INVOKE", "code": 0, "data": {"model": {"id": 1, "type": 0, "address": 4194304, "size": 0}, "algorithm": {"type": 3, "categroy": 1, "input_from": 1, "config": {"tscore": 26, "tiou": 35}}, "sensor": {"id": 1, "type": 1, "state": 1, "opt_id": 0, "opt_detail": "240x240 Auto"}}}[0m
[0;32mI (44609) FallDetection: FDLOG,299,44420,0,{"type": 1, "name": "INVOKE", "code": 0, "data": {"count": 1, "perf": [7, 48, 0], "boxes": [[18, 130, 31, 62, 29, 0], [180, 130, 47, 193, 83, 0], [219, 143, 41, 115, 43, 0]], "resolution": [240, 240]}}[0m
[0;32mI (44689) FallDetection: FDPOLL,44500[0m
[0;32mI (44759) FallDetection: FDLOG,300,44570,0,{"type": 0, "name": "INVOKE", "code": 0, "data": {"model": {"id": 1, "type": 0, "address": 4194304, "size": 0}, "algorithm": {"type": 3, "categroy": 1, "input_from": 1, "config": {"tscore": 26, "tiou": 35}}, "sensor": {"id": 1, "type": 1, "state": 1, "opt_id": 0, "opt_detail": "240x240 Auto"}}}[0m
[0;32mI (44779) FallDetection: FDSTACK_FREE,2620[0m
[0;32mI (44839) FallDetection: FDLOG,301,44650,0,{"type": 1, "name": "INVOKE", "code": 0, "data": {"count": 1, "perf": [7, 48, 0], "boxes": [[18, 128, 31, 62, 29, 0], [180, 130, 47, 193, 83, 0], [219, 143, 41, 115, 43, 0]], "resolution": [240, 240]}}[0m
[0;32mI (44919) FallDetection: FDPOLL,44730[0m
[0;32mI (45049) FallDetection: FDLOG,302,44860,0,{"type": 0, "name": "INVOKE", "code": 0, "data": {"model": {"id": 1, "type": 0, "address": 4194304, "size": 0}, "algorithm": {"type": 3, "categroy": 1, "input_from": 1, "config": {"tscore": 26, "tiou": 35}}, "sensor": {"id": 1, "type": 1, "state": 1, "opt_id": 0, "opt_detail": "240x240 Auto"}}}[0m
[0;32mI (45069) FallDetection: FDLOG,303,44880,0,{"type": 1, "name": "INVOKE", "code": 0, "data": {"count": 1, "perf": [7, 48, 0], "boxes": [[20, 122, 28, 57, 29, 0], [180, 130, 47, 193, 83, 0], [219, 143, 41, 151, 43, 0]], "resolution": [240, 240]}}[0m
[0;32mI (45159) FallDetection: FDPOLL,44970[0m
[0;32mI (45239) FallDetection: FDLOG,304,45050,0,{"type": 0, "name": "INVOKE", "code": 0, "data": {"model": {"id": 1, "type": 0, "address": 4194304, "size": 0}, "algorithm": {"type": 3, "categroy": 1, "input_from": 1, "config": {"tscore": 26, "tiou": 35}}, "sensor": {"id": 1, "type": 1, "state": 1, "opt_id": 0, "opt_detail": "240x240 Auto"}}}[0m
[0;32mI (45319) FallDetection: FDLOG,305,45130,0,{"type": 1, "name": "INVOKE", "code": 0, "data": {"count": 1, "perf": [7, 48, 0], "boxes": [[18, 130, 31, 62, 33, 0], [180, 130, 47, 193, 83, 0], [219, 143, 41, 115, 37, 0]], "resolution": [240, 240]}}[0m
[0;32mI (45399) FallDetection: FDPOLL,45210[0m
[0;32mI (45529) FallDetection: FDLOG,306,45340,0,{"type": 0, "name": "INVOKE", "code": 0, "data": {"model": {"id": 1, "type": 0, "address": 4194304, "size": 0}, "algorithm": {"type": 3, "categroy": 1, "input_from": 1, "config": {"tscore": 26, "tiou": 35}}, "sensor": {"id": 1, "type": 1, "state": 1, "opt_id": 0, "opt_detail": "240x240 Auto"}}}[0m
[0;32mI (45549) FallDetection: FDLOG,307,45360,0,{"type": 1, "name": "INVOKE", "code": 0, "data": {"count": 1, "perf": [7, 48, 0], "boxes": [[20, 128, 28, 57, 29, 0], [180, 130, 47, 193, 83, 0], [219, 143, 41, 115, 37, 0]], "resolution": [240, 240]}}[0m
[0;32mI (45639) FallDetection: FDPOLL,45450[0m
[0;32mI (45719) FallDetection: FDLOG,308,45530,0,{"type": 0, "name": "INVOKE", "code": 0, "data": {"model": {"id": 1, "type": 0, "address": 4194304, "size": 0}, "algorithm": {"type": 3, "categroy": 1, "input_from": 1, "config": {"tscore": 26, "tiou": 35}}, "sensor": {"id": 1, "type": 1, "state": 1, "opt_id": 0, "opt_detail": "240x240 Auto"}}}[0m
[0;32mI (45799) FallDetection: FDLOG,309,45610,0,{"type": 1, "name": "INVOKE", "code": 0, "data": {"count": 1, "perf": [7, 48, 0], "boxes": [[18, 128, 31, 62, 29, 0], [180, 130, 47, 193, 83, 0], [219, 146, 41, 115, 43, 0]], "resolution": [240, 240]}}[0m
[0;32mI (45809) FallDetection: FDSTACK_FREE,2620[0m
[0;32mI (45889) FallDetection: FDPOLL,45700[0m
[0;32mI (45949) FallDetection: FDLOG,310,45760,0,{"type": 0, "name": "INVOKE", "code": 0, "data": {"model": {"id": 1, "type": 0, "address": 4194304, "size": 0}, "algorithm": {"type": 3, "categroy": 1, "input_from": 1, "config": {"tscore": 26, "tiou": 35}}, "sensor": {"id": 1, "type": 1, "state": 1, "opt_id": 0, "opt_detail": "240x240 Auto"}}}[0m
[0;32mI (46029) FallDetection: FDLOG,311,45840,0,{"type": 1, "name": "INVOKE", "code": 0, "data": {"count": 1, "perf": [7, 48, 0], "boxes": [[180, 130, 47, 193, 83, 0], [219, 146, 41, 115, 50, 0]], "resolution": [240, 240]}}[0m
[0;32mI (46109) FallDetection: FDPOLL,45920[0m
[0;32mI (46179) FallDetection: FDLOG,312,45990,0,{"type": 0, "name": "INVOKE", "code": 0, "data": {"model": {"id": 1, "type": 0, "address": 4194304, "size": 0}, "algorithm": {"type": 3, "categroy": 1, "input_from": 1, "config": {"tscore": 26, "tiou": 35}}, "sensor": {"id": 1, "type": 1, "state": 1, "opt_id": 0, "opt_detail": "240x240 Auto"}}}[0m
[0;32mI (46259) FallDetection: FDLOG,313,46070,0,{"type": 1, "name": "INVOKE", "code": 0, "data": {"count": 1, "perf": [7, 48, 0], "boxes": [[20, 128, 28, 57, 29, 0], [180, 130, 47, 193, 83, 0], [219, 146, 41, 151, 43, 0]], "resolution": [240, 240]}}[0m
[0;32mI (46339) FallDetection: FDPOLL,46150[0m
[0;32mI (46409) FallDetection: FDLOG,314,46220,0,{"type": 0, "name": "INVOKE", "code": 0, "data": {"model": {"id": 1, "type": 0, "address": 4194304, "size": 0}, "algorithm": {"type": 3, "categroy": 1, "input_from": 1, "config": {"tscore": 26, "tiou": 35}}, "sensor": {"id": 1, "type": 1, "state": 1, "opt_id": 0, "opt_detail": "240x240 Auto"}}}[0m
[0;32mI (46489) FallDetection: FDLOG,315,46300,0,{"type": 1, "name": "INVOKE", "code": 0, "data": {"count": 1, "perf": [7, 48, 0], "boxes": [[18, 128, 31, 62, 33, 0], [180, 130, 47, 193, 83, 0], [222, 138, 31, 115, 37, 0]], "resolution": [240, 240]}}[0m
[0;32mI (46579) FallDetection: FDPOLL,46390[0m
[0;32mI (46659) FallDetection: FDLOG,316,46470,0,{"type": 0, "name": "INVOKE", "code": 0, "data": {"model": {"id": 1, "type": 0, "address": 4194304, "size": 0}, "algorithm": {"type": 3, "categroy": 1, "input_from": 1, "config": {"tscore": 26, "tiou": 35}}, "sensor": {"id": 1, "type": 1, "state": 1, "opt_id": 0, "opt_detail": "240x240 Auto"}}}[0m
[0;32mI (46739) FallDetection: FDLOG,317,46550,0,{"type": 1, "name": "INVOKE", "code": 0, "data": {"count": 1, "perf": [7, 48, 0], "boxes": [[18, 128, 31, 62, 37, 0], [180, 130, 47, 193, 83, 0], [219, 146, 39, 136, 50, 0]], "resolution": [240, 240]}}[0m
[0;32mI (46819) FallDetection: FDPOLL,46630[0m
[0;32mI (46889) FallDetection: FDLOG,318,46700,0,{"type": 0, "name": "INVOKE", "code": 0, "data": {"model": {"id": 1, "type": 0, "address": 4194304, "size": 0}, "algorithm": {"type": 3, "categroy": 1, "input_from": 1, "config": {"tscore": 26, "tiou": 35}}, "sensor": {"id": 1, "type": 1, "state": 1, "opt_id": 0, "opt_detail": "240x240 Auto"}}}[0m
[0;32mI (46909) FallDetection: FDSTACK_FREE,2620[0m
[0;32mI (46969) FallDetection: FDLOG,319,46780,0,{"type": 1, "name": "INVOKE", "code": 0, "data": {"count": 1, "perf": [7, 48, 0], "boxes": [[18, 128, 31, 62, 33, 0], [180, 130, 47, 193, 83, 0], [219, 143, 41, 115, 43, 0]], "resolution": [240, 240]}}[0m
[0;32mI (47059) FallDetection: FDPOLL,46870[0m
[0;32mI (47139) FallDetection: FDLOG,320,46950,0,{"type": 0, "name": "INVOKE", "code": 0, "data": {"model": {"id": 1, "type": 0, "address": 4194304, "size": 0}, "algorithm": {"type": 3, "categroy": 1, "input_from": 1, "config": {"tscore": 26, "tiou": 35}}, "sensor": {"id": 1, "type": 1, "state": 1, "opt_id": 0, "opt_detail": "240x240 Auto"}}}[0m
[0;32mI (47219) FallDetection: FDLOG,321,47030,0,{"type": 1, "name": "INVOKE", "code": 0, "data": {"count": 1, "perf": [7, 48, 0], "boxes": [[18, 128, 31, 62, 29, 0], [180, 133, 47, 193, 83, 0], [217, 146, 41, 151, 66, 0]], "resolution": [240, 240]}}[0m
[0;32mI (47299) FallDetection: FDPOLL,47110[0m
[0;32mI (47369) FallDetection: FDLOG,322,47180,0,{"type": 0, "name": "INVOKE", "code": 0, "data": {"model": {"id": 1, "type": 0, "address": 4194304, "size": 0}, "algorithm": {"type": 3, "categroy": 1, "input_from": 1, "config": {"tscore": 26, "tiou": 35}}, "sensor": {"id": 1, "type": 1, "state": 1, "opt_id": 0, "opt_detail": "240x240 Auto"}}}[0m
[0;32mI (47439) FallDetection: FDLOG,323,47250,0,{"type": 1, "name": "INVOKE", "code": 0, "data": {"count": 1, "perf": [7, 48, 0], "boxes": [[18, 130, 31, 62, 37, 0], [180, 130, 47, 193, 83, 0], [219, 146, 41, 151, 56, 0]], "resolution": [240, 240]}}[0m
[0;32mI (47519) FallDetection: FDPOLL,47330[0m
[0;32mI (47599) FallDetection: FDLOG,324,47410,0,{"type": 0, "name": "INVOKE", "code": 0, "data": {"model": {"id": 1, "type": 0, "address": 4194304, "size": 0}, "algorithm": {"type": 3, "categroy": 1, "input_from": 1, "config": {"tscore": 26, "tiou": 35}}, "sensor": {"id": 1, "type": 1, "state": 1, "opt_id": 0, "opt_detail": "240x240 Auto"}}}[0m
[0;32mI (47679) FallDetection: FDLOG,325,47490,0,{"type": 1, "name": "INVOKE", "code": 0, "data": {"count": 1, "perf": [7, 48, 0], "boxes": [[18, 128, 31, 62, 33, 0], [180, 130, 47, 193, 83, 0], [217, 146, 41, 151, 56, 0]], "resolution": [240, 240]}}[0m
[0;32mI (47759) FallDetection: FDPOLL,47570[0m
[0;32mI (47829) FallDetection: FDLOG,326,47640,0,{"type": 0, "name": "INVOKE", "code": 0, "data": {"model": {"id": 1, "type": 0, "address": 4194304, "size": 0}, "algorithm": {"type": 3, "categroy": 1, "input_from": 1, "config": {"tscore": 26, "tiou": 35}}, "sensor": {"id": 1, "type": 1, "state": 1, "opt_id": 0, "opt_detail": "240x240 Auto"}}}[0m
[0;32mI (47909) FallDetection: FDLOG,327,47720,0,{"type": 1, "name": "INVOKE", "code": 0, "data": {"count": 1, "perf": [7, 48, 0], "boxes": [[18, 130, 31, 62, 43, 0], [180, 130, 47, 193, 77, 0], [219, 146, 41, 151, 33, 0]], "resolution": [240, 240]}}[0m
[0;32mI (47919) FallDetection: FDSTACK_FREE,2620[0m
[0;32mI (47989) FallDetection: FDPOLL,47800[0m
[0;32mI (48059) FallDetection: FDLOG,328,47870,0,{"type": 0, "name": "INVOKE", "code": 0, "data": {"model": {"id": 1, "type": 0, "address": 4194304, "size": 0}, "algorithm": {"type": 3, "categroy": 1, "input_from": 1, "config": {"tscore": 26, "tiou": 35}}, "sensor": {"id": 1, "type": 1, "state": 1, "opt_id": 0, "opt_detail": "240x240 Auto"}}}[0m
[0;32mI (48139) FallDetection: FDLOG,329,47950,0,{"type": 1, "name": "INVOKE", "code": 0, "data": {"count": 1, "perf": [7, 48, 0], "boxes": [[18, 130, 31, 62, 33, 0], [180, 130, 47, 193, 83, 0], [219, 146, 41, 151, 37, 0]], "resolution": [240, 240]}}[0m
[0;32mI (48219) FallDetection: FDPOLL,48030[0m
[0;32mI (48289) FallDetection: FDLOG,330,48100,0,{"type": 0, "name": "INVOKE", "code": 0, "data": {"model": {"id": 1, "type": 0, "address": 4194304, "size": 0}, "algorithm": {"type": 3, "categroy": 1, "input_from": 1, "config": {"tscore": 26, "tiou": 35}}, "sensor": {"id": 1, "type": 1, "state": 1, "opt_id": 0, "opt_detail": "240x240 Auto"}}}[0m
[0;32mI (48369) FallDetection: FDLOG,331,48180,0,{"type": 1, "name": "INVOKE", "code": 0, "data": {"count": 1, "perf": [7, 48, 0], "boxes": [[18, 130, 31, 62, 33, 0], [180, 128, 47, 193, 83, 0]], "resolution": [240, 240]}}[0m
[0;32mI (48449) FallDetection: FDPOLL,48260[0m
[0;32mI (48519) FallDetection: FDLOG,332,48330,0,{"type": 0, "name": "INVOKE", "code": 0, "data": {"model": {"id": 1, "type": 0, "address": 4194304, "size": 0}, "algorithm": {"type": 3, "categroy": 1, "input_from": 1, "config": {"tscore": 26, "tiou": 35}}, "sensor": {"id": 1, "type": 1, "state": 1, "opt_id": 0, "opt_detail": "240x240 Auto"}}}[0m
[0;32mI (48599) FallDetection: FDLOG,333,48410,0,{"type": 1, "name": "INVOKE", "code": 0, "data": {"count": 1, "perf": [7, 48, 0], "boxes": [[18, 130, 31, 62, 43, 0], [180, 130, 47, 193, 83, 0], [219, 146, 41, 151, 29, 0]], "resolution": [240, 240]}}[0m
[0;32mI (48679) FallDetection: FDPOLL,48490[0m
[0;32mI (48749) FallDetection: FDLOG,334,48560,0,{"type": 0, "name": "INVOKE", "code": 0, "data": {"model": {"id": 1, "type": 0, "address": 4194304, "size": 0}, "algorithm": {"type": 3, "categroy": 1, "input_from": 1, "config": {"tscore": 26, "tiou": 35}}, "sensor": {"id": 1, "type": 1, "state": 1, "opt_id": 0, "opt_detail": "240x240 Auto"}}}[0m
[0;32mI (48829) FallDetection: FDLOG,335,48640,0,{"type": 1, "name": "INVOKE", "code": 0, "data": {"count": 1, "perf": [7, 48, 0], "boxes": [[18, 122, 31, 62, 43, 0], [180, 130, 47, 193, 83, 0], [219, 143, 41, 151, 33, 0]], "resolution": [240, 240]}}[0m
[0;32mI (48919) FallDetection: FDPOLL,48730[0m
[0;32mI (48999) FallDetection: FDLOG,336,48810,0,{"type": 0, "name": "INVOKE", "code": 0, "data": {"model": {"id": 1, "type": 0, "address": 4194304, "size": 0}, "algorithm": {"type": 3, "categroy": 1, "input_from": 1, "config": {"tscore": 26, "tiou": 35}}, "sensor": {"id": 1, "type": 1, "state": 1, "opt_id": 0, "opt_detail": "240x240 Auto"}}}[0m
[0;32mI (49019) FallDetection: FDSTACK_FREE,2620[0m
[0;32mI (49079) FallDetection: FDLOG,337,48890,0,{"type": 1, "name": "INVOKE", "code": 0, "data": {"count": 1, "perf": [7, 48, 0], "boxes": [[18, 128, 31, 62, 56, 0], [180, 130, 47, 193, 83, 0], [224, 146, 28, 136, 37, 0]], "resolution": [240, 240]}}[0m
[0;32mI (49159) FallDetection: FDPOLL,48970[0m
[0;32mI (49289) FallDetection: FDLOG,338,49100,0,{"type": 0, "name": "INVOKE", "code": 0, "data": {"model": {"id": 1, "type": 0, "address": 4194304, "size": 0}, "algorithm": {"type": 3, "categroy": 1, "input_from": 1, "config": {"tscore": 26, "tiou": 35}}, "sensor": {"id": 1, "type": 1, "state": 1, "opt_id": 0, "opt_detail": "240x240 Auto"}}}[0m
[0;32mI (49309) FallDetection: FDLOG,339,49120,0,{"type": 1, "name": "INVOKE", "code": 0, "data": {"count": 1, "perf": [7, 48, 0], "boxes": [[18, 128, 31, 62, 56, 0], [180, 130, 47, 193, 87, 0], [222, 143, 31, 151, 33, 0]], "resolution": [240, 240]}}[0m
[0;32mI (49399) FallDetection: FDPOLL,49210[0m
[0;32mI (49479) FallDetection: FDLOG,340,49290,0,{"type": 0, "name": "INVOKE", "code": 0, "data": {"model": {"id": 1, "type": 0, "address": 4194304, "size": 0}, "algorithm": {"type": 3, "categroy": 1, "input_from": 1, "config": {"tscore": 26, "tiou": 35}}, "sensor": {"id": 1, "type": 1, "state": 1, "opt_id": 0, "opt_detail": "240x240 Auto"}}}[0m
[0;32mI (49559) FallDetection: FDLOG,341,49370,0,{"type": 1, "name": "INVOKE", "code": 0, "data": {"count": 1, "perf": [7, 48, 0], "boxes": [[18, 128, 31, 62, 56, 0], [180, 130, 47, 193, 83, 0]], "resolution": [240, 240]}}[0m
[0;32mI (49639) FallDetection: FDPOLL,49450[0m
[0;32mI (49769) FallDetection: FDLOG,342,49580,0,{"type": 0, "name": "INVOKE", "code": 0, "data": {"model": {"id": 1, "type": 0, "address": 4194304, "size": 0}, "algorithm": {"type": 3, "categroy": 1, "input_from": 1, "config": {"tscore": 26, "tiou": 35}}, "sensor": {"id": 1, "type": 1, "state": 1, "opt_id": 0, "opt_detail": "240x240 Auto"}}}[0m
[0;32mI (49789) FallDetection: FDLOG,343,49600,0,{"type": 1, "name": "INVOKE", "code": 0, "data": {"count": 1, "perf": [7, 48, 0], "boxes": [[18, 122, 23, 62, 50, 0], [180, 130, 47, 193, 83, 0], [222, 146, 39, 136, 29, 0]], "resolution": [240, 240]}}[0m
[0;32mI (49799) SystemInfo: free sram: 72867 minimal sram: 58687[0m
[0;32mI (49879) FallDetection: FDPOLL,49690[0m
[0;32mI (49959) FallDetection: FDLOG,344,49770,0,{"type": 0, "name": "INVOKE", "code": 0, "data": {"model": {"id": 1, "type": 0, "address": 4194304, "size": 0}, "algorithm": {"type": 3, "categroy": 1, "input_from": 1, "config": {"tscore": 26, "tiou": 35}}, "sensor": {"id": 1, "type": 1, "state": 1, "opt_id": 0, "opt_detail": "240x240 Auto"}}}[0m
[0;32mI (50039) FallDetection: FDLOG,345,49850,0,{"type": 1, "name": "INVOKE", "code": 0, "data": {"count": 1, "perf": [7, 48, 0], "boxes": [[18, 128, 31, 62, 62, 0], [180, 130, 47, 193, 83, 0], [222, 146, 39, 136, 37, 0]], "resolution": [240, 240]}}[0m
[0;32mI (50049) FallDetection: FDSTACK_FREE,2620[0m
[0;32mI (50119) FallDetection: FDPOLL,49930[0m
[0;32mI (50189) FallDetection: FDLOG,346,50000,0,{"type": 0, "name": "INVOKE", "code": 0, "data": {"model": {"id": 1, "type": 0, "address": 4194304, "size": 0}, "algorithm": {"type": 3, "categroy": 1, "input_from": 1, "config": {"tscore": 26, "tiou": 35}}, "sensor": {"id": 1, "type": 1, "state": 1, "opt_id": 0, "opt_detail": "240x240 Auto"}}}[0m
[0;32mI (50269) FallDetection: FDLOG,347,50080,0,{"type": 1, "name": "INVOKE", "code": 0, "data": {"count": 1, "perf": [7, 48, 0], "boxes": [[18, 130, 31, 62, 66, 0], [180, 130, 47, 193, 83, 0], [224, 146, 28, 136, 37, 0]], "resolution": [240, 240]}}[0m
[0;32mI (50359) FallDetection: FDPOLL,50170[0m
[0;32mI (50439) FallDetection: FDLOG,348,50250,0,{"type": 0, "name": "INVOKE", "code": 0, "data": {"model": {"id": 1, "type": 0, "address": 4194304, "size": 0}, "algorithm": {"type": 3, "categroy": 1, "input_from": 1, "config": {"tscore": 26, "tiou": 35}}, "sensor": {"id": 1, "type": 1, "state": 1, "opt_id": 0, "opt_detail": "240x240 Auto"}}}[0m
[0;32mI (50519) FallDetection: FDLOG,349,50330,0,{"type": 1, "name": "INVOKE", "code": 0, "data": {"count": 1, "perf": [7, 48, 0], "boxes": [[18, 128, 31, 62, 62, 0], [180, 130, 47, 193, 83, 0], [224, 143, 28, 136, 37, 0]], "resolution": [240, 240]}}[0m
[0;32mI (50599) FallDetection: FDPOLL,50410[0m
[0;32mI (50669) FallDetection: FDLOG,350,50480,0,{"type": 0, "name": "INVOKE", "code": 0, "data": {"model": {"id": 1, "type": 0, "address": 4194304, "size": 0}, "algorithm": {"type": 3, "categroy": 1, "input_from": 1, "config": {"tscore": 26, "tiou": 35}}, "sensor": {"id": 1, "type": 1, "state": 1, "opt_id": 0, "opt_detail": "240x240 Auto"}}}[0m
[0;32mI (50749) FallDetection: FDLOG,351,50560,0,{"type": 1, "name": "INVOKE", "code": 0, "data": {"count": 1, "perf": [7, 48, 0], "boxes": [[18, 128, 23, 62, 62, 0], [180, 125, 47, 193, 83, 0], [224, 146, 28, 136, 29, 0]], "resolution": [240, 240]}}[0m
[0;32mI (50839) FallDetection: FDPOLL,50650[0m
[0;32mI (50919) FallDetection: FDLOG,352,50730,0,{"type": 0, "name": "INVOKE", "code": 0, "data": {"model": {"id": 1, "type": 0, "address": 4194304, "size": 0}, "algorithm": {"type": 3, "categroy": 1, "input_from": 1, "config": {"tscore": 26, "tiou": 35}}, "sensor": {"id": 1, "type": 1, "state": 1, "opt_id": 0, "opt_detail": "240x240 Auto"}}}[0m
[0;32mI (50999) FallDetection: FDLOG,353,50810,0,{"type": 1, "name": "INVOKE", "code": 0, "data": {"count": 1, "perf": [7, 48, 0], "boxes": [[20, 128, 23, 62, 66, 0], [180, 130, 47, 193, 83, 0], [227, 141, 20, 136, 37, 0]], "resolution": [240, 240]}}[0m
[0;32mI (51069) FallDetection: FDSTACK_FREE,2620[0m
[0;32mI (51079) FallDetection: FDPOLL,50890[0m
[0;32mI (51149) FallDetection: FDLOG,354,50960,0,{"type": 0, "name": "INVOKE", "code": 0, "data": {"model": {"id": 1, "type": 0, "address": 4194304, "size": 0}, "algorithm": {"type": 3, "categroy": 1, "input_from": 1, "config": {"tscore": 26, "tiou": 35}}, "sensor": {"id": 1, "type": 1, "state": 1, "opt_id": 0, "opt_detail": "240x240 Auto"}}}[0m
[0;32mI (51229) FallDetection: FDLOG,355,51040,0,{"type": 1, "name": "INVOKE", "code": 0, "data": {"count": 1, "perf": [7, 48, 0], "boxes": [[20, 130, 23, 62, 66, 0], [180, 130, 47, 193, 83, 0], [222, 146, 31, 151, 33, 0]], "resolution": [240, 240]}}[0m
[0;32mI (51319) FallDetection: FDPOLL,51130[0m
[0;32mI (51399) FallDetection: FDLOG,356,51210,0,{"type": 0, "name": "INVOKE", "code": 0, "data": {"model": {"id": 1, "type": 0, "address": 4194304, "size": 0}, "algorithm": {"type": 3, "categroy": 1, "input_from": 1, "config": {"tscore": 26, "tiou": 35}}, "sensor": {"id": 1, "type": 1, "state": 1, "opt_id": 0, "opt_detail": "240x240 Auto"}}}[0m
[0;32mI (51479) FallDetection: FDLOG,357,51290,0,{"type": 1, "name": "INVOKE", "code": 0, "data": {"count": 1, "perf": [7, 48, 0], "boxes": [[20, 130, 23, 62, 62, 0], [188, 130, 47, 193, 83, 0], [227, 146, 20, 136, 37, 0]], "resolution": [240, 240]}}[0m
[0;32mI (51559) FallDetection: FDPOLL,51370[0m
[0;32mI (51629) FallDetection: FDLOG,358,51440,0,{"type": 0, "name": "INVOKE", "code": 0, "data": {"model": {"id": 1, "type": 0, "address": 4194304, "size": 0}, "algorithm": {"type": 3, "categroy": 1, "input_from": 1, "config": {"tscore": 26, "tiou": 35}}, "sensor": {"id": 1, "type": 1, "state": 1, "opt_id": 0, "opt_detail": "240x240 Auto"}}}[0m
[0;32mI (51709) FallDetection: FDLOG,359,51520,0,{"type": 1, "name": "INVOKE", "code": 0, "data": {"count": 1, "perf": [7, 48, 0], "boxes": [[20, 122, 23, 62, 62, 0], [180, 130, 47, 193, 83, 0], [224, 146, 31, 151, 33, 0]], "resolution": [240, 240]}}[0m
[0;32mI (51799) FallDetection: FDPOLL,51610[0m
[0;32mI (51879) FallDetection: FDLOG,360,51690,0,{"type": 0, "name": "INVOKE", "code": 0, "data": {"model": {"id": 1, "type": 0, "address": 4194304, "size": 0}, "algorithm": {"type": 3, "categroy": 1, "input_from": 1, "config": {"tscore": 26, "tiou": 35}}, "sensor": {"id": 1, "type": 1, "state": 1, "opt_id": 0, "opt_detail": "240x240 Auto"}}}[0m
[0;32mI (51959) FallDetection: FDLOG,361,51770,0,{"type": 1, "name": "INVOKE", "code": 0, "data": {"count": 1, "perf": [7, 48, 0], "boxes": [[20, 128, 23, 62, 62, 0], [180, 130, 47, 193, 83, 0], [227, 146, 28, 136, 37, 0]], "resolution": [240, 240]}}[0m
[0;32mI (52039) FallDetection: FDPOLL,51850[0m
[0;32mI (52109) FallDetection: FDLOG,362,51920,0,{"type": 0, "name": "INVOKE", "code": 0, "data": {"model": {"id": 1, "type": 0, "address": 4194304, "size": 0}, "algorithm": {"type": 3, "categroy": 1, "input_from": 1, "config": {"tscore": 26, "tiou": 35}}, "sensor": {"id": 1, "type": 1, "state": 1, "opt_id": 0, "opt_detail": "240x240 Auto"}}}[0m
[0;32mI (52129) FallDetection: FDSTACK_FREE,2620[0m
[0;32mI (52189) FallDetection: FDLOG,363,52000,0,{"type": 1, "name": "INVOKE", "code": 0, "data": {"count": 1, "perf": [7, 48, 0], "boxes": [[20, 128, 23, 62, 62, 0], [180, 130, 47, 193, 83, 0], [224, 146, 31, 151, 33, 0]], "resolution": [240, 240]}}[0m
[0;32mI (52279) FallDetection: FDPOLL,52090[0m
[0;32mI (52359) FallDetection: FDLOG,364,52170,0,{"type": 0, "name": "INVOKE", "code": 0, "data": {"model": {"id": 1, "type": 0, "address": 4194304, "size": 0}, "algorithm": {"type": 3, "categroy": 1, "input_from": 1, "config": {"tscore": 26, "tiou": 35}}, "sensor": {"id": 1, "type": 1, "state": 1, "opt_id": 0, "opt_detail": "240x240 Auto"}}}[0m
[0;32mI (52439) FallDetection: FDLOG,365,52250,0,{"type": 1, "name": "INVOKE", "code": 0, "data": {"count": 1, "perf": [7, 48, 0], "boxes": [[18, 128, 31, 62, 62, 0], [180, 130, 47, 193, 83, 0], [224, 146, 28, 136, 37, 0]], "resolution": [240, 240]}}[0m
[0;32mI (52519) FallDetection: FDPOLL,52330[0m
[0;32mI (52589) FallDetection: FDLOG,366,52400,0,{"type": 0, "name": "INVOKE", "code": 0, "data": {"model": {"id": 1, "type": 0, "address": 4194304, "size": 0}, "algorithm": {"type": 3, "categroy": 1, "input_from": 1, "config": {"tscore": 26, "tiou": 35}}, "sensor": {"id": 1, "type": 1, "state": 1, "opt_id": 0, "opt_detail": "240x240 Auto"}}}[0m
[0;32mI (52669) FallDetection: FDLOG,367,52480,0,{"type": 1, "name": "INVOKE", "code": 0, "data": {"count": 1, "perf": [7, 48, 0], "boxes": [[18, 128, 31, 62, 56, 0], [20, 117, 23, 44, 31, 0], [180, 130, 47, 193, 83, 0], [224, 141, 34, 130, 33, 0]], "resolution": [240, 240]}}[0m
[0;32mI (52759) FallDetection: FDPOLL,52570[0m
[0;32mI (52839) FallDetection: FDLOG,368,52650,0,{"type": 0, "name": "INVOKE", "code": 0, "data": {"model": {"id": 1, "type": 0, "address": 4194304, "size": 0}, "algorithm": {"type": 3, "categroy": 1, "input_from": 1, "config": {"tscore": 26, "tiou": 35}}, "sensor": {"id": 1, "type": 1, "state": 1, "opt_id": 0, "opt_detail": "240x240 Auto"}}}[0m
[0;32mI (52919) FallDetection: FDLOG,369,52730,0,{"type": 1, "name": "INVOKE", "code": 0, "data": {"count": 1, "perf": [7, 48, 0], "boxes": [[18, 128, 31, 62, 62, 0], [180, 130, 47, 193, 83, 0], [222, 146, 28, 136, 37, 0]], "resolution": [240, 240]}}[0m
[0;32mI (52999) FallDetection: FDPOLL,52810[0m
[0;32mI (53069) FallDetection: FDLOG,370,52880,0,{"type": 0, "name": "INVOKE", "code": 0, "data": {"model": {"id": 1, "type": 0, "address": 4194304, "size": 0}, "algorithm": {"type": 3, "categroy": 1, "input_from": 1, "config": {"tscore": 26, "tiou": 35}}, "sensor": {"id": 1, "type": 1, "state": 1, "opt_id": 0, "opt_detail": "240x240 Auto"}}}[0m
[0;32mI (53149) FallDetection: FDLOG,371,52960,0,{"type": 1, "name": "INVOKE", "code": 0, "data": {"count": 1, "perf": [7, 48, 0], "boxes": [[20, 128, 23, 62, 62, 0], [180, 130, 47, 193, 83, 0], [219, 146, 31, 151, 33, 0]], "resolution": [240, 240]}}[0m
[0;32mI (53169) FallDetection: FDSTACK_FREE,2620[0m
[0;32mI (53239) FallDetection: FDPOLL,53050[0m
[0;32mI (53319) FallDetection: FDLOG,372,53130,0,{"type": 0, "name": "INVOKE", "code": 0, "data": {"model": {"id": 1, "type": 0, "address": 4194304, "size": 0}, "algorithm": {"type": 3, "categroy": 1, "input_from": 1, "config": {"tscore": 26, "tiou": 35}}, "sensor": {"id": 1, "type": 1, "state": 1, "opt_id": 0, "opt_detail": "240x240 Auto"}}}[0m
[0;32mI (53399) FallDetection: FDLOG,373,53210,0,{"type": 1, "name": "INVOKE", "code": 0, "data": {"count": 1, "perf": [7, 48, 0], "boxes": [[18, 130, 31, 62, 66, 0], [180, 130, 47, 193, 83, 0], [224, 146, 28, 136, 37, 0]], "resolution": [240, 240]}}[0m
[0;32mI (53479) FallDetection: FDPOLL,53290[0m
[0;32mI (53549) FallDetection: FDLOG,374,53360,0,{"type": 0, "name": "INVOKE", "code": 0, "data": {"model": {"id": 1, "type": 0, "address": 4194304, "size": 0}, "algorithm": {"type": 3, "categroy": 1, "input_from": 1, "config": {"tscore": 26, "tiou": 35}}, "sensor": {"id": 1, "type": 1, "state": 1, "opt_id": 0, "opt_detail": "240x240 Auto"}}}[0m
[0;32mI (53629) FallDetection: FDLOG,375,53440,0,{"type": 1, "name": "INVOKE", "code": 0, "data": {"count": 1, "perf": [7, 48, 0], "boxes": [[18, 130, 31, 62, 66, 0], [180, 130, 47, 193, 77, 0], [222, 143, 31, 151, 33, 0]], "resolution": [240, 240]}}[0m
[0;32mI (53719) FallDetection: FDPOLL,53530[0m
[0;32mI (53799) FallDetection: FDLOG,376,53610,0,{"type": 0, "name": "INVOKE", "code": 0, "data": {"model": {"id": 1, "type": 0, "address": 4194304, "size": 0}, "algorithm": {"type": 3, "categroy": 1, "input_from": 1, "config": {"tscore": 26, "tiou": 35}}, "sensor": {"id": 1, "type": 1, "state": 1, "opt_id": 0, "opt_detail": "240x240 Auto"}}}[0m
[0;32mI (53879) FallDetection: FDLOG,377,53690,0,{"type": 1, "name": "INVOKE", "code": 0, "data": {"count": 1, "perf": [7, 48, 0], "boxes": [[18, 128, 31, 62, 62, 0], [180, 130, 57, 185, 81, 0]], "resolution": [240, 240]}}[0m
[0;32mI (53959) FallDetection: FDPOLL,53770[0m
[0;32mI (54029) FallDetection: FDLOG,378,53840,0,{"type": 0, "name": "INVOKE", "code": 0, "data": {"model": {"id": 1, "type": 0, "address": 4194304, "size": 0}, "algorithm": {"type": 3, "categroy": 1, "input_from": 1, "config": {"tscore": 26, "tiou": 35}}, "sensor": {"id": 1, "type": 1, "state": 1, "opt_id": 0, "opt_detail": "240x240 Auto"}}}[0m
[0;32mI (54109) FallDetection: FDLOG,379,53920,0,{"type": 1, "name": "INVOKE", "code": 0, "data": {"count": 1, "perf": [7, 48, 0], "boxes": [[18, 130, 31, 62, 62, 0], [180, 125, 47, 193, 83, 0], [222, 143, 31, 115, 37, 0]], "resolution": [240, 240]}}[0m
[0;32mI (54189) FallDetection: FDSTACK_FREE,2620[0m
[0;32mI (54199) FallDetection: FDPOLL,54010[0m
[0;32mI (54279) FallDetection: FDLOG,380,54090,0,{"type": 0, "name": "INVOKE", "code": 0, "data": {"model": {"id": 1, "type": 0, "address": 4194304, "size": 0}, "algorithm": {"type": 3, "categroy": 1, "input_from": 1, "config": {"tscore": 26, "tiou": 35}}, "sensor": {"id": 1, "type": 1, "state": 1, "opt_id": 0, "opt_detail": "240x240 Auto"}}}[0m
[0;32mI (54359) FallDetection: FDLOG,381,54170,0,{"type": 1, "name": "INVOKE", "code": 0, "data": {"count": 1, "perf": [7, 48, 0], "boxes": [[18, 130, 31, 62, 66, 0], [180, 130, 47, 193, 83, 0], [219, 143, 31, 115, 43, 0]], "resolution": [240, 240]}}[0m
[0;32mI (54439) FallDetection: FDPOLL,54250[0m
[0;32mI (54509) FallDetection: FDLOG,382,54320,0,{"type": 0, "name": "INVOKE", "code": 0, "data": {"model": {"id": 1, "type": 0, "address": 4194304, "size": 0}, "algorithm": {"type": 3, "categroy": 1, "input_from": 1, "config": {"tscore": 26, "tiou": 35}}, "sensor": {"id": 1, "type": 1, "state": 1, "opt_id": 0, "opt_detail": "240x240 Auto"}}}[0m
[0;32mI (54589) FallDetection: FDLOG,383,54400,0,{"type": 1, "name": "INVOKE", "code": 0, "data": {"count": 1, "perf": [7, 48, 0], "boxes": [[18, 130, 31, 62, 56, 0], [20, 120, 23, 41, 29, 0], [180, 130, 47, 193, 87, 0]], "resolution": [240, 240]}}[0m
[0;32mI (54679) FallDetection: FDPOLL,54490[0m
[0;32mI (54759) FallDetection: FDLOG,384,54570,0,{"type": 0, "name": "INVOKE", "code": 0, "data": {"model": {"id": 1, "type": 0, "address": 4194304, "size": 0}, "algorithm": {"type": 3, "categroy": 1, "input_from": 1, "config": {"tscore": 26, "tiou": 35}}, "sensor": {"id": 1, "type": 1, "state": 1, "opt_id": 0, "opt_detail": "240x240 Auto"}}}[0m
[0;32mI (54839) FallDetection: FDLOG,385,54650,0,{"type": 1, "name": "INVOKE", "code": 0, "data": {"count": 1, "perf": [7, 48, 0], "boxes": [[18, 128, 31, 62, 62, 0], [180, 130, 47, 193, 87, 0], [224, 143, 28, 136, 33, 0]], "resolution": [240, 240]}}[0m
[0;32mI (54919) FallDetection: FDPOLL,54730[0m
[0;32mI (54989) FallDetection: FDLOG,386,54800,0,{"type": 0, "name": "INVOKE", "code": 0, "data": {"model": {"id": 1, "type": 0, "address": 4194304, "size": 0}, "algorithm": {"type": 3, "categroy": 1, "input_from": 1, "config": {"tscore": 26, "tiou": 35}}, "sensor": {"id": 1, "type": 1, "state": 1, "opt_id": 0, "opt_detail": "240x240 Auto"}}}[0m
[0;32mI (55069) FallDetection: FDLOG,387,54880,0,{"type": 1, "name": "INVOKE", "code": 0, "data": {"count": 1, "perf": [7, 48, 0], "boxes": [[20, 128, 23, 62, 56, 0], [180, 125, 47, 193, 83, 0], [219, 146, 39, 136, 43, 0]], "resolution": [240, 240]}}[0m
[0;32mI (55159) FallDetection: FDPOLL,54970[0m
[0;32mI (55239) FallDetection: FDLOG,388,55050,0,{"type": 0, "name": "INVOKE", "code": 0, "data": {"model": {"id": 1, "type": 0, "address": 4194304, "size": 0}, "algorithm": {"type": 3, "categroy": 1, "input_from": 1, "config": {"tscore": 26, "tiou": 35}}, "sensor": {"id": 1, "type": 1, "state": 1, "opt_id": 0, "opt_detail": "240x240 Auto"}}}[0m
[0;32mI (55259) FallDetection: FDSTACK_FREE,2620[0m
[0;32mI (55319) FallDetection: FDLOG,389,55130,0,{"type": 1, "name": "INVOKE", "code": 0, "data": {"count": 1, "perf": [7, 48, 0], "boxes": [[18, 128, 31, 62, 56, 0], [172, 130, 47, 193, 87, 0], [219, 146, 41, 151, 33, 0]], "resolution": [240, 240]}}[0m
[0;32mI (55399) FallDetection: FDPOLL,55210[0m
[0;32mI (55469) FallDetection: FDLOG,390,55280,0,{"type": 0, "name": "INVOKE", "code": 0, "data": {"model": {"id": 1, "type": 0, "address": 4194304, "size": 0}, "algorithm": {"type": 3, "categroy": 1, "input_from": 1, "config": {"tscore": 26, "tiou": 35}}, "sensor": {"id": 1, "type": 1, "state": 1, "opt_id": 0, "opt_detail": "240x240 Auto"}}}[0m
[0;32mI (55549) FallDetection: FDLOG,391,55360,0,{"type": 1, "name": "INVOKE", "code": 0, "data": {"count": 1, "perf": [7, 48, 0], "boxes": [[18, 130, 31, 62, 66, 0], [162, 128, 57, 185, 83, 0], [211, 146, 47, 151, 35, 0]], "resolution": [240, 240]}}[0m
[0;32mI (55639) FallDetection: FDPOLL,55450[0m
[0;32mI (55719) FallDetection: FDLOG,392,55530,0,{"type": 0, "name": "INVOKE", "code": 0, "data": {"model": {"id": 1, "type": 0, "address": 4194304, "size": 0}, "algorithm": {"type": 3, "categroy": 1, "input_from": 1, "config": {"tscore": 26, "tiou": 35}}, "sensor": {"id": 1, "type": 1, "state": 1, "opt_id": 0, "opt_detail": "240x240 Auto"}}}[0m
[0;32mI (55799) FallDetection: FDLOG,393,55610,0,{"type": 1, "name": "INVOKE", "code": 0, "data": {"count": 1, "perf": [7, 48, 0], "boxes": [[18, 128, 31, 62, 66, 0], [151, 128, 75, 185, 66, 0], [211, 146, 57, 151, 62, 0]], "resolution": [240, 240]}}[0m
[0;32mI (55879) FallDetection: FDPOLL,55690[0m
[0;32mI (55949) FallDetection: FDLOG,394,55760,0,{"type": 0, "name": "INVOKE", "code": 0, "data": {"model": {"id": 1, "type": 0, "address": 4194304, "size": 0}, "algorithm": {"type": 3, "categroy": 1, "input_from": 1, "config": {"tscore": 26, "tiou": 35}}, "sensor": {"id": 1, "type": 1, "state": 1, "opt_id": 0, "opt_detail": "240x240 Auto"}}}[0m
[0;32mI (56029) FallDetection: FDLOG,395,55840,0,{"type": 1, "name": "INVOKE", "code": 0, "data": {"count": 1, "perf": [7, 48, 0], "boxes": [[18, 130, 31, 62, 62, 0], [122, 146, 138, 177, 87, 0], [211, 151, 57, 151, 66, 0]], "resolution": [240, 240]}}[0m
[0;32mI (56119) FallDetection: FDPOLL,55930[0m
[0;32mI (56199) FallDetection: FDLOG,396,56010,0,{"type": 0, "name": "INVOKE", "code": 0, "data": {"model": {"id": 1, "type": 0, "address": 4194304, "size": 0}, "algorithm": {"type": 3, "categroy": 1, "input_from": 1, "config": {"tscore": 26, "tiou": 35}}, "sensor": {"id": 1, "type": 1, "state": 1, "opt_id": 0, "opt_detail": "240x240 Auto"}}}[0m
[0;32mI (56279) FallDetection: FDLOG,397,56090,0,{"type": 1, "name": "INVOKE", "code": 0, "data": {"count": 1, "perf": [7, 48, 0], "boxes": [[23, 130, 41, 62, 62, 0], [99, 180, 196, 120, 77, 0], [211, 141, 57, 115, 43, 0]], "resolution": [240, 240]}}[0m
[0;32mI (56289) FallDetection: FDEVT,10,Upright,Descending,56090,vy=0.38,vh=-0.44,drop=0.26,r=1.63[0m
[0;32mI (56299) FallDetection: FDSTACK_FREE,2620[0m
[0;32mI (56369) FallDetection: FDPOLL,56180[0m
[0;32mI (56429) FallDetection: FDLOG,398,56240,0,{"type": 0, "name": "INVOKE", "code": 0, "data": {"model": {"id": 1, "type": 0, "address": 4194304, "size": 0}, "algorithm": {"type": 3, "categroy": 1, "input_from": 1, "config": {"tscore": 26, "tiou": 35}}, "sensor": {"id": 1, "type": 1, "state": 1, "opt_id": 0, "opt_detail": "240x240 Auto"}}}[0m
[0;32mI (56509) FallDetection: FDLOG,399,56320,0,{"type": 1, "name": "INVOKE", "code": 0, "data": {"count": 1, "perf": [7, 48, 0], "boxes": [[20, 122, 23, 62, 56, 0], [83, 188, 196, 78, 29, 0]], "resolution": [240, 240]}}[0m
[0;32mI (56589) FallDetection: FDPOLL,56400[0m
[0;32mI (56659) FallDetection: FDLOG,400,56470,0,{"type": 0, "name": "INVOKE", "code": 0, "data": {"model": {"id": 1, "type": 0, "address": 4194304, "size": 0}, "algorithm": {"type": 3, "categroy": 1, "input_from": 1, "config": {"tscore": 26, "tiou": 35}}, "sensor": {"id": 1, "type": 1, "state": 1, "opt_id": 0, "opt_detail": "240x240 Auto"}}}[0m
[0;32mI (56739) FallDetection: FDLOG,401,56550,0,{"type": 1, "name": "INVOKE", "code": 0, "data": {"count": 1, "perf": [7, 48, 0], "boxes": [[23, 122, 20, 57, 50, 0], [62, 188, 130, 62, 71, 0], [211, 141, 62, 120, 41, 0]], "resolution": [240, 240]}}[0m
[0;32mI (56749) FallDetection: FDEVT,10,Descending,GroundUnconfirmed,56550,vy=0.30,vh=-0.87,drop=0.30,r=2.10[0m
[0;32mI (56829) FallDetection: FDPOLL,56640[0m
[0;32mI (56889) FallDetection: FDLOG,402,56700,0,{"type": 0, "name": "INVOKE", "code": 0, "data": {"model": {"id": 1, "type": 0, "address": 4194304, "size": 0}, "algorithm": {"type": 3, "categroy": 1, "input_from": 1, "config": {"tscore": 26, "tiou": 35}}, "sensor": {"id": 1, "type": 1, "state": 1, "opt_id": 0, "opt_detail": "240x240 Auto"}}}[0m
[0;32mI (56969) FallDetection: FDLOG,403,56780,0,{"type": 1, "name": "INVOKE", "code": 0, "data": {"count": 1, "perf": [7, 48, 0], "boxes": [[23, 122, 20, 57, 43, 0], [70, 204, 146, 81, 64, 0], [211, 141, 47, 115, 29, 0]], "resolution": [240, 240]}}[0m
[0;32mI (57049) FallDetection: FDPOLL,56860[0m
[0;32mI (57119) FallDetection: FDLOG,404,56930,0,{"type": 0, "name": "INVOKE", "code": 0, "data": {"model": {"id": 1, "type": 0, "address": 4194304, "size": 0}, "algorithm": {"type": 3, "categroy": 1, "input_from": 1, "config": {"tscore": 26, "tiou": 35}}, "sensor": {"id": 1, "type": 1, "state": 1, "opt_id": 0, "opt_detail": "240x240 Auto"}}}[0m
[0;32mI (57199) FallDetection: FDLOG,405,57010,0,{"type": 1, "name": "INVOKE", "code": 0, "data": {"count": 1, "perf": [7, 48, 0], "boxes": [[20, 128, 20, 57, 37, 0], [70, 211, 146, 54, 29, 0]], "resolution": [240, 240]}}[0m
[0;32mI (57279) FallDetection: FDPOLL,57090[0m
[0;32mI (57349) FallDetection: FDLOG,406,57160,0,{"type": 0, "name": "INVOKE", "code": 0, "data": {"model": {"id": 1, "type": 0, "address": 4194304, "size": 0}, "algorithm": {"type": 3, "categroy": 1, "input_from": 1, "config": {"tscore": 26, "tiou": 35}}, "sensor": {"id": 1, "type": 1, "state": 1, "opt_id": 0, "opt_detail": "240x240 Auto"}}}[0m
[0;32mI (57359) FallDetection: FDSTACK_FREE,2620[0m
[0;32mI (57429) FallDetection: FDLOG,407,57240,0,{"type": 1, "name": "INVOKE", "code": 0, "data": {"count": 1, "perf": [7, 48, 0], "boxes": [[18, 122, 31, 62, 43, 0]], "resolution": [240, 240]}}[0m
[0;32mI (57509) FallDetection: FDPOLL,57320[0m
[0;32mI (57579) FallDetection: FDLOG,408,57390,0,{"type": 0, "name": "INVOKE", "code": 0, "data": {"model": {"id": 1, "type": 0, "address": 4194304, "size": 0}, "algorithm": {"type": 3, "categroy": 1, "input_from": 1, "config": {"tscore": 26, "tiou": 35}}, "sensor": {"id": 1, "type": 1, "state": 1, "opt_id": 0, "opt_detail": "240x240 Auto"}}}[0m
[0;32mI (57659) FallDetection: FDLOG,409,57470,0,{"type": 1, "name": "INVOKE", "code": 0, "data": {"count": 1, "perf": [7, 48, 0], "boxes": [[23, 128, 20, 57, 56, 0], [211, 141, 57, 151, 37, 0]], "resolution": [240, 240]}}[0m
[0;32mI (57739) FallDetection: FDPOLL,57550[0m
[0;32mI (57809) FallDetection: FDLOG,410,57620,0,{"type": 0, "name": "INVOKE", "code": 0, "data": {"model": {"id": 1, "type": 0, "address": 4194304, "size": 0}, "algorithm": {"type": 3, "categroy": 1, "input_from": 1, "config": {"tscore": 26, "tiou": 35}}, "sensor": {"id": 1, "type": 1, "state": 1, "opt_id": 0, "opt_detail": "240x240 Auto"}}}[0m
[0;32mI (57889) FallDetection: FDLOG,411,57700,0,{"type": 1, "name": "INVOKE", "code": 0, "data": {"count": 1, "perf": [7, 48, 0], "boxes": [[20, 128, 23, 62, 56, 0]], "resolution": [240, 240]}}[0m
[0;32mI (57969) FallDetection: FDPOLL,57780[0m
[0;32mI (58039) FallDetection: FDLOG,412,57850,0,{"type": 0, "name": "INVOKE", "code": 0, "data": {"model": {"id": 1, "type": 0, "address": 4194304, "size": 0}, "algorithm": {"type": 3, "categroy": 1, "input_from": 1, "config": {"tscore": 26, "tiou": 35}}, "sensor": {"id": 1, "type": 1, "state": 1, "opt_id": 0, "opt_detail": "240x240 Auto"}}}[0m
[0;32mI (58119) FallDetection: FDLOG,413,57930,0,{"type": 1, "name": "INVOKE", "code": 0, "data": {"count": 1, "perf": [7, 48, 0], "boxes": [[20, 130, 23, 62, 62, 0]], "resolution": [240, 240]}}[0m
[0;32mI (58199) FallDetection: FDPOLL,58010[0m
[0;32mI (58269) FallDetection: FDLOG,414,58080,0,{"type": 0, "name": "INVOKE", "code": 0, "data": {"model": {"id": 1, "type": 0, "address": 4194304, "size": 0}, "algorithm": {"type": 3, "categroy": 1, "input_from": 1, "config": {"tscore": 26, "tiou": 35}}, "sensor": {"id": 1, "type": 1, "state": 1, "opt_id": 0, "opt_detail": "240x240 Auto"}}}[0m
[0;32mI (58349) FallDetection: FDLOG,415,58160,0,{"type": 1, "name": "INVOKE", "code": 0, "data": {"count": 1, "perf": [7, 48, 0], "boxes": [[20, 130, 23, 62, 56, 0]], "resolution": [240, 240]}}[0m
[0;32mI (58419) FallDetection: FDSTACK_FREE,2620[0m
[0;32mI (58429) FallDetection: FDPOLL,58240[0m
[0;32mI (58499) FallDetection: FDLOG,416,58310,0,{"type": 0, "name": "INVOKE", "code": 0, "data": {"model": {"id": 1, "type": 0, "address": 4194304, "size": 0}, "algorithm": {"type": 3, "categroy": 1, "input_from": 1, "config": {"tscore": 26, "tiou": 35}}, "sensor": {"id": 1, "type": 1, "state": 1, "opt_id": 0, "opt_detail": "240x240 Auto"}}}[0m
[0;32mI (58579) FallDetection: FDLOG,417,58390,0,{"type": 1, "name": "INVOKE", "code": 0, "data": {"count": 1, "perf": [7, 48, 0], "boxes": [[18, 128, 31, 62, 43, 0]], "resolution": [240, 240]}}[0m
[0;32mI (58659) FallDetection: FDPOLL,58470[0m
[0;32mI (58729) FallDetection: FDLOG,418,58540,0,{"type": 0, "name": "INVOKE", "code": 0, "data": {"model": {"id": 1, "type": 0, "address": 4194304, "size": 0}, "algorithm": {"type": 3, "categroy": 1, "input_from": 1, "config": {"tscore": 26, "tiou": 35}}, "sensor": {"id": 1, "type": 1, "state": 1, "opt_id": 0, "opt_detail": "240x240 Auto"}}}[0m
[0;32mI (58799) FallDetection: FDLOG,419,58610,0,{"type": 1, "name": "INVOKE", "code": 0, "data": {"count": 1, "perf": [7, 48, 0], "boxes": [[18, 128, 23, 62, 33, 0]], "resolution": [240, 240]}}[0m
[0;32mI (58879) FallDetection: FDPOLL,58690[0m
[0;32mI (58959) FallDetection: FDLOG,420,58770,0,{"type": 0, "name": "INVOKE", "code": 0, "data": {"model": {"id": 1, "type": 0, "address": 4194304, "size": 0}, "algorithm": {"type": 3, "categroy": 1, "input_from": 1, "config": {"tscore": 26, "tiou": 35}}, "sensor": {"id": 1, "type": 1, "state": 1, "opt_id": 0, "opt_detail": "240x240 Auto"}}}[0m
[0;32mI (59039) FallDetection: FDLOG,421,58850,0,{"type": 1, "name": "INVOKE", "code": 0, "data": {"count": 1, "perf": [7, 48, 0], "boxes": [[20, 122, 28, 57, 29, 0]], "resolution": [240, 240]}}[0m
[0;32mI (59119) FallDetection: FDPOLL,58930[0m
[0;32mI (59189) FallDetection: FDLOG,422,59000,0,{"type": 0, "name": "INVOKE", "code": 0, "data": {"model": {"id": 1, "type": 0, "address": 4194304, "size": 0}, "algorithm": {"type": 3, "categroy": 1, "input_from": 1, "config": {"tscore": 26, "tiou": 35}}, "sensor": {"id": 1, "type": 1, "state": 1, "opt_id": 0, "opt_detail": "240x240 Auto"}}}[0m
[0;32mI (59269) FallDetection: FDLOG,423,59080,0,{"type": 1, "name": "INVOKE", "code": 0, "data": {"count": 1, "perf": [7, 48, 0], "boxes": [], "resolution": [240, 240]}}[0m
[0;32mI (59339) FallDetection: FDPOLL,59150[0m
[0;32mI (59419) FallDetection: FDLOG,424,59230,0,{"type": 0, "name": "INVOKE", "code": 0, "data": {"model": {"id": 1, "type": 0, "address": 4194304, "size": 0}, "algorithm": {"type": 3, "categroy": 1, "input_from": 1, "config": {"tscore": 26, "tiou": 35}}, "sensor": {"id": 1, "type": 1, "state": 1, "opt_id": 0, "opt_detail": "240x240 Auto"}}}[0m
[0;32mI (59439) FallDetection: FDSTACK_FREE,2620[0m
[0;32mI (59499) FallDetection: FDLOG,425,59310,0,{"type": 1, "name": "INVOKE", "code": 0, "data": {"count": 1, "perf": [7, 48, 0], "boxes": [[211, 141, 57, 115, 37, 0]], "resolution": [240, 240]}}[0m
[0;32mI (59579) FallDetection: FDPOLL,59390[0m
[0;32mI (59649) FallDetection: FDLOG,426,59460,0,{"type": 0, "name": "INVOKE", "code": 0, "data": {"model": {"id": 1, "type": 0, "address": 4194304, "size": 0}, "algorithm": {"type": 3, "categroy": 1, "input_from": 1, "config": {"tscore": 26, "tiou": 35}}, "sensor": {"id": 1, "type": 1, "state": 1, "opt_id": 0, "opt_detail": "240x240 Auto"}}}[0m
[0;32mI (59729) FallDetection: FDLOG,427,59540,0,{"type": 1, "name": "INVOKE", "code": 0, "data": {"count": 1, "perf": [7, 48, 0], "boxes": [[211, 141, 47, 115, 50, 0]], "resolution": [240, 240]}}[0m
[0;32mI (59799) SystemInfo: free sram: 76363 minimal sram: 58687[0m
[0;32mI (59809) FallDetection: FDPOLL,59620[0m
[0;32mI (59879) FallDetection: FDLOG,428,59690,0,{"type": 0, "name": "INVOKE", "code": 0, "data": {"model": {"id": 1, "type": 0, "address": 4194304, "size": 0}, "algorithm": {"type": 3, "categroy": 1, "input_from": 1, "config": {"tscore": 26, "tiou": 35}}, "sensor": {"id": 1, "type": 1, "state": 1, "opt_id": 0, "opt_detail": "240x240 Auto"}}}[0m
[0;32mI (59959) FallDetection: FDLOG,429,59770,0,{"type": 1, "name": "INVOKE", "code": 0, "data": {"count": 1, "perf": [7, 48, 0], "boxes": [[211, 141, 60, 130, 43, 0]], "resolution": [240, 240]}}[0m
[0;32mI (60039) FallDetection: FDPOLL,59850[0m
[0;32mI (60109) FallDetection: FDLOG,430,59920,0,{"type": 0, "name": "INVOKE", "code": 0, "data": {"model": {"id": 1, "type": 0, "address": 4194304, "size": 0}, "algorithm": {"type": 3, "categroy": 1, "input_from": 1, "config": {"tscore": 26, "tiou": 35}}, "sensor": {"id": 1, "type": 1, "state": 1, "opt_id": 0, "opt_detail": "240x240 Auto"}}}[0m
[0;32mI (60179) FallDetection: FDLOG,431,59990,0,{"type": 1, "name": "INVOKE", "code": 0, "data": {"count": 1, "perf": [7, 48, 0], "boxes": [[211, 141, 47, 115, 29, 0]], "resolution": [240, 240]}}[0m
[0;32mI (60259) FallDetection: FDPOLL,60070[0m
[0;32mI (60339) FallDetection: FDLOG,432,60150,0,{"type": 0, "name": "INVOKE", "code": 0, "data": {"model": {"id": 1, "type": 0, "address": 4194304, "size": 0}, "algorithm": {"type": 3, "categroy": 1, "input_from": 1, "config": {"tscore": 26, "tiou": 35}}, "sensor": {"id": 1, "type": 1, "state": 1, "opt_id": 0, "opt_detail": "240x240 Auto"}}}[0m
[0;32mI (60419) FallDetection: FDLOG,433,60230,0,{"type": 1, "name": "INVOKE", "code": 0, "data": {"count": 1, "perf": [7, 48, 0], "boxes": [], "resolution": [240, 240]}}[0m
[0;32mI (60489) FallDetection: FDSTACK_FREE,2620[0m
[0;32mI (60499) FallDetection: FDPOLL,60310[0m
[0;32mI (60569) FallDetection: FDLOG,434,60380,0,{"type": 0, "name": "INVOKE", "code": 0, "data": {"model": {"id": 1, "type": 0, "address": 4194304, "size": 0}, "algorithm": {"type": 3, "categroy": 1, "input_from": 1, "config": {"tscore": 26, "tiou": 35}}, "sensor": {"id": 1, "type": 1, "state": 1, "opt_id": 0, "opt_detail": "240x240 Auto"}}}[0m
[0;32mI (60649) FallDetection: FDLOG,435,60460,0,{"type": 1, "name": "INVOKE", "code": 0, "data": {"count": 1, "perf": [7, 48, 0], "boxes": [], "resolution": [240, 240]}}[0m
[0;32mI (60649) FallDetection: FDEVT,10,GroundUnconfirmed,FallConfirmed,60460,vy=0.19,vh=-0.12,drop=0.42,r=2.70[0m
[0;32mI (60669) Application: Abort speaking[0m
[0;33mW (60669) FallDetection: 🚨 CRITICAL FALL DETECTED (track 10, zombie_dropout)[0m
[0;32mI (60669) CompactWifiBoardLCDTouch: Sent Eye Command: 0x04[0m
[0;32mI (60709) FallDetection: FDPOLL,60520[0m
[0;32mI (60779) FallDetection: FDLOG,436,60590,0,{"type": 0, "name": "INVOKE", "code": 0, "data": {"model": {"id": 1, "type": 0, "address": 4194304, "size": 0}, "algorithm": {"type": 3, "categroy": 1, "input_from": 1, "config": {"tscore": 26, "tiou": 35}}, "sensor": {"id": 1, "type": 1, "state": 1, "opt_id": 0, "opt_detail": "240x240 Auto"}}}[0m
[0;32mI (60859) FallDetection: FDLOG,437,60670,0,{"type": 1, "name": "INVOKE", "code": 0, "data": {"count": 1, "perf": [7, 48, 0], "boxes": [], "resolution": [240, 240]}}[0m
[0;32mI (60939) FallDetection: FDPOLL,60750[0m
[0;32mI (61009) FallDetection: FDLOG,438,60820,0,{"type": 0, "name": "INVOKE", "code": 0, "data": {"model": {"id": 1, "type": 0, "address": 4194304, "size": 0}, "algorithm": {"type": 3, "categroy": 1, "input_from": 1, "config": {"tscore": 26, "tiou": 35}}, "sensor": {"id": 1, "type": 1, "state": 1, "opt_id": 0, "opt_detail": "240x240 Auto"}}}[0m
[0;32mI (61079) FallDetection: FDLOG,439,60890,0,{"type": 1, "name": "INVOKE", "code": 0, "data": {"count": 1, "perf": [7, 48, 0], "boxes": [[211, 141, 47, 115, 35, 0]], "resolution": [240, 240]}}[0m
[0;32mI (61159) FallDetection: FDPOLL,60970[0m
[0;32mI (61239) FallDetection: FDLOG,440,61050,0,{"type": 0, "name": "INVOKE", "code": 0, "data": {"model": {"id": 1, "type": 0, "address": 4194304, "size": 0}, "algorithm": {"type": 3, "categroy": 1, "input_from": 1, "config": {"tscore": 26, "tiou": 35}}, "sensor": {"id": 1, "type": 1, "state": 1, "opt_id": 0, "opt_detail": "240x240 Auto"}}}[0m
[0;32mI (61319) FallDetection: FDLOG,441,61130,0,{"type": 1, "name": "INVOKE", "code": 0, "data": {"count": 1, "perf": [7, 48, 0], "boxes": [], "resolution": [240, 240]}}[0m
[0;32mI (61399) FallDetection: FDPOLL,61210[0m
[0;32mI (61469) FallDetection: FDLOG,442,61280,0,{"type": 0, "name": "INVOKE", "code": 0, "data": {"model": {"id": 1, "type": 0, "address": 4194304, "size": 0}, "algorithm": {"type": 3, "categroy": 1, "input_from": 1, "config": {"tscore": 26, "tiou": 35}}, "sensor": {"id": 1, "type": 1, "state": 1, "opt_id": 0, "opt_detail": "240x240 Auto"}}}[0m
[0;32mI (61489) FallDetection: FDSTACK_FREE,2620[0m
[0;32mI (61549) FallDetection: FDLOG,443,61360,0,{"type": 1, "name": "INVOKE", "code": 0, "data": {"count": 1, "perf": [7, 48, 0], "boxes": [], "resolution": [240, 240]}}[0m
[0;32mI (61619) FallDetection: FDPOLL,61430[0m
[0;32mI (61749) FallDetection: FDLOG,444,61560,0,{"type": 0, "name": "INVOKE", "code": 0, "data": {"model": {"id": 1, "type": 0, "address": 4194304, "size": 0}, "algorithm": {"type": 3, "categroy": 1, "input_from": 1, "config": {"tscore": 26, "tiou": 35}}, "sensor": {"id": 1, "type": 1, "state": 1, "opt_id": 0, "opt_detail": "240x240 Auto"}}}[0m
[0;32mI (61769) FallDetection: FDLOG,445,61580,0,{"type": 1, "name": "INVOKE", "code": 0, "data": {"count": 1, "perf": [7, 48, 0], "boxes": [], "resolution": [240, 240]}}[0m
[0;32mI (61849) FallDetection: FDPOLL,61660[0m
[0;32mI (61969) FallDetection: FDLOG,446,61780,0,{"type": 0, "name": "INVOKE", "code": 0, "data": {"model": {"id": 1, "type": 0, "address": 4194304, "size": 0}, "algorithm": {"type": 3, "categroy": 1, "input_from": 1, "config": {"tscore": 26, "tiou": 35}}, "sensor": {"id": 1, "type": 1, "state": 1, "opt_id": 0, "opt_detail": "240x240 Auto"}}}[0m
[0;32mI (61979) FallDetection: FDLOG,447,61790,0,{"type": 1, "name": "INVOKE", "code": 0, "data": {"count": 1, "perf": [7, 48, 0], "boxes": [], "resolution": [240, 240]}}[0m
[0;32mI (62069) FallDetection: FDPOLL,61880[0m
[0;32mI (62139) FallDetection: FDLOG,448,61950,0,{"type": 0, "name": "INVOKE", "code": 0, "data": {"model": {"id": 1, "type": 0, "address": 4194304, "size": 0}, "algorithm": {"type": 3, "categroy": 1, "input_from": 1, "config": {"tscore": 26, "tiou": 35}}, "sensor": {"id": 1, "type": 1, "state": 1, "opt_id": 0, "opt_detail": "240x240 Auto"}}}[0m
[0;32mI (62219) FallDetection: FDLOG,449,62030,0,{"type": 1, "name": "INVOKE", "code": 0, "data": {"count": 1, "perf": [7, 48, 0], "boxes": [[211, 141, 62, 120, 29, 0]], "resolution": [240, 240]}}[0m
[0;32mI (62299) FallDetection: FDPOLL,62110[0m
[0;32mI (62369) FallDetection: FDLOG,450,62180,0,{"type": 0, "name": "INVOKE", "code": 0, "data": {"model": {"id": 1, "type": 0, "address": 4194304, "size": 0}, "algorithm": {"type": 3, "categroy": 1, "input_from": 1, "config": {"tscore": 26, "tiou": 35}}, "sensor": {"id": 1, "type": 1, "state": 1, "opt_id": 0, "opt_detail": "240x240 Auto"}}}[0m
[0;32mI (62449) FallDetection: FDLOG,451,62260,0,{"type": 1, "name": "INVOKE", "code": 0, "data": {"count": 1, "perf": [7, 48, 0], "boxes": [[211, 141, 47, 115, 35, 0]], "resolution": [240, 240]}}[0m
[0;32mI (62509) FallDetection: FDSTACK_FREE,2620[0m
[0;32mI (62519) FallDetection: FDPOLL,62330[0m
[0;32mI (62649) FallDetection: FDLOG,452,62460,0,{"type": 0, "name": "INVOKE", "code": 0, "data": {"model": {"id": 1, "type": 0, "address": 4194304, "size": 0}, "algorithm": {"type": 3, "categroy": 1, "input_from": 1, "config": {"tscore": 26, "tiou": 35}}, "sensor": {"id": 1, "type": 1, "state": 1, "opt_id": 0, "opt_detail": "240x240 Auto"}}}[0m
[0;32mI (62669) FallDetection: FDLOG,453,62480,0,{"type": 1, "name": "INVOKE", "code": 0, "data": {"count": 1, "perf": [7, 48, 0], "boxes": [], "resolution": [240, 240]}}[0m
[0;32mI (62689) FallDetection: FDEVT,11,Upright,Init,62480,vy=-0.17,vh=-0.11,drop=-0.08,r=0.49[0m
[0;32mI (62759) FallDetection: FDPOLL,62570[0m
[0;32mI (62829) FallDetection: FDLOG,454,62640,0,{"type": 0, "name": "INVOKE", "code": 0, "data": {"model": {"id": 1, "type": 0, "address": 4194304, "size": 0}, "algorithm": {"type": 3, "categroy": 1, "input_from": 1, "config": {"tscore": 26, "tiou": 35}}, "sensor": {"id": 1, "type": 1, "state": 1, "opt_id": 0, "opt_detail": "240x240 Auto"}}}[0m
[0;32mI (62909) FallDetection: FDLOG,455,62720,0,{"type": 1, "name": "INVOKE", "code": 0, "data": {"count": 1, "perf": [7, 48, 0], "boxes": [[211, 141, 47, 115, 50, 0]], "resolution": [240, 240]}}[0m
[0;32mI (62989) FallDetection: FDPOLL,62800[0m
[0;32mI (63059) FallDetection: FDLOG,456,62870,0,{"type": 0, "name": "INVOKE", "code": 0, "data": {"model": {"id": 1, "type": 0, "address": 4194304, "size": 0}, "algorithm": {"type": 3, "categroy": 1, "input_from": 1, "config": {"tscore": 26, "tiou": 35}}, "sensor": {"id": 1, "type": 1, "state": 1, "opt_id": 0, "opt_detail": "240x240 Auto"}}}[0m
[0;32mI (63139) FallDetection: FDLOG,457,62950,0,{"type": 1, "name": "INVOKE", "code": 0, "data": {"count": 1, "perf": [7, 48, 0], "boxes": [[214, 141, 57, 115, 43, 0]], "resolution": [240, 240]}}[0m
[0;32mI (63219) FallDetection: FDPOLL,63030[0m
[0;32mI (63329) FallDetection: FDLOG,458,63140,0,{"type": 0, "name": "INVOKE", "code": 0, "data": {"model": {"id": 1, "type": 0, "address": 4194304, "size": 0}, "algorithm": {"type": 3, "categroy": 1, "input_from": 1, "config": {"tscore": 26, "tiou": 35}}, "sensor": {"id": 1, "type": 1, "state": 1, "opt_id": 0, "opt_detail": "240x240 Auto"}}}[0m
[0;32mI (63349) FallDetection: FDLOG,459,63160,0,{"type": 1, "name": "INVOKE", "code": 0, "data": {"count": 1, "perf": [7, 48, 0], "boxes": [[211, 141, 62, 120, 35, 0]], "resolution": [240, 240]}}[0m
[0;32mI (63439) FallDetection: FDPOLL,63250[0m
[0;32mI (63519) FallDetection: FDLOG,460,63330,0,{"type": 0, "name": "INVOKE", "code": 0, "data": {"model": {"id": 1, "type": 0, "address": 4194304, "size": 0}, "algorithm": {"type": 3, "categroy": 1, "input_from": 1, "config": {"tscore": 26, "tiou": 35}}, "sensor": {"id": 1, "type": 1, "state": 1, "opt_id": 0, "opt_detail": "240x240 Auto"}}}[0m
[0;32mI (63539) FallDetection: FDSTACK_FREE,2620[0m
[0;32mI (63599) FallDetection: FDLOG,461,63410,0,{"type": 1, "name": "INVOKE", "code": 0, "data": {"count": 1, "perf": [7, 48, 0], "boxes": [[211, 141, 47, 115, 41, 0]], "resolution": [240, 240]}}[0m
[0;32mI (63679) FallDetection: FDPOLL,63490[0m
[0;32mI (63749) FallDetection: FDLOG,462,63560,0,{"type": 0, "name": "INVOKE", "code": 0, "data": {"model": {"id": 1, "type": 0, "address": 4194304, "size": 0}, "algorithm": {"type": 3, "categroy": 1, "input_from": 1, "config": {"tscore": 26, "tiou": 35}}, "sensor": {"id": 1, "type": 1, "state": 1, "opt_id": 0, "opt_detail": "240x240 Auto"}}}[0m
[0;32mI (63829) FallDetection: FDLOG,463,63640,0,{"type": 1, "name": "INVOKE", "code": 0, "data": {"count": 1, "perf": [7, 48, 0], "boxes": [], "resolution": [240, 240]}}[0m
[0;32mI (63899) FallDetection: FDPOLL,63710[0m
[0;32mI (64029) FallDetection: FDLOG,464,63840,0,{"type": 0, "name": "INVOKE", "code": 0, "data": {"model": {"id": 1, "type": 0, "address": 4194304, "size": 0}, "algorithm": {"type": 3, "categroy": 1, "input_from": 1, "config": {"tscore": 26, "tiou": 35}}, "sensor": {"id": 1, "type": 1, "state": 1, "opt_id": 0, "opt_detail": "240x240 Auto"}}}[0m
[0;32mI (64049) FallDetection: FDLOG,465,63860,0,{"type": 1, "name": "INVOKE", "code": 0, "data": {"count": 1, "perf": [7, 48, 0], "boxes": [], "resolution": [240, 240]}}[0m
[0;32mI (64129) FallDetection: FDPOLL,63940[0m
[0;32mI (64189) FallDetection: FDLOG,466,64000,0,{"type": 0, "name": "INVOKE", "code": 0, "data": {"model": {"id": 1, "type": 0, "address": 4194304, "size": 0}, "algorithm": {"type": 3, "categroy": 1, "input_from": 1, "config": {"tscore": 26, "tiou": 35}}, "sensor": {"id": 1, "type": 1, "state": 1, "opt_id": 0, "opt_detail": "240x240 Auto"}}}[0m
[0;32mI (64269) FallDetection: FDLOG,467,64080,0,{"type": 1, "name": "INVOKE", "code": 0, "data": {"count": 1, "perf": [7, 48, 0], "boxes": [], "resolution": [240, 240]}}[0m
[0;32mI (64339) FallDetection: FDPOLL,64150[0m
[0;32mI (64419) FallDetection: FDLOG,468,64230,0,{"type": 0, "name": "INVOKE", "code": 0, "data": {"model": {"id": 1, "type": 0, "address": 4194304, "size": 0}, "algorithm": {"type": 3, "categroy": 1, "input_from": 1, "config": {"tscore": 26, "tiou": 35}}, "sensor": {"id": 1, "type": 1, "state": 1, "opt_id": 0, "opt_detail": "240x240 Auto"}}}[0m
[0;32mI (64499) FallDetection: FDLOG,469,64310,0,{"type": 1, "name": "INVOKE", "code": 0, "data": {"count": 1, "perf": [7, 48, 0], "boxes": [[211, 141, 47, 115, 29, 0]], "resolution": [240, 240]}}[0m
[0;32mI (64569) FallDetection: FDSTACK_FREE,2620[0m
[0;32mI (64579) FallDetection: FDPOLL,64390[0m
[0;32mI (64649) FallDetection: FDLOG,470,64460,0,{"type": 0, "name": "INVOKE", "code": 0, "data": {"model": {"id": 1, "type": 0, "address": 4194304, "size": 0}, "algorithm": {"type": 3, "categroy": 1, "input_from": 1, "config": {"tscore": 26, "tiou": 35}}, "sensor": {"id": 1, "type": 1, "state": 1, "opt_id": 0, "opt_detail": "240x240 Auto"}}}[0m
[0;32mI (64739) FallDetection: FDLOG,471,64550,0,{"type": 1, "name": "INVOKE", "code": 0, "data": {"count": 1, "perf": [7, 48, 0], "boxes": [[211, 141, 47, 115, 41, 0]], "resolution": [240, 240]}}[0m
[0;32mI (64819) FallDetection: FDPOLL,64630[0m
[0;32mI (64899) FallDetection: FDLOG,472,64710,0,{"type": 0, "name": "INVOKE", "code": 0, "data": {"model": {"id": 1, "type": 0, "address": 4194304, "size": 0}, "algorithm": {"type": 3, "categroy": 1, "input_from": 1, "config": {"tscore": 26, "tiou": 35}}, "sensor": {"id": 1, "type": 1, "state": 1, "opt_id": 0, "opt_detail": "240x240 Auto"}}}[0m
[0;32mI (64979) FallDetection: FDLOG,473,64790,0,{"type": 1, "name": "INVOKE", "code": 0, "data": {"count": 1, "perf": [7, 48, 0], "boxes": [], "resolution": [240, 240]}}[0m
[0;32mI (65059) FallDetection: FDPOLL,64870[0m
[0;32mI (65129) FallDetection: FDLOG,474,64940,0,{"type": 0, "name": "INVOKE", "code": 0, "data": {"model": {"id": 1, "type": 0, "address": 4194304, "size": 0}, "algorithm": {"type": 3, "categroy": 1, "input_from": 1, "config": {"tscore": 26, "tiou": 35}}, "sensor": {"id": 1, "type": 1, "state": 1, "opt_id": 0, "opt_detail": "240x240 Auto"}}}[0m
[0;32mI (65209) FallDetection: FDLOG,475,65020,0,{"type": 1, "name": "INVOKE", "code": 0, "data": {"count": 1, "perf": [7, 48, 0], "boxes": [], "resolution": [240, 240]}}[0m
[0;32mI (65279) FallDetection: FDPOLL,65090[0m
[0;32mI (65409) FallDetection: FDLOG,476,65220,0,{"type": 0, "name": "INVOKE", "code": 0, "data": {"model": {"id": 1, "type": 0, "address": 4194304, "size": 0}, "algorithm": {"type": 3, "categroy": 1, "input_from": 1, "config": {"tscore": 26, "tiou": 35}}, "sensor": {"id": 1, "type": 1, "state": 1, "opt_id": 0, "opt_detail": "240x240 Auto"}}}[0m
[0;32mI (65419) FallDetection: FDLOG,477,65230,0,{"type": 1, "name": "INVOKE", "code": 0, "data": {"count": 1, "perf": [7, 48, 0], "boxes": [[211, 141, 47, 115, 29, 0]], "resolution": [240, 240]}}[0m
[0;32mI (65509) FallDetection: FDPOLL,65320[0m
[0;32mI (65629) FallDetection: FDLOG,478,65440,0,{"type": 0, "name": "INVOKE", "code": 0, "data": {"model": {"id": 1, "type": 0, "address": 4194304, "size": 0}, "algorithm": {"type": 3, "categroy": 1, "input_from": 1, "config": {"tscore": 26, "tiou": 35}}, "sensor": {"id": 1, "type": 1, "state": 1, "opt_id": 0, "opt_detail": "240x240 Auto"}}}[0m
[0;32mI (65649) FallDetection: FDLOG,479,65460,0,{"type": 1, "name": "INVOKE", "code": 0, "data": {"count": 1, "perf": [7, 48, 0], "boxes": [[75, 211, 146, 54, 41, 0], [211, 141, 47, 115, 50, 0]], "resolution": [240, 240]}}[0m
[0;32mI (65669) FallDetection: FDSTACK_FREE,2620[0m
[0;32mI (65739) FallDetection: FDPOLL,65550[0m
[0;32mI (65819) FallDetection: FDLOG,480,65630,0,{"type": 0, "name": "INVOKE", "code": 0, "data": {"model": {"id": 1, "type": 0, "address": 4194304, "size": 0}, "algorithm": {"type": 3, "categroy": 1, "input_from": 1, "config": {"tscore": 26, "tiou": 35}}, "sensor": {"id": 1, "type": 1, "state": 1, "opt_id": 0, "opt_detail": "240x240 Auto"}}}[0m
[0;32mI (65899) FallDetection: FDLOG,481,65710,0,{"type": 1, "name": "INVOKE", "code": 0, "data": {"count": 1, "perf": [7, 48, 0], "boxes": [[70, 211, 146, 54, 35, 0]], "resolution": [240, 240]}}[0m
[0;32mI (65979) FallDetection: FDPOLL,65790[0m
[0;32mI (66049) FallDetection: FDLOG,482,65860,0,{"type": 0, "name": "INVOKE", "code": 0, "data": {"model": {"id": 1, "type": 0, "address": 4194304, "size": 0}, "algorithm": {"type": 3, "categroy": 1, "input_from": 1, "config": {"tscore": 26, "tiou": 35}}, "sensor": {"id": 1, "type": 1, "state": 1, "opt_id": 0, "opt_detail": "240x240 Auto"}}}[0m
[0;32mI (66129) FallDetection: FDLOG,483,65940,0,{"type": 1, "name": "INVOKE", "code": 0, "data": {"count": 1, "perf": [7, 48, 0], "boxes": [[211, 141, 57, 115, 43, 0]], "resolution": [240, 240]}}[0m
[0;32mI (66199) FallDetection: FDPOLL,66010[0m
[0;32mI (66279) FallDetection: FDLOG,484,66090,0,{"type": 0, "name": "INVOKE", "code": 0, "data": {"model": {"id": 1, "type": 0, "address": 4194304, "size": 0}, "algorithm": {"type": 3, "categroy": 1, "input_from": 1, "config": {"tscore": 26, "tiou": 35}}, "sensor": {"id": 1, "type": 1, "state": 1, "opt_id": 0, "opt_detail": "240x240 Auto"}}}[0m
[0;32mI (66359) FallDetection: FDLOG,485,66170,0,{"type": 1, "name": "INVOKE", "code": 0, "data": {"count": 1, "perf": [7, 48, 0], "boxes": [[18, 122, 28, 57, 50, 0], [70, 193, 138, 78, 50, 0], [211, 141, 62, 120, 58, 0]], "resolution": [240, 240]}}[0m
[0;32mI (66439) FallDetection: FDPOLL,66250[0m
[0;32mI (66509) FallDetection: FDLOG,486,66320,0,{"type": 0, "name": "INVOKE", "code": 0, "data": {"model": {"id": 1, "type": 0, "address": 4194304, "size": 0}, "algorithm": {"type": 3, "categroy": 1, "input_from": 1, "config": {"tscore": 26, "tiou": 35}}, "sensor": {"id": 1, "type": 1, "state": 1, "opt_id": 0, "opt_detail": "240x240 Auto"}}}[0m
[0;32mI (66589) FallDetection: FDLOG,487,66400,0,{"type": 1, "name": "INVOKE", "code": 0, "data": {"count": 1, "perf": [7, 48, 0], "boxes": [[18, 128, 28, 57, 56, 0]], "resolution": [240, 240]}}[0m
[0;32mI (66669) FallDetection: FDPOLL,66480[0m
[0;32mI (66789) FallDetection: FDLOG,488,66600,0,{"type": 0, "name": "INVOKE", "code": 0, "data": {"model": {"id": 1, "type": 0, "address": 4194304, "size": 0}, "algorithm": {"type": 3, "categroy": 1, "input_from": 1, "config": {"tscore": 26, "tiou": 35}}, "sensor": {"id": 1, "type": 1, "state": 1, "opt_id": 0, "opt_detail": "240x240 Auto"}}}[0m
[0;32mI (66809) FallDetection: FDLOG,489,66620,0,{"type": 1, "name": "INVOKE", "code": 0, "data": {"count": 1, "perf": [7, 48, 0], "boxes": [[18, 122, 31, 44, 50, 0], [52, 188, 94, 78, 41, 0], [211, 141, 47, 115, 41, 0]], "resolution": [240, 240]}}[0m
[0;32mI (66829) FallDetection: FDSTACK_FREE,2620[0m
[0;32mI (66899) FallDetection: FDPOLL,66710[0m
[0;32mI (67029) FallDetection: FDLOG,490,66840,0,{"type": 0, "name": "INVOKE", "code": 0, "data": {"model": {"id": 1, "type": 0, "address": 4194304, "size": 0}, "algorithm": {"type": 3, "categroy": 1, "input_from": 1, "config": {"tscore": 26, "tiou": 35}}, "sensor": {"id": 1, "type": 1, "state": 1, "opt_id": 0, "opt_detail": "240x240 Auto"}}}[0m
[0;32mI (67049) FallDetection: FDLOG,491,66860,0,{"type": 1, "name": "INVOKE", "code": 0, "data": {"count": 1, "perf": [7, 48, 0], "boxes": [[18, 122, 31, 44, 62, 0], [75, 180, 138, 78, 64, 0], [211, 138, 57, 117, 29, 0]], "resolution": [240, 240]}}[0m
[0;32mI (67139) FallDetection: FDPOLL,66950[0m
[0;32mI (67269) FallDetection: FDLOG,492,67080,0,{"type": 0, "name": "INVOKE", "code": 0, "data": {"model": {"id": 1, "type": 0, "address": 4194304, "size": 0}, "algorithm": {"type": 3, "categroy": 1, "input_from": 1, "config": {"tscore": 26, "tiou": 35}}, "sensor": {"id": 1, "type": 1, "state": 1, "opt_id": 0, "opt_detail": "240x240 Auto"}}}[0m
[0;32mI (67289) FallDetection: FDLOG,493,67100,0,{"type": 1, "name": "INVOKE", "code": 0, "data": {"count": 1, "perf": [7, 48, 0], "boxes": [[18, 122, 31, 44, 56, 0]], "resolution": [240, 240]}}[0m
[0;32mI (67379) FallDetection: FDPOLL,67190[0m
[0;32mI (67509) FallDetection: FDLOG,494,67320,0,{"type": 0, "name": "INVOKE", "code": 0, "data": {"model": {"id": 1, "type": 0, "address": 4194304, "size": 0}, "algorithm": {"type": 3, "categroy": 1, "input_from": 1, "config": {"tscore": 26, "tiou": 35}}, "sensor": {"id": 1, "type": 1, "state": 1, "opt_id": 0, "opt_detail": "240x240 Auto"}}}[0m
[0;32mI (67529) FallDetection: FDLOG,495,67340,0,{"type": 1, "name": "INVOKE", "code": 0, "data": {"count": 1, "perf": [7, 48, 0], "boxes": [[20, 115, 23, 36, 62, 0]], "resolution": [240, 240]}}[0m
[0;32mI (67619) FallDetection: FDPOLL,67430[0m
[0;32mI (67749) FallDetection: FDLOG,496,67560,0,{"type": 0, "name": "INVOKE", "code": 0, "data": {"model": {"id": 1, "type": 0, "address": 4194304, "size": 0}, "algorithm": {"type": 3, "categroy": 1, "input_from": 1, "config": {"tscore": 26, "tiou": 35}}, "sensor": {"id": 1, "type": 1, "state": 1, "opt_id": 0, "opt_detail": "240x240 Auto"}}}[0m
[0;32mI (67769) FallDetection: FDLOG,497,67580,0,{"type": 1, "name": "INVOKE", "code": 0, "data": {"count": 1, "perf": [7, 48, 0], "boxes": [[41, 164, 94, 120, 50, 0], [211, 141, 47, 115, 29, 0]], "resolution": [240, 240]}}[0m
[0;32mI (67849) FallDetection: FDSTACK_FREE,2620[0m
[0;32mI (67859) FallDetection: FDPOLL,67670[0m
[0;32mI (67929) FallDetection: FDLOG,498,67740,0,{"type": 0, "name": "INVOKE", "code": 0, "data": {"model": {"id": 1, "type": 0, "address": 4194304, "size": 0}, "algorithm": {"type": 3, "categroy": 1, "input_from": 1, "config": {"tscore": 26, "tiou": 35}}, "sensor": {"id": 1, "type": 1, "state": 1, "opt_id": 0, "opt_detail": "240x240 Auto"}}}[0m
[0;32mI (68009) FallDetection: FDLOG,499,67820,0,{"type": 1, "name": "INVOKE", "code": 0, "data": {"count": 1, "perf": [7, 48, 0], "boxes": [[41, 146, 94, 120, 89, 0], [211, 141, 47, 115, 29, 0]], "resolution": [240, 240]}}[0m
[0;32mI (68089) FallDetection: FDPOLL,67900[0m
[0;32mI (68159) FallDetection: FDLOG,500,67970,0,{"type": 0, "name": "INVOKE", "code": 0, "data": {"model": {"id": 1, "type": 0, "address": 4194304, "size": 0}, "algorithm": {"type": 3, "categroy": 1, "input_from": 1, "config": {"tscore": 26, "tiou": 35}}, "sensor": {"id": 1, "type": 1, "state": 1, "opt_id": 0, "opt_detail": "240x240 Auto"}}}[0m
[0;32mI (68239) FallDetection: FDLOG,501,68050,0,{"type": 1, "name": "INVOKE", "code": 0, "data": {"count": 1, "perf": [7, 48, 0], "boxes": [[20, 130, 20, 57, 50, 0], [20, 133, 31, 115, 33, 0], [52, 133, 70, 151, 87, 0]], "resolution": [240, 240]}}[0m
[0;32mI (68319) FallDetection: FDPOLL,68130[0m
[0;32mI (68389) FallDetection: FDLOG,502,68200,0,{"type": 0, "name": "INVOKE", "code": 0, "data": {"model": {"id": 1, "type": 0, "address": 4194304, "size": 0}, "algorithm": {"type": 3, "categroy": 1, "input_from": 1, "config": {"tscore": 26, "tiou": 35}}, "sensor": {"id": 1, "type": 1, "state": 1, "opt_id": 0, "opt_detail": "240x240 Auto"}}}[0m
[0;32mI (68459) FallDetection: FDLOG,503,68270,0,{"type": 1, "name": "INVOKE", "code": 0, "data": {"count": 1, "perf": [7, 48, 0], "boxes": [[18, 130, 23, 62, 50, 0], [52, 125, 47, 193, 92, 0], [211, 141, 62, 120, 29, 0]], "resolution": [240, 240]}}[0m
[0;32mI (68539) FallDetection: FDPOLL,68350[0m
[0;32mI (68619) FallDetection: FDLOG,504,68430,0,{"type": 0, "name": "INVOKE", "code": 0, "data": {"model": {"id": 1, "type": 0, "address": 4194304, "size": 0}, "algorithm": {"type": 3, "categroy": 1, "input_from": 1, "config": {"tscore": 26, "tiou": 35}}, "sensor": {"id": 1, "type": 1, "state": 1, "opt_id": 0, "opt_detail": "240x240 Auto"}}}[0m
[0;32mI (68699) FallDetection: FDLOG,505,68510,0,{"type": 1, "name": "INVOKE", "code": 0, "data": {"count": 1, "perf": [7, 48, 0], "boxes": [[20, 133, 20, 75, 50, 0], [60, 125, 62, 177, 92, 0], [211, 141, 47, 115, 35, 0]], "resolution": [240, 240]}}[0m
[0;32mI (68779) FallDetection: FDPOLL,68590[0m
[0;32mI (68909) FallDetection: FDLOG,506,68720,0,{"type": 0, "name": "INVOKE", "code": 0, "data": {"model": {"id": 1, "type": 0, "address": 4194304, "size": 0}, "algorithm": {"type": 3, "categroy": 1, "input_from": 1, "config": {"tscore": 26, "tiou": 35}}, "sensor": {"id": 1, "type": 1, "state": 1, "opt_id": 0, "opt_detail": "240x240 Auto"}}}[0m
[0;32mI (68929) FallDetection: FDLOG,507,68740,0,{"type": 1, "name": "INVOKE", "code": 0, "data": {"count": 1, "perf": [7, 48, 0], "boxes": [[60, 130, 70, 193, 92, 0], [211, 141, 62, 120, 41, 0]], "resolution": [240, 240]}}[0m
[0;32mI (68949) FallDetection: FDSTACK_FREE,2620[0m
[0;32mI (69019) FallDetection: FDPOLL,68830[0m
[0;32mI (69099) FallDetection: FDLOG,508,68910,0,{"type": 0, "name": "INVOKE", "code": 0, "data": {"model": {"id": 1, "type": 0, "address": 4194304, "size": 0}, "algorithm": {"type": 3, "categroy": 1, "input_from": 1, "config": {"tscore": 26, "tiou": 35}}, "sensor": {"id": 1, "type": 1, "state": 1, "opt_id": 0, "opt_detail": "240x240 Auto"}}}[0m
[0;32mI (69179) FallDetection: FDLOG,509,68990,0,{"type": 1, "name": "INVOKE", "code": 0, "data": {"count": 1, "perf": [7, 48, 0], "boxes": [[52, 130, 70, 193, 92, 0], [211, 141, 47, 115, 35, 0]], "resolution": [240, 240]}}[0m
[0;32mI (69259) FallDetection: FDPOLL,69070[0m
[0;32mI (69389) FallDetection: FDLOG,510,69200,0,{"type": 0, "name": "INVOKE", "code": 0, "data": {"model": {"id": 1, "type": 0, "address": 4194304, "size": 0}, "algorithm": {"type": 3, "categroy": 1, "input_from": 1, "config": {"tscore": 26, "tiou": 35}}, "sensor": {"id": 1, "type": 1, "state": 1, "opt_id": 0, "opt_detail": "240x240 Auto"}}}[0m
[0;32mI (69409) FallDetection: FDLOG,511,69220,0,{"type": 1, "name": "INVOKE", "code": 0, "data": {"count": 1, "perf": [7, 48, 0], "boxes": [[47, 125, 62, 240, 94, 0]], "resolution": [240, 240]}}[0m
[0;32mI (69499) FallDetection: FDPOLL,69310[0m
[0;32mI (69579) FallDetection: FDLOG,512,69390,0,{"type": 0, "name": "INVOKE", "code": 0, "data": {"model": {"id": 1, "type": 0, "address": 4194304, "size": 0}, "algorithm": {"type": 3, "categroy": 1, "input_from": 1, "config": {"tscore": 26, "tiou": 35}}, "sensor": {"id": 1, "type": 1, "state": 1, "opt_id": 0, "opt_detail": "240x240 Auto"}}}[0m
[0;32mI (69659) FallDetection: FDLOG,513,69470,0,{"type": 1, "name": "INVOKE", "code": 0, "data": {"count": 1, "perf": [7, 48, 0], "boxes": [[47, 128, 62, 177, 92, 0], [211, 138, 60, 130, 33, 0]], "resolution": [240, 240]}}[0m
[0;32mI (69739) FallDetection: FDPOLL,69550[0m
[0;32mI (69799) SystemInfo: free sram: 70715 minimal sram: 58687[0m
[0;32mI (69809) FallDetection: FDLOG,514,69620,0,{"type": 0, "name": "INVOKE", "code": 0, "data": {"model": {"id": 1, "type": 0, "address": 4194304, "size": 0}, "algorithm": {"type": 3, "categroy": 1, "input_from": 1, "config": {"tscore": 26, "tiou": 35}}, "sensor": {"id": 1, "type": 1, "state": 1, "opt_id": 0, "opt_detail": "240x240 Auto"}}}[0m
[0;32mI (69889) FallDetection: FDLOG,515,69700,0,{"type": 1, "name": "INVOKE", "code": 0, "data": {"count": 1, "perf": [7, 48, 0], "boxes": [[52, 130, 62, 240, 92, 0], [211, 141, 47, 115, 35, 0]], "resolution": [240, 240]}}[0m
[0;32mI (69959) FallDetection: FDSTACK_FREE,2620[0m
[0;32mI (69969) FallDetection: FDPOLL,69780[0m
[0;32mI (70039) FallDetection: FDLOG,516,69850,0,{"type": 0, "name": "INVOKE", "code": 0, "data": {"model": {"id": 1, "type": 0, "address": 4194304, "size": 0}, "algorithm": {"type": 3, "categroy": 1, "input_from": 1, "config": {"tscore": 26, "tiou": 35}}, "sensor": {"id": 1, "type": 1, "state": 1, "opt_id": 0, "opt_detail": "240x240 Auto"}}}[0m
[0;32mI (70119) FallDetection: FDLOG,517,69930,0,{"type": 1, "name": "INVOKE", "code": 0, "data": {"count": 1, "perf": [7, 48, 0], "boxes": [[60, 130, 62, 240, 92, 0], [211, 141, 47, 115, 35, 0]], "resolution": [240, 240]}}[0m
[0;32mI (70199) FallDetection: FDPOLL,70010[0m
[0;32mI (70269) FallDetection: FDLOG,518,70080,0,{"type": 0, "name": "INVOKE", "code": 0, "data": {"model": {"id": 1, "type": 0, "address": 4194304, "size": 0}, "algorithm": {"type": 3, "categroy": 1, "input_from": 1, "config": {"tscore": 26, "tiou": 35}}, "sensor": {"id": 1, "type": 1, "state": 1, "opt_id": 0, "opt_detail": "240x240 Auto"}}}[0m
[0;32mI (70349) FallDetection: FDLOG,519,70160,0,{"type": 1, "name": "INVOKE", "code": 0, "data": {"count": 1, "perf": [7, 48, 0], "boxes": [[60, 128, 62, 177, 92, 0]], "resolution": [240, 240]}}[0m
[0;32mI (70429) FallDetection: FDPOLL,70240[0m
[0;32mI (70499) FallDetection: FDLOG,520,70310,0,{"type": 0, "name": "INVOKE", "code": 0, "data": {"model": {"id": 1, "type": 0, "address": 4194304, "size": 0}, "algorithm": {"type": 3, "categroy": 1, "input_from": 1, "config": {"tscore": 26, "tiou": 35}}, "sensor": {"id": 1, "type": 1, "state": 1, "opt_id": 0, "opt_detail": "240x240 Auto"}}}[0m
[0;32mI (70579) FallDetection: FDLOG,521,70390,0,{"type": 1, "name": "INVOKE", "code": 0, "data": {"count": 1, "perf": [7, 48, 0], "boxes": [[20, 133, 23, 62, 43, 0], [65, 125, 62, 240, 94, 0]], "resolution": [240, 240]}}[0m
[0;32mI (70589) FallDetection: FDEVT,16,Init,Upright,70390,vy=-0.04,vh=-0.13,drop=-0.02,r=0.26[0m
[0;32mI (70669) FallDetection: FDPOLL,70480[0m
[0;32mI (70789) FallDetection: FDLOG,522,70600,0,{"type": 0, "name": "INVOKE", "code": 0, "data": {"model": {"id": 1, "type": 0, "address": 4194304, "size": 0}, "algorithm": {"type": 3, "categroy": 1, "input_from": 1, "config": {"tscore": 26, "tiou": 35}}, "sensor": {"id": 1, "type": 1, "state": 1, "opt_id": 0, "opt_detail": "240x240 Auto"}}}[0m
[0;32mI (70809) FallDetection: FDLOG,523,70620,0,{"type": 1, "name": "INVOKE", "code": 0, "data": {"count": 1, "perf": [7, 48, 0], "boxes": [[20, 130, 20, 57, 37, 0], [20, 117, 20, 31, 33, 0], [65, 125, 62, 177, 94, 0]], "resolution": [240, 240]}}[0m
[0;32mI (70899) FallDetection: FDPOLL,70710[0m
[0;32mI (70959) FallDetection: FDLOG,524,70770,0,{"type": 0, "name": "INVOKE", "code": 0, "data": {"model": {"id": 1, "type": 0, "address": 4194304, "size": 0}, "algorithm": {"type": 3, "categroy": 1, "input_from": 1, "config": {"tscore": 26, "tiou": 35}}, "sensor": {"id": 1, "type": 1, "state": 1, "opt_id": 0, "opt_detail": "240x240 Auto"}}}[0m
[0;32mI (70979) FallDetection: FDSTACK_FREE,2620[0m
[0;32mI (71049) FallDetection: FDLOG,525,70860,0,{"type": 1, "name": "INVOKE", "code": 0, "data": {"count": 1, "perf": [7, 48, 0], "boxes": [[20, 130, 23, 62, 43, 0], [20, 117, 20, 31, 33, 0], [65, 125, 62, 240, 92, 0]], "resolution": [240, 240]}}[0m
[0;32mI (71129) FallDetection: FDPOLL,70940[0m
[0;32mI (71189) FallDetection: FDLOG,526,71000,0,{"type": 0, "name": "INVOKE", "code": 0, "data": {"model": {"id": 1, "type": 0, "address": 4194304, "size": 0}, "algorithm": {"type": 3, "categroy": 1, "input_from": 1, "config": {"tscore": 26, "tiou": 35}}, "sensor": {"id": 1, "type": 1, "state": 1, "opt_id": 0, "opt_detail": "240x240 Auto"}}}[0m
[0;32mI (71269) FallDetection: FDLOG,527,71080,0,{"type": 1, "name": "INVOKE", "code": 0, "data": {"count": 1, "perf": [7, 48, 0], "boxes": [[20, 128, 20, 57, 43, 0], [20, 117, 20, 31, 37, 0], [65, 125, 62, 240, 92, 0], [211, 141, 47, 115, 29, 0]], "resolution": [240, 240]}}[0m
[0;32mI (71349) FallDetection: FDPOLL,71160[0m
[0;32mI (71419) FallDetection: FDLOG,528,71230,0,{"type": 0, "name": "INVOKE", "code": 0, "data": {"model": {"id": 1, "type": 0, "address": 4194304, "size": 0}, "algorithm": {"type": 3, "categroy": 1, "input_from": 1, "config": {"tscore": 26, "tiou": 35}}, "sensor": {"id": 1, "type": 1, "state": 1, "opt_id": 0, "opt_detail": "240x240 Auto"}}}[0m
[0;32mI (71499) FallDetection: FDLOG,529,71310,0,{"type": 1, "name": "INVOKE", "code": 0, "data": {"count": 1, "perf": [7, 48, 0], "boxes": [[60, 125, 70, 235, 92, 0]], "resolution": [240, 240]}}[0m
[0;32mI (71579) FallDetection: FDPOLL,71390[0m
[0;32mI (71649) FallDetection: FDLOG,530,71460,0,{"type": 0, "name": "INVOKE", "code": 0, "data": {"model": {"id": 1, "type": 0, "address": 4194304, "size": 0}, "algorithm": {"type": 3, "categroy": 1, "input_from": 1, "config": {"tscore": 26, "tiou": 35}}, "sensor": {"id": 1, "type": 1, "state": 1, "opt_id": 0, "opt_detail": "240x240 Auto"}}}[0m
[0;32mI (71729) FallDetection: FDLOG,531,71540,0,{"type": 1, "name": "INVOKE", "code": 0, "data": {"count": 1, "perf": [7, 48, 0], "boxes": [[52, 122, 94, 240, 92, 0]], "resolution": [240, 240]}}[0m
[0;32mI (71809) FallDetection: FDPOLL,71620[0m
[0;32mI (71879) FallDetection: FDLOG,532,71690,0,{"type": 0, "name": "INVOKE", "code": 0, "data": {"model": {"id": 1, "type": 0, "address": 4194304, "size": 0}, "algorithm": {"type": 3, "categroy": 1, "input_from": 1, "config": {"tscore": 26, "tiou": 35}}, "sensor": {"id": 1, "type": 1, "state": 1, "opt_id": 0, "opt_detail": "240x240 Auto"}}}[0m
[0;32mI (71959) FallDetection: FDLOG,533,71770,0,{"type": 1, "name": "INVOKE", "code": 0, "data": {"count": 1, "perf": [7, 48, 0], "boxes": [[47, 122, 94, 240, 94, 0]], "resolution": [240, 240]}}[0m
[0;32mI (72029) FallDetection: FDSTACK_FREE,2620[0m
[0;32mI (72039) FallDetection: FDPOLL,71850[0m
[0;32mI (72109) FallDetection: FDLOG,534,71920,0,{"type": 0, "name": "INVOKE", "code": 0, "data": {"model": {"id": 1, "type": 0, "address": 4194304, "size": 0}, "algorithm": {"type": 3, "categroy": 1, "input_from": 1, "config": {"tscore": 26, "tiou": 35}}, "sensor": {"id": 1, "type": 1, "state": 1, "opt_id": 0, "opt_detail": "240x240 Auto"}}}[0m
[0;32mI (72179) FallDetection: FDLOG,535,71990,0,{"type": 1, "name": "INVOKE", "code": 0, "data": {"count": 1, "perf": [7, 48, 0], "boxes": [[47, 122, 94, 240, 94, 0]], "resolution": [240, 240]}}[0m
[0;32mI (72259) FallDetection: FDPOLL,72070[0m
[0;32mI (72339) FallDetection: FDLOG,536,72150,0,{"type": 0, "name": "INVOKE", "code": 0, "data": {"model": {"id": 1, "type": 0, "address": 4194304, "size": 0}, "algorithm": {"type": 3, "categroy": 1, "input_from": 1, "config": {"tscore": 26, "tiou": 35}}, "sensor": {"id": 1, "type": 1, "state": 1, "opt_id": 0, "opt_detail": "240x240 Auto"}}}[0m
[0;32mI (72419) FallDetection: FDLOG,537,72230,0,{"type": 1, "name": "INVOKE", "code": 0, "data": {"count": 1, "perf": [7, 48, 0], "boxes": [[52, 122, 94, 240, 92, 0]], "resolution": [240, 240]}}[0m
[0;32mI (72499) FallDetection: FDPOLL,72310[0m
[0;32mI (72569) FallDetection: FDLOG,538,72380,0,{"type": 0, "name": "INVOKE", "code": 0, "data": {"model": {"id": 1, "type": 0, "address": 4194304, "size": 0}, "algorithm": {"type": 3, "categroy": 1, "input_from": 1, "config": {"tscore": 26, "tiou": 35}}, "sensor": {"id": 1, "type": 1, "state": 1, "opt_id": 0, "opt_detail": "240x240 Auto"}}}[0m
[0;32mI (72649) FallDetection: FDLOG,539,72460,0,{"type": 1, "name": "INVOKE", "code": 0, "data": {"count": 1, "perf": [7, 48, 0], "boxes": [[52, 122, 94, 240, 92, 0]], "resolution": [240, 240]}}[0m
[0;32mI (72719) FallDetection: FDPOLL,72530[0m
[0;32mI (72799) FallDetection: FDLOG,540,72610,0,{"type": 0, "name": "INVOKE", "code": 0, "data": {"model": {"id": 1, "type": 0, "address": 4194304, "size": 0}, "algorithm": {"type": 3, "categroy": 1, "input_from": 1, "config": {"tscore": 26, "tiou": 35}}, "sensor": {"id": 1, "type": 1, "state": 1, "opt_id": 0, "opt_detail": "240x240 Auto"}}}[0m
[0;32mI (72879) FallDetection: FDLOG,541,72690,0,{"type": 1, "name": "INVOKE", "code": 0, "data": {"count": 1, "perf": [7, 48, 0], "boxes": [[60, 122, 138, 240, 94, 0], [211, 141, 47, 115, 35, 0]], "resolution": [240, 240]}}[0m
[0;32mI (72959) FallDetection: FDPOLL,72770[0m
[0;32mI (73089) FallDetection: FDLOG,542,72900,0,{"type": 0, "name": "INVOKE", "code": 0, "data": {"model": {"id": 1, "type": 0, "address": 4194304, "size": 0}, "algorithm": {"type": 3, "categroy": 1, "input_from": 1, "config": {"tscore": 26, "tiou": 35}}, "sensor": {"id": 1, "type": 1, "state": 1, "opt_id": 0, "opt_detail": "240x240 Auto"}}}[0m
[0;32mI (73109) FallDetection: FDLOG,543,72920,0,{"type": 1, "name": "INVOKE", "code": 0, "data": {"count": 1, "perf": [7, 48, 0], "boxes": [[52, 117, 94, 240, 87, 0]], "resolution": [240, 240]}}[0m
[0;32mI (73129) FallDetection: FDSTACK_FREE,2620[0m
[0;32mI (73199) FallDetection: FDPOLL,73010[0m
[0;32mI (73279) FallDetection: FDLOG,544,73090,0,{"type": 0, "name": "INVOKE", "code": 0, "data": {"model": {"id": 1, "type": 0, "address": 4194304, "size": 0}, "algorithm": {"type": 3, "categroy": 1, "input_from": 1, "config": {"tscore": 26, "tiou": 35}}, "sensor": {"id": 1, "type": 1, "state": 1, "opt_id": 0, "opt_detail": "240x240 Auto"}}}[0m
[0;32mI (73359) FallDetection: FDLOG,545,73170,0,{"type": 1, "name": "INVOKE", "code": 0, "data": {"count": 1, "perf": [7, 48, 0], "boxes": [[34, 120, 75, 227, 62, 0]], "resolution": [240, 240]}}[0m
[0;32mI (73439) FallDetection: FDPOLL,73250[0m
[0;32mI (73569) FallDetection: FDLOG,546,73380,0,{"type": 0, "name": "INVOKE", "code": 0, "data": {"model": {"id": 1, "type": 0, "address": 4194304, "size": 0}, "algorithm": {"type": 3, "categroy": 1, "input_from": 1, "config": {"tscore": 26, "tiou": 35}}, "sensor": {"id": 1, "type": 1, "state": 1, "opt_id": 0, "opt_detail": "240x240 Auto"}}}[0m
[0;32mI (73589) FallDetection: FDLOG,547,73400,0,{"type": 1, "name": "INVOKE", "code": 0, "data": {"count": 1, "perf": [7, 48, 0], "boxes": [[31, 122, 62, 240, 77, 0]], "resolution": [240, 240]}}[0m
[0;32mI (73679) FallDetection: FDPOLL,73490[0m
[0;32mI (73759) FallDetection: FDLOG,548,73570,0,{"type": 0, "name": "INVOKE", "code": 0, "data": {"model": {"id": 1, "type": 0, "address": 4194304, "size": 0}, "algorithm": {"type": 3, "categroy": 1, "input_from": 1, "config": {"tscore": 26, "tiou": 35}}, "sensor": {"id": 1, "type": 1, "state": 1, "opt_id": 0, "opt_detail": "240x240 Auto"}}}[0m
[0;32mI (73839) FallDetection: FDLOG,549,73650,0,{"type": 1, "name": "INVOKE", "code": 0, "data": {"count": 1, "perf": [7, 48, 0], "boxes": [[31, 117, 62, 240, 83, 0]], "resolution": [240, 240]}}[0m
[0;32mI (73919) FallDetection: FDPOLL,73730[0m
[0;32mI (73989) FallDetection: FDLOG,550,73800,0,{"type": 0, "name": "INVOKE", "code": 0, "data": {"model": {"id": 1, "type": 0, "address": 4194304, "size": 0}, "algorithm": {"type": 3, "categroy": 1, "input_from": 1, "config": {"tscore": 26, "tiou": 35}}, "sensor": {"id": 1, "type": 1, "state": 1, "opt_id": 0, "opt_detail": "240x240 Auto"}}}[0m
[0;32mI (74069) FallDetection: FDLOG,551,73880,0,{"type": 1, "name": "INVOKE", "code": 0, "data": {"count": 1, "perf": [7, 48, 0], "boxes": [[31, 122, 62, 240, 87, 0]], "resolution": [240, 240]}}[0m
[0;32mI (74139) FallDetection: FDSTACK_FREE,2620[0m
[0;32mI (74149) FallDetection: FDPOLL,73960[0m
[0;32mI (74219) FallDetection: FDLOG,552,74030,0,{"type": 0, "name": "INVOKE", "code": 0, "data": {"model": {"id": 1, "type": 0, "address": 4194304, "size": 0}, "algorithm": {"type": 3, "categroy": 1, "input_from": 1, "config": {"tscore": 26, "tiou": 35}}, "sensor": {"id": 1, "type": 1, "state": 1, "opt_id": 0, "opt_detail": "240x240 Auto"}}}[0m
[0;32mI (74299) FallDetection: FDLOG,553,74110,0,{"type": 1, "name": "INVOKE", "code": 0, "data": {"count": 1, "perf": [7, 48, 0], "boxes": [[36, 122, 62, 240, 87, 0]], "resolution": [240, 240]}}[0m
[0;32mI (74379) FallDetection: FDPOLL,74190[0m
[0;32mI (74449) FallDetection: FDLOG,554,74260,0,{"type": 0, "name": "INVOKE", "code": 0, "data": {"model": {"id": 1, "type": 0, "address": 4194304, "size": 0}, "algorithm": {"type": 3, "categroy": 1, "input_from": 1, "config": {"tscore": 26, "tiou": 35}}, "sensor": {"id": 1, "type": 1, "state": 1, "opt_id": 0, "opt_detail": "240x240 Auto"}}}[0m
[0;32mI (74519) FallDetection: FDLOG,555,74330,0,{"type": 1, "name": "INVOKE", "code": 0, "data": {"count": 1, "perf": [7, 48, 0], "boxes": [[47, 117, 94, 240, 89, 0]], "resolution": [240, 240]}}[0m
[0;32mI (74599) FallDetection: FDPOLL,74410[0m
[0;32mI (74739) FallDetection: FDLOG,556,74550,0,{"type": 0, "name": "INVOKE", "code": 0, "data": {"model": {"id": 1, "type": 0, "address": 4194304, "size": 0}, "algorithm": {"type": 3, "categroy": 1, "input_from": 1, "config": {"tscore": 26, "tiou": 35}}, "sensor": {"id": 1, "type": 1, "state": 1, "opt_id": 0, "opt_detail": "240x240 Auto"}}}[0m
[0;32mI (74759) FallDetection: FDLOG,557,74570,0,{"type": 1, "name": "INVOKE", "code": 0, "data": {"count": 1, "perf": [7, 48, 0], "boxes": [[52, 117, 94, 240, 94, 0]], "resolution": [240, 240]}}[0m
[0;32mI (74839) FallDetection: FDPOLL,74650[0m
[0;32mI (74969) FallDetection: FDLOG,558,74780,0,{"type": 0, "name": "INVOKE", "code": 0, "data": {"model": {"id": 1, "type": 0, "address": 4194304, "size": 0}, "algorithm": {"type": 3, "categroy": 1, "input_from": 1, "config": {"tscore": 26, "tiou": 35}}, "sensor": {"id": 1, "type": 1, "state": 1, "opt_id": 0, "opt_detail": "240x240 Auto"}}}[0m
[0;32mI (74989) FallDetection: FDLOG,559,74800,0,{"type": 1, "name": "INVOKE", "code": 0, "data": {"count": 1, "perf": [7, 48, 0], "boxes": [[47, 122, 94, 240, 94, 0]], "resolution": [240, 240]}}[0m
[0;32mI (75079) FallDetection: FDPOLL,74890[0m
[0;32mI (75159) FallDetection: FDLOG,560,74970,0,{"type": 0, "name": "INVOKE", "code": 0, "data": {"model": {"id": 1, "type": 0, "address": 4194304, "size": 0}, "algorithm": {"type": 3, "categroy": 1, "input_from": 1, "config": {"tscore": 26, "tiou": 35}}, "sensor": {"id": 1, "type": 1, "state": 1, "opt_id": 0, "opt_detail": "240x240 Auto"}}}[0m
[0;32mI (75179) FallDetection: FDSTACK_FREE,2620[0m
[0;32mI (75239) FallDetection: FDLOG,561,75050,0,{"type": 1, "name": "INVOKE", "code": 0, "data": {"count": 1, "perf": [7, 48, 0], "boxes": [[41, 117, 94, 240, 87, 0]], "resolution": [240, 240]}}[0m
[0;32mI (75319) FallDetection: FDPOLL,75130[0m
[0;32mI (75449) FallDetection: FDLOG,562,75260,0,{"type": 0, "name": "INVOKE", "code": 0, "data": {"model": {"id": 1, "type": 0, "address": 4194304, "size": 0}, "algorithm": {"type": 3, "categroy": 1, "input_from": 1, "config": {"tscore": 26, "tiou": 35}}, "sensor": {"id": 1, "type": 1, "state": 1, "opt_id": 0, "opt_detail": "240x240 Auto"}}}[0m
[0;32mI (75469) FallDetection: FDLOG,563,75280,0,{"type": 1, "name": "INVOKE", "code": 0, "data": {"count": 1, "perf": [7, 48, 0], "boxes": [[36, 117, 62, 240, 89, 0], [211, 143, 57, 151, 43, 0]], "resolution": [240, 240]}}[0m
[0;32mI (75559) FallDetection: FDPOLL,75370[0m
[0;32mI (75639) FallDetection: FDLOG,564,75450,0,{"type": 0, "name": "INVOKE", "code": 0, "data": {"model": {"id": 1, "type": 0, "address": 4194304, "size": 0}, "algorithm": {"type": 3, "categroy": 1, "input_from": 1, "config": {"tscore": 26, "tiou": 35}}, "sensor": {"id": 1, "type": 1, "state": 1, "opt_id": 0, "opt_detail": "240x240 Auto"}}}[0m
[0;32mI (75719) FallDetection: FDLOG,565,75530,0,{"type": 1, "name": "INVOKE", "code": 0, "data": {"count": 1, "perf": [7, 48, 0], "boxes": [[41, 122, 94, 240, 89, 0]], "resolution": [240, 240]}}[0m
[0;32mI (75799) FallDetection: FDPOLL,75610[0m
[0;32mI (75869) FallDetection: FDLOG,566,75680,0,{"type": 0, "name": "INVOKE", "code": 0, "data": {"model": {"id": 1, "type": 0, "address": 4194304, "size": 0}, "algorithm": {"type": 3, "categroy": 1, "input_from": 1, "config": {"tscore": 26, "tiou": 35}}, "sensor": {"id": 1, "type": 1, "state": 1, "opt_id": 0, "opt_detail": "240x240 Auto"}}}[0m
[0;32mI (75949) FallDetection: FDLOG,567,75760,0,{"type": 1, "name": "INVOKE", "code": 0, "data": {"count": 1, "perf": [7, 48, 0], "boxes": [[36, 122, 94, 240, 89, 0]], "resolution": [240, 240]}}[0m
[0;32mI (76019) FallDetection: FDPOLL,75830[0m
[0;32mI (76149) FallDetection: FDLOG,568,75960,0,{"type": 0, "name": "INVOKE", "code": 0, "data": {"model": {"id": 1, "type": 0, "address": 4194304, "size": 0}, "algorithm": {"type": 3, "categroy": 1, "input_from": 1, "config": {"tscore": 26, "tiou": 35}}, "sensor": {"id": 1, "type": 1, "state": 1, "opt_id": 0, "opt_detail": "240x240 Auto"}}}[0m
[0;32mI (76169) FallDetection: FDLOG,569,75980,0,{"type": 1, "name": "INVOKE", "code": 0, "data": {"count": 1, "perf": [7, 48, 0], "boxes": [[41, 122, 94, 240, 92, 0]], "resolution": [240, 240]}}[0m
[0;32mI (76189) FallDetection: FDSTACK_FREE,2620[0m
[0;32mI (76259) FallDetection: FDPOLL,76070[0m
[0;32mI (76329) FallDetection: FDLOG,570,76140,0,{"type": 0, "name": "INVOKE", "code": 0, "data": {"model": {"id": 1, "type": 0, "address": 4194304, "size": 0}, "algorithm": {"type": 3, "categroy": 1, "input_from": 1, "config": {"tscore": 26, "tiou": 35}}, "sensor": {"id": 1, "type": 1, "state": 1, "opt_id": 0, "opt_detail": "240x240 Auto"}}}[0m
[0;32mI (76409) FallDetection: FDLOG,571,76220,0,{"type": 1, "name": "INVOKE", "code": 0, "data": {"count": 1, "perf": [7, 48, 0], "boxes": [[41, 122, 94, 240, 92, 0]], "resolution": [240, 240]}}[0m
[0;32mI (76489) FallDetection: FDPOLL,76300[0m
[0;32mI (76559) FallDetection: FDLOG,572,76370,0,{"type": 0, "name": "INVOKE", "code": 0, "data": {"model": {"id": 1, "type": 0, "address": 4194304, "size": 0}, "algorithm": {"type": 3, "categroy": 1, "input_from": 1, "config": {"tscore": 26, "tiou": 35}}, "sensor": {"id": 1, "type": 1, "state": 1, "opt_id": 0, "opt_detail": "240x240 Auto"}}}[0m
[0;32mI (76639) FallDetection: FDLOG,573,76450,0,{"type": 1, "name": "INVOKE", "code": 0, "data": {"count": 1, "perf": [7, 48, 0], "boxes": [[36, 128, 62, 240, 87, 0]], "resolution": [240, 240]}}[0m
[0;32mI (76719) FallDetection: FDPOLL,76530[0m
[0;32mI (76849) FallDetection: FDLOG,574,76660,0,{"type": 0, "name": "INVOKE", "code": 0, "data": {"model": {"id": 1, "type": 0, "address": 4194304, "size": 0}, "algorithm": {"type": 3, "categroy": 1, "input_from": 1, "config": {"tscore": 26, "tiou": 35}}, "sensor": {"id": 1, "type": 1, "state": 1, "opt_id": 0, "opt_detail": "240x240 Auto"}}}[0m
[0;32mI (76869) FallDetection: FDLOG,575,76680,0,{"type": 1, "name": "INVOKE", "code": 0, "data": {"count": 1, "perf": [7, 48, 0], "boxes": [[31, 128, 62, 240, 89, 0], [211, 141, 62, 120, 35, 0]], "resolution": [240, 240]}}[0m
[0;32mI (76949) FallDetection: FDPOLL,76760[0m
[0;32mI (77019) FallDetection: FDLOG,576,76830,0,{"type": 0, "name": "INVOKE", "code": 0, "data": {"model": {"id": 1, "type": 0, "address": 4194304, "size": 0}, "algorithm": {"type": 3, "categroy": 1, "input_from": 1, "config": {"tscore": 26, "tiou": 35}}, "sensor": {"id": 1, "type": 1, "state": 1, "opt_id": 0, "opt_detail": "240x240 Auto"}}}[0m
[0;32mI (77099) FallDetection: FDLOG,577,76910,0,{"type": 1, "name": "INVOKE", "code": 0, "data": {"count": 1, "perf": [7, 48, 0], "boxes": [[26, 128, 62, 240, 89, 0]], "resolution": [240, 240]}}[0m
[0;32mI (77179) FallDetection: FDPOLL,76990[0m
[0;32mI (77249) FallDetection: FDLOG,578,77060,0,{"type": 0, "name": "INVOKE", "code": 0, "data": {"model": {"id": 1, "type": 0, "address": 4194304, "size": 0}, "algorithm": {"type": 3, "categroy": 1, "input_from": 1, "config": {"tscore": 26, "tiou": 35}}, "sensor": {"id": 1, "type": 1, "state": 1, "opt_id": 0, "opt_detail": "240x240 Auto"}}}[0m
[0;32mI (77269) FallDetection: FDSTACK_FREE,2620[0m
[0;32mI (77329) FallDetection: FDLOG,579,77140,0,{"type": 1, "name": "INVOKE", "code": 0, "data": {"count": 1, "perf": [7, 48, 0], "boxes": [[26, 125, 47, 235, 92, 0], [211, 141, 47, 151, 35, 0]], "resolution": [240, 240]}}[0m
[0;32mI (77399) FallDetection: FDPOLL,77210[0m
[0;32mI (77529) FallDetection: FDLOG,580,77340,0,{"type": 0, "name": "INVOKE", "code": 0, "data": {"model": {"id": 1, "type": 0, "address": 4194304, "size": 0}, "algorithm": {"type": 3, "categroy": 1, "input_from": 1, "config": {"tscore": 26, "tiou": 35}}, "sensor": {"id": 1, "type": 1, "state": 1, "opt_id": 0, "opt_detail": "240x240 Auto"}}}[0m
[0;32mI (77539) FallDetection: FDLOG,581,77350,0,{"type": 1, "name": "INVOKE", "code": 0, "data": {"count": 1, "perf": [7, 48, 0], "boxes": [[26, 122, 47, 235, 89, 0]], "resolution": [240, 240]}}[0m
[0;32mI (77629) FallDetection: FDPOLL,77440[0m
[0;32mI (77749) FallDetection: FDLOG,582,77560,0,{"type": 0, "name": "INVOKE", "code": 0, "data": {"model": {"id": 1, "type": 0, "address": 4194304, "size": 0}, "algorithm": {"type": 3, "categroy": 1, "input_from": 1, "config": {"tscore": 26, "tiou": 35}}, "sensor": {"id": 1, "type": 1, "state": 1, "opt_id": 0, "opt_detail": "240x240 Auto"}}}[0m
[0;32mI (77759) FallDetection: FDLOG,583,77570,0,{"type": 1, "name": "INVOKE", "code": 0, "data": {"count": 1, "perf": [7, 48, 0], "boxes": [[26, 125, 47, 193, 92, 0]], "resolution": [240, 240]}}[0m
[0;32mI (77849) FallDetection: FDPOLL,77660[0m
[0;32mI (77919) FallDetection: FDLOG,584,77730,0,{"type": 0, "name": "INVOKE", "code": 0, "data": {"model": {"id": 1, "type": 0, "address": 4194304, "size": 0}, "algorithm": {"type": 3, "categroy": 1, "input_from": 1, "config": {"tscore": 26, "tiou": 35}}, "sensor": {"id": 1, "type": 1, "state": 1, "opt_id": 0, "opt_detail": "240x240 Auto"}}}[0m
[0;32mI (77999) FallDetection: FDLOG,585,77810,0,{"type": 1, "name": "INVOKE", "code": 0, "data": {"count": 1, "perf": [7, 48, 0], "boxes": [[26, 125, 47, 193, 92, 0], [211, 141, 47, 115, 29, 0]], "resolution": [240, 240]}}[0m
[0;32mI (78079) FallDetection: FDPOLL,77890[0m
[0;32mI (78149) FallDetection: FDLOG,586,77960,0,{"type": 0, "name": "INVOKE", "code": 0, "data": {"model": {"id": 1, "type": 0, "address": 4194304, "size": 0}, "algorithm": {"type": 3, "categroy": 1, "input_from": 1, "config": {"tscore": 26, "tiou": 35}}, "sensor": {"id": 1, "type": 1, "state": 1, "opt_id": 0, "opt_detail": "240x240 Auto"}}}[0m
[0;32mI (78229) FallDetection: FDLOG,587,78040,0,{"type": 1, "name": "INVOKE", "code": 0, "data": {"count": 1, "perf": [7, 48, 0], "boxes": [[31, 125, 62, 177, 92, 0]], "resolution": [240, 240]}}[0m
[0;32mI (78289) FallDetection: FDSTACK_FREE,2620[0m
[0;32mI (78299) FallDetection: FDPOLL,78110[0m
[0;32mI (78429) FallDetection: FDLOG,588,78240,0,{"type": 0, "name": "INVOKE", "code": 0, "data": {"model": {"id": 1, "type": 0, "address": 4194304, "size": 0}, "algorithm": {"type": 3, "categroy": 1, "input_from": 1, "config": {"tscore": 26, "tiou": 35}}, "sensor": {"id": 1, "type": 1, "state": 1, "opt_id": 0, "opt_detail": "240x240 Auto"}}}[0m
[0;32mI (78449) FallDetection: FDLOG,589,78260,0,{"type": 1, "name": "INVOKE", "code": 0, "data": {"count": 1, "perf": [7, 48, 0], "boxes": [[31, 125, 62, 177, 92, 0]], "resolution": [240, 240]}}[0m
[0;32mI (78539) FallDetection: FDPOLL,78350[0m
[0;32mI (78609) FallDetection: FDLOG,590,78420,0,{"type": 0, "name": "INVOKE", "code": 0, "data": {"model": {"id": 1, "type": 0, "address": 4194304, "size": 0}, "algorithm": {"type": 3, "categroy": 1, "input_from": 1, "config": {"tscore": 26, "tiou": 35}}, "sensor": {"id": 1, "type": 1, "state": 1, "opt_id": 0, "opt_detail": "240x240 Auto"}}}[0m
[0;32mI (78689) FallDetection: FDLOG,591,78500,0,{"type": 1, "name": "INVOKE", "code": 0, "data": {"count": 1, "perf": [7, 48, 0], "boxes": [[31, 125, 62, 177, 92, 0], [211, 141, 62, 120, 29, 0]], "resolution": [240, 240]}}[0m
[0;32mI (78759) FallDetection: FDPOLL,78570[0m
[0;32mI (78839) FallDetection: FDLOG,592,78650,0,{"type": 0, "name": "INVOKE", "code": 0, "data": {"model": {"id": 1, "type": 0, "address": 4194304, "size": 0}, "algorithm": {"type": 3, "categroy": 1, "input_from": 1, "config": {"tscore": 26, "tiou": 35}}, "sensor": {"id": 1, "type": 1, "state": 1, "opt_id": 0, "opt_detail": "240x240 Auto"}}}[0m
[0;32mI (78919) FallDetection: FDLOG,593,78730,0,{"type": 1, "name": "INVOKE", "code": 0, "data": {"count": 1, "perf": [7, 48, 0], "boxes": [[31, 125, 62, 177, 92, 0], [211, 141, 47, 115, 35, 0]], "resolution": [240, 240]}}[0m
[0;32mI (78999) FallDetection: FDPOLL,78810[0m
[0;32mI (79069) FallDetection: FDLOG,594,78880,0,{"type": 0, "name": "INVOKE", "code": 0, "data": {"model": {"id": 1, "type": 0, "address": 4194304, "size": 0}, "algorithm": {"type": 3, "categroy": 1, "input_from": 1, "config": {"tscore": 26, "tiou": 35}}, "sensor": {"id": 1, "type": 1, "state": 1, "opt_id": 0, "opt_detail": "240x240 Auto"}}}[0m
[0;32mI (79149) FallDetection: FDLOG,595,78960,0,{"type": 1, "name": "INVOKE", "code": 0, "data": {"count": 1, "perf": [7, 48, 0], "boxes": [[31, 130, 62, 177, 92, 0]], "resolution": [240, 240]}}[0m
[0;32mI (79219) FallDetection: FDPOLL,79030[0m
[0;32mI (79299) FallDetection: FDLOG,596,79110,0,{"type": 0, "name": "INVOKE", "code": 0, "data": {"model": {"id": 1, "type": 0, "address": 4194304, "size": 0}, "algorithm": {"type": 3, "categroy": 1, "input_from": 1, "config": {"tscore": 26, "tiou": 35}}, "sensor": {"id": 1, "type": 1, "state": 1, "opt_id": 0, "opt_detail": "240x240 Auto"}}}[0m
[0;32mI (79319) FallDetection: FDSTACK_FREE,2620[0m
[0;32mI (79379) FallDetection: FDLOG,597,79190,0,{"type": 1, "name": "INVOKE", "code": 0, "data": {"count": 1, "perf": [7, 48, 0], "boxes": [[31, 130, 62, 177, 92, 0], [211, 141, 62, 120, 29, 0]], "resolution": [240, 240]}}[0m
[0;32mI (79459) FallDetection: FDPOLL,79270[0m
[0;32mI (79529) FallDetection: FDLOG,598,79340,0,{"type": 0, "name": "INVOKE", "code": 0, "data": {"model": {"id": 1, "type": 0, "address": 4194304, "size": 0}, "algorithm": {"type": 3, "categroy": 1, "input_from": 1, "config": {"tscore": 26, "tiou": 35}}, "sensor": {"id": 1, "type": 1, "state": 1, "opt_id": 0, "opt_detail": "240x240 Auto"}}}[0m
[0;32mI (79599) FallDetection: FDLOG,599,79410,0,{"type": 1, "name": "INVOKE", "code": 0, "data": {"count": 1, "perf": [7, 48, 0], "boxes": [[31, 130, 62, 177, 92, 0], [211, 141, 57, 115, 37, 0]], "resolution": [240, 240]}}[0m
[0;32mI (79679) FallDetection: FDPOLL,79490[0m
[0;32mI (79799) SystemInfo: free sram: 72931 minimal sram: 58687[0m
[0;32mI (79809) FallDetection: FDLOG,600,79620,0,{"type": 0, "name": "INVOKE", "code": 0, "data": {"model": {"id": 1, "type": 0, "address": 4194304, "size": 0}, "algorithm": {"type": 3, "categroy": 1, "input_from": 1, "config": {"tscore": 26, "tiou": 35}}, "sensor": {"id": 1, "type": 1, "state": 1, "opt_id": 0, "opt_detail": "240x240 Auto"}}}[0m
[0;32mI (79829) FallDetection: FDLOG,601,79640,0,{"type": 1, "name": "INVOKE", "code": 0, "data": {"count": 1, "perf": [7, 48, 0], "boxes": [[31, 125, 62, 177, 92, 0]], "resolution": [240, 240]}}[0m
[0;32mI (79919) FallDetection: FDPOLL,79730[0m
[0;32mI (79989) FallDetection: FDLOG,602,79800,0,{"type": 0, "name": "INVOKE", "code": 0, "data": {"model": {"id": 1, "type": 0, "address": 4194304, "size": 0}, "algorithm": {"type": 3, "categroy": 1, "input_from": 1, "config": {"tscore": 26, "tiou": 35}}, "sensor": {"id": 1, "type": 1, "state": 1, "opt_id": 0, "opt_detail": "240x240 Auto"}}}[0m
[0;32mI (80069) FallDetection: FDLOG,603,79880,0,{"type": 1, "name": "INVOKE", "code": 0, "data": {"count": 1, "perf": [7, 48, 0], "boxes": [[31, 130, 62, 177, 92, 0]], "resolution": [240, 240]}}[0m
[0;32mI (80149) FallDetection: FDPOLL,79960[0m
[0;32mI (80219) FallDetection: FDLOG,604,80030,0,{"type": 0, "name": "INVOKE", "code": 0, "data": {"model": {"id": 1, "type": 0, "address": 4194304, "size": 0}, "algorithm": {"type": 3, "categroy": 1, "input_from": 1, "config": {"tscore": 26, "tiou": 35}}, "sensor": {"id": 1, "type": 1, "state": 1, "opt_id": 0, "opt_detail": "240x240 Auto"}}}[0m
[0;32mI (80299) FallDetection: FDLOG,605,80110,0,{"type": 1, "name": "INVOKE", "code": 0, "data": {"count": 1, "perf": [7, 48, 0], "boxes": [[31, 125, 62, 177, 92, 0]], "resolution": [240, 240]}}[0m
[0;32mI (80369) FallDetection: FDSTACK_FREE,2620[0m
[0;32mI (80379) FallDetection: FDPOLL,80190[0m
[0;32mI (80449) FallDetection: FDLOG,606,80260,0,{"type": 0, "name": "INVOKE", "code": 0, "data": {"model": {"id": 1, "type": 0, "address": 4194304, "size": 0}, "algorithm": {"type": 3, "categroy": 1, "input_from": 1, "config": {"tscore": 26, "tiou": 35}}, "sensor": {"id": 1, "type": 1, "state": 1, "opt_id": 0, "opt_detail": "240x240 Auto"}}}[0m
[0;32mI (80529) FallDetection: FDLOG,607,80340,0,{"type": 1, "name": "INVOKE", "code": 0, "data": {"count": 1, "perf": [7, 48, 0], "boxes": [[31, 130, 62, 177, 92, 0], [211, 138, 57, 136, 29, 0]], "resolution": [240, 240]}}[0m
[0;32mI (80609) FallDetection: FDPOLL,80420[0m
[0;32mI (80679) FallDetection: FDLOG,608,80490,0,{"type": 0, "name": "INVOKE", "code": 0, "data": {"model": {"id": 1, "type": 0, "address": 4194304, "size": 0}, "algorithm": {"type": 3, "categroy": 1, "input_from": 1, "config": {"tscore": 26, "tiou": 35}}, "sensor": {"id": 1, "type": 1, "state": 1, "opt_id": 0, "opt_detail": "240x240 Auto"}}}[0m
[0;32mI (80759) FallDetection: FDLOG,609,80570,0,{"type": 1, "name": "INVOKE", "code": 0, "data": {"count": 1, "perf": [7, 48, 0], "boxes": [[31, 125, 62, 177, 92, 0]], "resolution": [240, 240]}}[0m
[0;32mI (80839) FallDetection: FDPOLL,80650[0m
[0;32mI (80909) FallDetection: FDLOG,610,80720,0,{"type": 0, "name": "INVOKE", "code": 0, "data": {"model": {"id": 1, "type": 0, "address": 4194304, "size": 0}, "algorithm": {"type": 3, "categroy": 1, "input_from": 1, "config": {"tscore": 26, "tiou": 35}}, "sensor": {"id": 1, "type": 1, "state": 1, "opt_id": 0, "opt_detail": "240x240 Auto"}}}[0m
[0;32mI (80989) FallDetection: FDLOG,611,80800,0,{"type": 1, "name": "INVOKE", "code": 0, "data": {"count": 1, "perf": [7, 48, 0], "boxes": [[31, 125, 62, 177, 92, 0]], "resolution": [240, 240]}}[0m
[0;32mI (81069) FallDetection: FDPOLL,80880[0m
[0;32mI (81189) FallDetection: FDLOG,612,81000,0,{"type": 0, "name": "INVOKE", "code": 0, "data": {"model": {"id": 1, "type": 0, "address": 4194304, "size": 0}, "algorithm": {"type": 3, "categroy": 1, "input_from": 1, "config": {"tscore": 26, "tiou": 35}}, "sensor": {"id": 1, "type": 1, "state": 1, "opt_id": 0, "opt_detail": "240x240 Auto"}}}[0m
[0;32mI (81209) FallDetection: FDLOG,613,81020,0,{"type": 1, "name": "INVOKE", "code": 0, "data": {"count": 1, "perf": [7, 48, 0], "boxes": [[31, 130, 62, 177, 92, 0]], "resolution": [240, 240]}}[0m
[0;32mI (81299) FallDetection: FDPOLL,81110[0m
[0;32mI (81349) FallDetection: FDLOG,614,81160,0,{"type": 0, "name": "INVOKE", "code": 0, "data": {"model": {"id": 1, "type": 0, "address": 4194304, "size": 0}, "algorithm": {"type": 3, "categroy": 1, "input_from": 1, "config": {"tscore": 26, "tiou": 35}}, "sensor": {"id": 1, "type": 1, "state": 1, "opt_id": 0, "opt_detail": "240x240 Auto"}}}[0m
[0;32mI (81419) FallDetection: FDLOG,615,81230,0,{"type": 1, "name": "INVOKE", "code": 0, "data": {"count": 1, "perf": [7, 48, 0], "boxes": [[31, 130, 62, 177, 92, 0], [211, 141, 47, 115, 29, 0]], "resolution": [240, 240]}}[0m
[0;32mI (81429) FallDetection: FDSTACK_FREE,2620[0m
[0;32mI (81559) FallDetection: FDPOLL,81370[0m
[0;32mI (81639) FallDetection: FDLOG,616,81450,0,{"type": 0, "name": "INVOKE", "code": 0, "data": {"model": {"id": 1, "type": 0, "address": 4194304, "size": 0}, "algorithm": {"type": 3, "categroy": 1, "input_from": 1, "config": {"tscore": 26, "tiou": 35}}, "sensor": {"id": 1, "type": 1, "state": 1, "opt_id": 0, "opt_detail": "240x240 Auto"}}}[0m
[0;32mI (81719) FallDetection: FDLOG,617,81530,0,{"type": 1, "name": "INVOKE", "code": 0, "data": {"count": 1, "perf": [7, 48, 0], "boxes": [[31, 125, 62, 177, 92, 0]], "resolution": [240, 240]}}[0m
[0;32mI (81799) FallDetection: FDPOLL,81610[0m
[0;32mI (81869) FallDetection: FDLOG,618,81680,0,{"type": 0, "name": "INVOKE", "code": 0, "data": {"model": {"id": 1, "type": 0, "address": 4194304, "size": 0}, "algorithm": {"type": 3, "categroy": 1, "input_from": 1, "config": {"tscore": 26, "tiou": 35}}, "sensor": {"id": 1, "type": 1, "state": 1, "opt_id": 0, "opt_detail": "240x240 Auto"}}}[0m
[0;32mI (81949) FallDetection: FDLOG,619,81760,0,{"type": 1, "name": "INVOKE", "code": 0, "data": {"count": 1, "perf": [7, 48, 0], "boxes": [[31, 125, 62, 177, 92, 0]], "resolution": [240, 240]}}[0m
[0;32mI (82029) FallDetection: FDPOLL,81840[0m
[0;32mI (82149) FallDetection: FDLOG,620,81960,0,{"type": 0, "name": "INVOKE", "code": 0, "data": {"model": {"id": 1, "type": 0, "address": 4194304, "size": 0}, "algorithm": {"type": 3, "categroy": 1, "input_from": 1, "config": {"tscore": 26, "tiou": 35}}, "sensor": {"id": 1, "type": 1, "state": 1, "opt_id": 0, "opt_detail": "240x240 Auto"}}}[0m
[0;32mI (82169) FallDetection: FDLOG,621,81980,0,{"type": 1, "name": "INVOKE", "code": 0, "data": {"count": 1, "perf": [7, 48, 0], "boxes": [[31, 130, 62, 177, 92, 0]], "resolution": [240, 240]}}[0m
[0;32mI (82259) FallDetection: FDPOLL,82070[0m
[0;32mI (82329) FallDetection: FDLOG,622,82140,0,{"type": 0, "name": "INVOKE", "code": 0, "data": {"model": {"id": 1, "type": 0, "address": 4194304, "size": 0}, "algorithm": {"type": 3, "categroy": 1, "input_from": 1, "config": {"tscore": 26, "tiou": 35}}, "sensor": {"id": 1, "type": 1, "state": 1, "opt_id": 0, "opt_detail": "240x240 Auto"}}}[0m
[0;32mI (82409) FallDetection: FDLOG,623,82220,0,{"type": 1, "name": "INVOKE", "code": 0, "data": {"count": 1, "perf": [7, 48, 0], "boxes": [[31, 125, 62, 177, 92, 0]], "resolution": [240, 240]}}[0m
[0;32mI (82479) FallDetection: FDSTACK_FREE,2620[0m
[0;32mI (82489) FallDetection: FDPOLL,82300[0m
[0;32mI (82559) FallDetection: FDLOG,624,82370,0,{"type": 0, "name": "INVOKE", "code": 0, "data": {"model": {"id": 1, "type": 0, "address": 4194304, "size": 0}, "algorithm": {"type": 3, "categroy": 1, "input_from": 1, "config": {"tscore": 26, "tiou": 35}}, "sensor": {"id": 1, "type": 1, "state": 1, "opt_id": 0, "opt_detail": "240x240 Auto"}}}[0m
[0;32mI (82639) FallDetection: FDLOG,625,82450,0,{"type": 1, "name": "INVOKE", "code": 0, "data": {"count": 1, "perf": [7, 48, 0], "boxes": [[31, 125, 62, 177, 92, 0], [211, 141, 47, 115, 29, 0]], "resolution": [240, 240]}}[0m
[0;32mI (82719) FallDetection: FDPOLL,82530[0m
[0;32mI (82789) FallDetection: FDLOG,626,82600,0,{"type": 0, "name": "INVOKE", "code": 0, "data": {"model": {"id": 1, "type": 0, "address": 4194304, "size": 0}, "algorithm": {"type": 3, "categroy": 1, "input_from": 1, "config": {"tscore": 26, "tiou": 35}}, "sensor": {"id": 1, "type": 1, "state": 1, "opt_id": 0, "opt_detail": "240x240 Auto"}}}[0m
[0;32mI (82789) StateMachine: State: listening -> speaking[0m
[0;32mI (82809) CompactWifiBoardLCDTouch: Sent Eye Command: 0x03[0m
[0;32mI (82859) FallDetection: FDLOG,627,82670,0,{"type": 1, "name": "INVOKE", "code": 0, "data": {"count": 1, "perf": [7, 48, 0], "boxes": [[26, 125, 62, 177, 92, 0], [211, 141, 47, 115, 35, 0]], "resolution": [240, 240]}}[0m
[0;32mI (82939) FallDetection: FDPOLL,82750[0m
[0;32mI (83019) FallDetection: FDLOG,628,82830,0,{"type": 0, "name": "INVOKE", "code": 0, "data": {"model": {"id": 1, "type": 0, "address": 4194304, "size": 0}, "algorithm": {"type": 3, "categroy": 1, "input_from": 1, "config": {"tscore": 26, "tiou": 35}}, "sensor": {"id": 1, "type": 1, "state": 1, "opt_id": 0, "opt_detail": "240x240 Auto"}}}[0m
[0;32mI (83099) FallDetection: FDLOG,629,82910,0,{"type": 1, "name": "INVOKE", "code": 0, "data": {"count": 1, "perf": [7, 48, 0], "boxes": [[26, 125, 47, 193, 92, 0]], "resolution": [240, 240]}}[0m
[0;32mI (83179) FallDetection: FDPOLL,82990[0m
[0;32mI (83249) FallDetection: FDLOG,630,83060,0,{"type": 0, "name": "INVOKE", "code": 0, "data": {"model": {"id": 1, "type": 0, "address": 4194304, "size": 0}, "algorithm": {"type": 3, "categroy": 1, "input_from": 1, "config": {"tscore": 26, "tiou": 35}}, "sensor": {"id": 1, "type": 1, "state": 1, "opt_id": 0, "opt_detail": "240x240 Auto"}}}[0m
[0;32mI (83329) FallDetection: FDLOG,631,83140,0,{"type": 1, "name": "INVOKE", "code": 0, "data": {"count": 1, "perf": [7, 48, 0], "boxes": [[20, 125, 47, 193, 92, 0]], "resolution": [240, 240]}}[0m
[0;32mI (83409) FallDetection: FDPOLL,83220[0m
[0;32mI (83449) Application: << Take care, and call me if you need anything.[0m
[0;32mI (83479) FallDetection: FDLOG,632,83290,0,{"type": 0, "name": "INVOKE", "code": 0, "data": {"model": {"id": 1, "type": 0, "address": 4194304, "size": 0}, "algorithm": {"type": 3, "categroy": 1, "input_from": 1, "config": {"tscore": 26, "tiou": 35}}, "sensor": {"id": 1, "type": 1, "state": 1, "opt_id": 0, "opt_detail": "240x240 Auto"}}}[0m
[0;32mI (83499) FallDetection: FDSTACK_FREE,2620[0m
[0;32mI (83559) FallDetection: FDLOG,633,83370,0,{"type": 1, "name": "INVOKE", "code": 0, "data": {"count": 1, "perf": [7, 48, 0], "boxes": [[20, 122, 47, 193, 83, 0]], "resolution": [240, 240]}}[0m
[0;32mI (83639) FallDetection: FDPOLL,83450[0m
[0;32mI (83709) FallDetection: FDLOG,634,83520,0,{"type": 0, "name": "INVOKE", "code": 0, "data": {"model": {"id": 1, "type": 0, "address": 4194304, "size": 0}, "algorithm": {"type": 3, "categroy": 1, "input_from": 1, "config": {"tscore": 26, "tiou": 35}}, "sensor": {"id": 1, "type": 1, "state": 1, "opt_id": 0, "opt_detail": "240x240 Auto"}}}[0m
[0;32mI (83799) FallDetection: FDLOG,635,83610,0,{"type": 1, "name": "INVOKE", "code": 0, "data": {"count": 1, "perf": [7, 48, 0], "boxes": [[20, 117, 47, 193, 83, 0]], "resolution": [240, 240]}}[0m
[0;32mI (83879) FallDetection: FDPOLL,83690[0m
[0;32mI (83959) FallDetection: FDLOG,636,83770,0,{"type": 0, "name": "INVOKE", "code": 0, "data": {"model": {"id": 1, "type": 0, "address": 4194304, "size": 0}, "algorithm": {"type": 3, "categroy": 1, "input_from": 1, "config": {"tscore": 26, "tiou": 35}}, "sensor": {"id": 1, "type": 1, "state": 1, "opt_id": 0, "opt_detail": "240x240 Auto"}}}[0m
[0;32mI (84039) FallDetection: FDLOG,637,83850,0,{"type": 1, "name": "INVOKE", "code": 0, "data": {"count": 1, "perf": [7, 48, 0], "boxes": [[20, 122, 47, 193, 87, 0]], "resolution": [240, 240]}}[0m
[0;32mI (84119) FallDetection: FDPOLL,83930[0m
[0;32mI (84249) FallDetection: FDLOG,638,84060,0,{"type": 0, "name": "INVOKE", "code": 0, "data": {"model": {"id": 1, "type": 0, "address": 4194304, "size": 0}, "algorithm": {"type": 3, "categroy": 1, "input_from": 1, "config": {"tscore": 26, "tiou": 35}}, "sensor": {"id": 1, "type": 1, "state": 1, "opt_id": 0, "opt_detail": "240x240 Auto"}}}[0m
[0;32mI (84269) FallDetection: FDLOG,639,84080,0,{"type": 1, "name": "INVOKE", "code": 0, "data": {"count": 1, "perf": [7, 48, 0], "boxes": [[20, 125, 47, 193, 89, 0]], "resolution": [240, 240]}}[0m
[0;32mI (84359) FallDetection: FDPOLL,84170[0m
[0;32mI (84439) FallDetection: FDLOG,640,84250,0,{"type": 0, "name": "INVOKE", "code": 0, "data": {"model": {"id": 1, "type": 0, "address": 4194304, "size": 0}, "algorithm": {"type": 3, "categroy": 1, "input_from": 1, "config": {"tscore": 26, "tiou": 35}}, "sensor": {"id": 1, "type": 1, "state": 1, "opt_id": 0, "opt_detail": "240x240 Auto"}}}[0m
[0;32mI (84519) FallDetection: FDLOG,641,84330,0,{"type": 1, "name": "INVOKE", "code": 0, "data": {"count": 1, "perf": [7, 48, 0], "boxes": [[20, 125, 47, 193, 87, 0]], "resolution": [240, 240]}}[0m
[0;32mI (84529) FallDetection: FDSTACK_FREE,2620[0m
[0;32mI (84599) FallDetection: FDPOLL,84410[0m
[0;32mI (84669) FallDetection: FDLOG,642,84480,0,{"type": 0, "name": "INVOKE", "code": 0, "data": {"model": {"id": 1, "type": 0, "address": 4194304, "size": 0}, "algorithm": {"type": 3, "categroy": 1, "input_from": 1, "config": {"tscore": 26, "tiou": 35}}, "sensor": {"id": 1, "type": 1, "state": 1, "opt_id": 0, "opt_detail": "240x240 Auto"}}}[0m
[0;32mI (84749) FallDetection: FDLOG,643,84560,0,{"type": 1, "name": "INVOKE", "code": 0, "data": {"count": 1, "perf": [7, 48, 0], "boxes": [[26, 128, 47, 193, 89, 0]], "resolution": [240, 240]}}[0m
[0;32mI (84829) FallDetection: FDPOLL,84640[0m
[0;32mI (84899) FallDetection: FDLOG,644,84710,0,{"type": 0, "name": "INVOKE", "code": 0, "data": {"model": {"id": 1, "type": 0, "address": 4194304, "size": 0}, "algorithm": {"type": 3, "categroy": 1, "input_from": 1, "config": {"tscore": 26, "tiou": 35}}, "sensor": {"id": 1, "type": 1, "state": 1, "opt_id": 0, "opt_detail": "240x240 Auto"}}}[0m
[0;32mI (84979) FallDetection: FDLOG,645,84790,0,{"type": 1, "name": "INVOKE", "code": 0, "data": {"count": 1, "perf": [7, 48, 0], "boxes": [[36, 133, 62, 177, 83, 0], [211, 143, 57, 115, 37, 0]], "resolution": [240, 240]}}[0m
[0;32mI (85059) FallDetection: FDPOLL,84870[0m
[0;32mI (85129) FallDetection: FDLOG,646,84940,0,{"type": 0, "name": "INVOKE", "code": 0, "data": {"model": {"id": 1, "type": 0, "address": 4194304, "size": 0}, "algorithm": {"type": 3, "categroy": 1, "input_from": 1, "config": {"tscore": 26, "tiou": 35}}, "sensor": {"id": 1, "type": 1, "state": 1, "opt_id": 0, "opt_detail": "240x240 Auto"}}}[0m
[0;32mI (85209) FallDetection: FDLOG,647,85020,0,{"type": 1, "name": "INVOKE", "code": 0, "data": {"count": 1, "perf": [7, 48, 0], "boxes": [[18, 128, 20, 57, 29, 0], [52, 154, 94, 177, 87, 0]], "resolution": [240, 240]}}[0m
[0;32mI (85289) FallDetection: FDPOLL,85100[0m
[0;32mI (85359) FallDetection: FDLOG,648,85170,0,{"type": 0, "name": "INVOKE", "code": 0, "data": {"model": {"id": 1, "type": 0, "address": 4194304, "size": 0}, "algorithm": {"type": 3, "categroy": 1, "input_from": 1, "config": {"tscore": 26, "tiou": 35}}, "sensor": {"id": 1, "type": 1, "state": 1, "opt_id": 0, "opt_detail": "240x240 Auto"}}}[0m
[0;32mI (85439) FallDetection: FDLOG,649,85250,0,{"type": 1, "name": "INVOKE", "code": 0, "data": {"count": 1, "perf": [7, 48, 0], "boxes": [[18, 130, 31, 62, 37, 0], [65, 188, 138, 120, 41, 0]], "resolution": [240, 240]}}[0m
[0;32mI (85449) FallDetection: FDEVT,16,Upright,Descending,85250,vy=0.47,vh=-0.51,drop=0.32,r=1.15[0m
[0;32mI (85519) FallDetection: FDPOLL,85330[0m
[0;32mI (85589) FallDetection: FDLOG,650,85400,0,{"type": 0, "name": "INVOKE", "code": 0, "data": {"model": {"id": 1, "type": 0, "address": 4194304, "size": 0}, "algorithm": {"type": 3, "categroy": 1, "input_from": 1, "config": {"tscore": 26, "tiou": 35}}, "sensor": {"id": 1, "type": 1, "state": 1, "opt_id": 0, "opt_detail": "240x240 Auto"}}}[0m
[0;32mI (85599) FallDetection: FDSTACK_FREE,2620[0m
[0;32mI (85669) FallDetection: FDLOG,651,85480,0,{"type": 1, "name": "INVOKE", "code": 0, "data": {"count": 1, "perf": [7, 48, 0], "boxes": [[20, 122, 23, 62, 33, 0], [107, 196, 138, 78, 29, 0]], "resolution": [240, 240]}}[0m
[0;32mI (85749) FallDetection: FDPOLL,85560[0m
[0;32mI (85819) FallDetection: FDLOG,652,85630,0,{"type": 0, "name": "INVOKE", "code": 0, "data": {"model": {"id": 1, "type": 0, "address": 4194304, "size": 0}, "algorithm": {"type": 3, "categroy": 1, "input_from": 1, "config": {"tscore": 26, "tiou": 35}}, "sensor": {"id": 1, "type": 1, "state": 1, "opt_id": 0, "opt_detail": "240x240 Auto"}}}[0m
[0;32mI (85899) FallDetection: FDLOG,653,85710,0,{"type": 1, "name": "INVOKE", "code": 0, "data": {"count": 1, "perf": [7, 48, 0], "boxes": [[20, 122, 23, 62, 33, 0]], "resolution": [240, 240]}}[0m
[0;32mI (85979) FallDetection: FDPOLL,85790[0m
[0;32mI (86029) FallDetection: FDLOG,654,85840,0,{"type": 0, "name": "INVOKE", "code": 0, "data": {"model": {"id": 1, "type": 0, "address": 4194304, "size": 0}, "algorithm": {"type": 3, "categroy": 1, "input_from": 1, "config": {"tscore": 26, "tiou": 35}}, "sensor": {"id": 1, "type": 1, "state": 1, "opt_id": 0, "opt_detail": "240x240 Auto"}}}[0m
[0;32mI (86109) FallDetection: FDLOG,655,85920,0,{"type": 1, "name": "INVOKE", "code": 0, "data": {"count": 1, "perf": [7, 48, 0], "boxes": [], "resolution": [240, 240]}}[0m
[0;32mI (86239) FallDetection: FDPOLL,86050[0m
[0;32mI (86319) FallDetection: FDLOG,656,86130,0,{"type": 0, "name": "INVOKE", "code": 0, "data": {"model": {"id": 1, "type": 0, "address": 4194304, "size": 0}, "algorithm": {"type": 3, "categroy": 1, "input_from": 1, "config": {"tscore": 26, "tiou": 35}}, "sensor": {"id": 1, "type": 1, "state": 1, "opt_id": 0, "opt_detail": "240x240 Auto"}}}[0m
[0;32mI (86399) FallDetection: FDLOG,657,86210,0,{"type": 1, "name": "INVOKE", "code": 0, "data": {"count": 1, "perf": [7, 48, 0], "boxes": [[18, 128, 23, 62, 33, 0], [211, 146, 57, 151, 37, 0]], "resolution": [240, 240]}}[0m
[0;32mI (86479) FallDetection: FDPOLL,86290[0m
[0;32mI (86549) FallDetection: FDLOG,658,86360,0,{"type": 0, "name": "INVOKE", "code": 0, "data": {"model": {"id": 1, "type": 0, "address": 4194304, "size": 0}, "algorithm": {"type": 3, "categroy": 1, "input_from": 1, "config": {"tscore": 26, "tiou": 35}}, "sensor": {"id": 1, "type": 1, "state": 1, "opt_id": 0, "opt_detail": "240x240 Auto"}}}[0m
[0;32mI (86629) FallDetection: FDLOG,659,86440,0,{"type": 1, "name": "INVOKE", "code": 0, "data": {"count": 1, "perf": [7, 48, 0], "boxes": [[20, 122, 20, 57, 37, 0]], "resolution": [240, 240]}}[0m
[0;32mI (86639) FallDetection: FDSTACK_FREE,2620[0m
[0;32mI (86709) FallDetection: FDPOLL,86520[0m
[0;32mI (86779) FallDetection: FDLOG,660,86590,0,{"type": 0, "name": "INVOKE", "code": 0, "data": {"model": {"id": 1, "type": 0, "address": 4194304, "size": 0}, "algorithm": {"type": 3, "categroy": 1, "input_from": 1, "config": {"tscore": 26, "tiou": 35}}, "sensor": {"id": 1, "type": 1, "state": 1, "opt_id": 0, "opt_detail": "240x240 Auto"}}}[0m
[0;32mI (86839) StateMachine: State: speaking -> listening[0m
[0;32mI (86839) CompactWifiBoardLCDTouch: Sent Eye Command: 0x01[0m
[0;32mI (86859) MQTT: Received goodbye message, session_id: 7540ab24[0m
[0;32mI (86859) FallDetection: FDLOG,661,86670,0,{"type": 1, "name": "INVOKE", "code": 0, "data": {"count": 1, "perf": [7, 48, 0], "boxes": [[18, 122, 23, 62, 29, 0], [107, 211, 104, 54, 29, 0], [211, 141, 57, 115, 43, 0]], "resolution": [240, 240]}}[0m
[0;32mI (86879) FallDetection: FDEVT,16,Descending,GroundUnconfirmed,86670,vy=0.25,vh=-0.58,drop=0.44,r=1.93[0m
[0;32mI (86919) MQTT: Closing audio channel, send_goodbye: 0[0m
[0;32mI (86919) WifiStation: Setting WiFi power save level: LOW_POWER (MAX_MODEM)[0m
[0;32mI (86919) wifi:Set ps type: 2, coexist: 0[0m

[0;32mI (86919) StateMachine: State: listening -> idle[0m
[0;32mI (86929) CompactWifiBoardLCDTouch: Sent Eye Command: 0x02[0m
[0;32mI (86959) FallDetection: FDPOLL,86770[0m
[0;32mI (87029) FallDetection: FDLOG,662,86840,0,{"type": 0, "name": "INVOKE", "code": 0, "data": {"model": {"id": 1, "type": 0, "address": 4194304, "size": 0}, "algorithm": {"type": 3, "categroy": 1, "input_from": 1, "config": {"tscore": 26, "tiou": 35}}, "sensor": {"id": 1, "type": 1, "state": 1, "opt_id": 0, "opt_detail": "240x240 Auto"}}}[0m
[0;32mI (87109) FallDetection: FDLOG,663,86920,0,{"type": 1, "name": "INVOKE", "code": 0, "data": {"count": 1, "perf": [7, 48, 0], "boxes": [[18, 122, 23, 62, 33, 0], [104, 214, 96, 57, 66, 0], [211, 138, 60, 115, 29, 0]], "resolution": [240, 240]}}[0m
[0;32mI (87189) FallDetection: FDPOLL,87000[0m
[0;32mI (87259) FallDetection: FDLOG,664,87070,0,{"type": 0, "name": "INVOKE", "code": 0, "data": {"model": {"id": 1, "type": 0, "address": 4194304, "size": 0}, "algorithm": {"type": 3, "categroy": 1, "input_from": 1, "config": {"tscore": 26, "tiou": 35}}, "sensor": {"id": 1, "type": 1, "state": 1, "opt_id": 0, "opt_detail": "240x240 Auto"}}}[0m
[0;32mI (87339) FallDetection: FDLOG,665,87150,0,{"type": 1, "name": "INVOKE", "code": 0, "data": {"count": 1, "perf": [7, 48, 0], "boxes": [[99, 219, 104, 54, 50, 0], [211, 141, 57, 115, 29, 0]], "resolution": [240, 240]}}[0m
[0;32mI (87419) FallDetection: FDPOLL,87230[0m
[0;32mI (87489) FallDetection: FDLOG,666,87300,0,{"type": 0, "name": "INVOKE", "code": 0, "data": {"model": {"id": 1, "type": 0, "address": 4194304, "size": 0}, "algorithm": {"type": 3, "categroy": 1, "input_from": 1, "config": {"tscore": 26, "tiou": 35}}, "sensor": {"id": 1, "type": 1, "state": 1, "opt_id": 0, "opt_detail": "240x240 Auto"}}}[0m
[0;32mI (87569) FallDetection: FDLOG,667,87380,0,{"type": 1, "name": "INVOKE", "code": 0, "data": {"count": 1, "perf": [7, 48, 0], "boxes": [[18, 128, 31, 62, 33, 0], [94, 219, 104, 54, 58, 0], [211, 141, 62, 120, 77, 0]], "resolution": [240, 240]}}[0m
[0;32mI (87639) FallDetection: FDSTACK_FREE,2620[0m
[0;32mI (87649) FallDetection: FDPOLL,87460[0m
[0;32mI (87719) FallDetection: FDLOG,668,87530,0,{"type": 0, "name": "INVOKE", "code": 0, "data": {"model": {"id": 1, "type": 0, "address": 4194304, "size": 0}, "algorithm": {"type": 3, "categroy": 1, "input_from": 1, "config": {"tscore": 26, "tiou": 35}}, "sensor": {"id": 1, "type": 1, "state": 1, "opt_id": 0, "opt_detail": "240x240 Auto"}}}[0m
[0;32mI (87799) FallDetection: FDLOG,669,87610,0,{"type": 1, "name": "INVOKE", "code": 0, "data": {"count": 1, "perf": [7, 48, 0], "boxes": [[18, 128, 31, 62, 29, 0], [94, 211, 104, 54, 71, 0], [211, 141, 47, 115, 83, 0]], "resolution": [240, 240]}}[0m
[0;32mI (87879) FallDetection: FDPOLL,87690[0m
[0;32mI (87949) FallDetection: FDLOG,670,87760,0,{"type": 0, "name": "INVOKE", "code": 0, "data": {"model": {"id": 1, "type": 0, "address": 4194304, "size": 0}, "algorithm": {"type": 3, "categroy": 1, "input_from": 1, "config": {"tscore": 26, "tiou": 35}}, "sensor": {"id": 1, "type": 1, "state": 1, "opt_id": 0, "opt_detail": "240x240 Auto"}}}[0m
[0;32mI (88029) FallDetection: FDLOG,671,87840,0,{"type": 1, "name": "INVOKE", "code": 0, "data": {"count": 1, "perf": [7, 48, 0], "boxes": [[18, 122, 28, 57, 37, 0], [94, 211, 104, 54, 58, 0], [211, 141, 47, 115, 83, 0]], "resolution": [240, 240]}}[0m
[0;32mI (88039) MQTT: Received goodbye message, session_id: 7540ab24[0m
[0;32mI (88049) MQTT: Closing audio channel, send_goodbye: 0[0m
[0;32mI (88049) WifiStation: Setting WiFi power save level: LOW_POWER (MAX_MODEM)[0m
[0;32mI (88059) wifi:Set ps type: 2, coexist: 0[0m

[0;32mI (88059) CompactWifiBoardLCDTouch: Sent Eye Command: 0x02[0m
[0;32mI (88109) FallDetection: FDPOLL,87920[0m
[0;32mI (88179) FallDetection: FDLOG,672,87990,0,{"type": 0, "name": "INVOKE", "code": 0, "data": {"model": {"id": 1, "type": 0, "address": 4194304, "size": 0}, "algorithm": {"type": 3, "categroy": 1, "input_from": 1, "config": {"tscore": 26, "tiou": 35}}, "sensor": {"id": 1, "type": 1, "state": 1, "opt_id": 0, "opt_detail": "240x240 Auto"}}}[0m
[0;32mI (88259) FallDetection: FDLOG,673,88070,0,{"type": 1, "name": "INVOKE", "code": 0, "data": {"count": 1, "perf": [7, 48, 0], "boxes": [[211, 141, 62, 120, 83, 0]], "resolution": [240, 240]}}[0m
[0;32mI (88339) FallDetection: FDPOLL,88150[0m
[0;32mI (88409) FallDetection: FDLOG,674,88220,0,{"type": 0, "name": "INVOKE", "code": 0, "data": {"model": {"id": 1, "type": 0, "address": 4194304, "size": 0}, "algorithm": {"type": 3, "categroy": 1, "input_from": 1, "config": {"tscore": 26, "tiou": 35}}, "sensor": {"id": 1, "type": 1, "state": 1, "opt_id": 0, "opt_detail": "240x240 Auto"}}}[0m
[0;32mI (88489) FallDetection: FDLOG,675,88300,0,{"type": 1, "name": "INVOKE", "code": 0, "data": {"count": 1, "perf": [7, 48, 0], "boxes": [[18, 128, 31, 62, 33, 0], [211, 141, 47, 115, 83, 0]], "resolution": [240, 240]}}[0m
[0;32mI (88569) FallDetection: FDPOLL,88380[0m
[0;32mI (88639) FallDetection: FDLOG,676,88450,0,{"type": 0, "name": "INVOKE", "code": 0, "data": {"model": {"id": 1, "type": 0, "address": 4194304, "size": 0}, "algorithm": {"type": 3, "categroy": 1, "input_from": 1, "config": {"tscore": 26, "tiou": 35}}, "sensor": {"id": 1, "type": 1, "state": 1, "opt_id": 0, "opt_detail": "240x240 Auto"}}}[0m
[0;32mI (88659) FallDetection: FDSTACK_FREE,2620[0m
[0;32mI (88719) FallDetection: FDLOG,677,88530,0,{"type": 1, "name": "INVOKE", "code": 0, "data": {"count": 1, "perf": [7, 48, 0], "boxes": [[18, 128, 31, 62, 29, 0], [211, 141, 62, 120, 83, 0]], "resolution": [240, 240]}}[0m
[0;32mI (88799) FallDetection: FDPOLL,88610[0m
[0;32mI (88869) FallDetection: FDLOG,678,88680,0,{"type": 0, "name": "INVOKE", "code": 0, "data": {"model": {"id": 1, "type": 0, "address": 4194304, "size": 0}, "algorithm": {"type": 3, "categroy": 1, "input_from": 1, "config": {"tscore": 26, "tiou": 35}}, "sensor": {"id": 1, "type": 1, "state": 1, "opt_id": 0, "opt_detail": "240x240 Auto"}}}[0m
[0;32mI (88949) FallDetection: FDLOG,679,88760,0,{"type": 1, "name": "INVOKE", "code": 0, "data": {"count": 1, "perf": [7, 48, 0], "boxes": [[18, 128, 31, 62, 29, 0], [209, 141, 62, 120, 83, 0]], "resolution": [240, 240]}}[0m
[0;32mI (89029) FallDetection: FDPOLL,88840[0m
[0;32mI (89099) FallDetection: FDLOG,680,88910,0,{"type": 0, "name": "INVOKE", "code": 0, "data": {"model": {"id": 1, "type": 0, "address": 4194304, "size": 0}, "algorithm": {"type": 3, "categroy": 1, "input_from": 1, "config": {"tscore": 26, "tiou": 35}}, "sensor": {"id": 1, "type": 1, "state": 1, "opt_id": 0, "opt_detail": "240x240 Auto"}}}[0m
[0;32mI (89179) FallDetection: FDLOG,681,88990,0,{"type": 1, "name": "INVOKE", "code": 0, "data": {"count": 1, "perf": [7, 48, 0], "boxes": [[18, 122, 31, 62, 33, 0], [211, 138, 57, 115, 81, 0]], "resolution": [240, 240]}}[0m
[0;32mI (89259) FallDetection: FDPOLL,89070[0m
[0;32mI (89329) FallDetection: FDLOG,682,89140,0,{"type": 0, "name": "INVOKE", "code": 0, "data": {"model": {"id": 1, "type": 0, "address": 4194304, "size": 0}, "algorithm": {"type": 3, "categroy": 1, "input_from": 1, "config": {"tscore": 26, "tiou": 35}}, "sensor": {"id": 1, "type": 1, "state": 1, "opt_id": 0, "opt_detail": "240x240 Auto"}}}[0m
[0;32mI (89409) FallDetection: FDLOG,683,89220,0,{"type": 1, "name": "INVOKE", "code": 0, "data": {"count": 1, "perf": [7, 48, 0], "boxes": [[209, 141, 70, 115, 71, 0]], "resolution": [240, 240]}}[0m
[0;32mI (89489) FallDetection: FDPOLL,89300[0m
[0;32mI (89559) FallDetection: FDLOG,684,89370,0,{"type": 0, "name": "INVOKE", "code": 0, "data": {"model": {"id": 1, "type": 0, "address": 4194304, "size": 0}, "algorithm": {"type": 3, "categroy": 1, "input_from": 1, "config": {"tscore": 26, "tiou": 35}}, "sensor": {"id": 1, "type": 1, "state": 1, "opt_id": 0, "opt_detail": "240x240 Auto"}}}[0m
[0;32mI (89639) FallDetection: FDLOG,685,89450,0,{"type": 1, "name": "INVOKE", "code": 0, "data": {"count": 1, "perf": [7, 48, 0], "boxes": [[18, 128, 31, 62, 29, 0], [206, 141, 70, 115, 71, 0]], "resolution": [240, 240]}}[0m
[0;32mI (89649) FallDetection: FDEVT,21,Init,Upright,89450,vy=-0.01,vh=0.00,drop=0.03,r=0.50[0m
[0;32mI (89659) FallDetection: FDSTACK_FREE,2620[0m
[0;32mI (89729) FallDetection: FDPOLL,89540[0m
[0;32mI (89789) FallDetection: FDLOG,686,89600,0,{"type": 0, "name": "INVOKE", "code": 0, "data": {"model": {"id": 1, "type": 0, "address": 4194304, "size": 0}, "algorithm": {"type": 3, "categroy": 1, "input_from": 1, "config": {"tscore": 26, "tiou": 35}}, "sensor": {"id": 1, "type": 1, "state": 1, "opt_id": 0, "opt_detail": "240x240 Auto"}}}[0m
[0;32mI (89869) FallDetection: FDLOG,687,89680,0,{"type": 1, "name": "INVOKE", "code": 0, "data": {"count": 1, "perf": [7, 48, 0], "boxes": [[88, 211, 104, 54, 41, 0], [206, 141, 70, 115, 77, 0]], "resolution": [240, 240]}}[0m
[0;32mI (89879) FallDetection: FDEVT,16,GroundUnconfirmed,FallConfirmed,89680,vy=-0.03,vh=0.00,drop=0.44,r=1.93[0m
[0;33mW (89899) FallDetection: 🚨 CRITICAL FALL DETECTED (track 16, ground_confirmed)[0m
[0;32mI (89899) CompactWifiBoardLCDTouch: Sent Eye Command: 0x04[0m
[0;32mI (89899) AudioService: Resampling audio from 16000 to 24000[0m
[0;32mI (89989) FallDetection: FDPOLL,89800[0m
[0;32mI (90059) FallDetection: FDLOG,688,89870,0,{"type": 0, "name": "INVOKE", "code": 0, "data": {"model": {"id": 1, "type": 0, "address": 4194304, "size": 0}, "algorithm": {"type": 3, "categroy": 1, "input_from": 1, "config": {"tscore": 26, "tiou": 35}}, "sensor": {"id": 1, "type": 1, "state": 1, "opt_id": 0, "opt_detail": "240x240 Auto"}}}[0m
[0;32mI (90139) FallDetection: FDLOG,689,89950,0,{"type": 1, "name": "INVOKE", "code": 0, "data": {"count": 1, "perf": [7, 48, 0], "boxes": [[206, 141, 62, 120, 77, 0]], "resolution": [240, 240]}}[0m
[0;32mI (90219) FallDetection: FDPOLL,90030[0m
[0;32mI (90269) FallDetection: FDLOG,690,90080,0,{"type": 0, "name": "INVOKE", "code": 0, "data": {"model": {"id": 1, "type": 0, "address": 4194304, "size": 0}, "algorithm": {"type": 3, "categroy": 1, "input_from": 1, "config": {"tscore": 26, "tiou": 35}}, "sensor": {"id": 1, "type": 1, "state": 1, "opt_id": 0, "opt_detail": "240x240 Auto"}}}[0m
[0;32mI (90349) FallDetection: FDLOG,691,90160,0,{"type": 1, "name": "INVOKE", "code": 0, "data": {"count": 1, "perf": [7, 48, 0], "boxes": [[20, 128, 20, 57, 33, 0], [206, 141, 62, 120, 77, 0]], "resolution": [240, 240]}}[0m
[0;32mI (90429) FallDetection: FDPOLL,90240[0m
[0;32mI (90499) FallDetection: FDLOG,692,90310,0,{"type": 0, "name": "INVOKE", "code": 0, "data": {"model": {"id": 1, "type": 0, "address": 4194304, "size": 0}, "algorithm": {"type": 3, "categroy": 1, "input_from": 1, "config": {"tscore": 26, "tiou": 35}}, "sensor": {"id": 1, "type": 1, "state": 1, "opt_id": 0, "opt_detail": "240x240 Auto"}}}[0m
[0;32mI (90579) FallDetection: FDLOG,693,90390,0,{"type": 1, "name": "INVOKE", "code": 0, "data": {"count": 1, "perf": [7, 48, 0], "boxes": [[18, 128, 31, 62, 33, 0], [78, 214, 96, 57, 33, 0], [146, 211, 196, 54, 50, 0], [206, 133, 70, 115, 71, 0]], "resolution": [240, 240]}}[0m
[0;32mI (90659) FallDetection: FDPOLL,90470[0m
[0;32mI (90729) FallDetection: FDLOG,694,90540,0,{"type": 0, "name": "INVOKE", "code": 0, "data": {"model": {"id": 1, "type": 0, "address": 4194304, "size": 0}, "algorithm": {"type": 3, "categroy": 1, "input_from": 1, "config": {"tscore": 26, "tiou": 35}}, "sensor": {"id": 1, "type": 1, "state": 1, "opt_id": 0, "opt_detail": "240x240 Auto"}}}[0m
[0;32mI (90749) FallDetection: FDSTACK_FREE,2620[0m
[0;32mI (90809) FallDetection: FDLOG,695,90620,0,{"type": 1, "name": "INVOKE", "code": 0, "data": {"count": 1, "perf": [7, 48, 0], "boxes": [[18, 122, 31, 62, 29, 0], [83, 211, 120, 52, 37, 0], [133, 206, 196, 54, 64, 0], [204, 128, 62, 120, 58, 0]], "resolution": [240, 240]}}[0m
[0;32mI (90889) FallDetection: FDPOLL,90700[0m
[0;32mI (90959) FallDetection: FDLOG,696,90770,0,{"type": 0, "name": "INVOKE", "code": 0, "data": {"model": {"id": 1, "type": 0, "address": 4194304, "size": 0}, "algorithm": {"type": 3, "categroy": 1, "input_from": 1, "config": {"tscore": 26, "tiou": 35}}, "sensor": {"id": 1, "type": 1, "state": 1, "opt_id": 0, "opt_detail": "240x240 Auto"}}}[0m
[0;32mI (91039) FallDetection: FDLOG,697,90850,0,{"type": 1, "name": "INVOKE", "code": 0, "data": {"count": 1, "perf": [7, 48, 0], "boxes": [[18, 128, 31, 62, 33, 0], [88, 211, 146, 54, 29, 0], [180, 204, 138, 78, 71, 0], [204, 128, 62, 120, 58, 0]], "resolution": [240, 240]}}[0m
[0;32mI (91119) MQTT: Received goodbye message, session_id: 7540ab24[0m
[0;32mI (91119) MQTT: Closing audio channel, send_goodbye: 0[0m
[0;32mI (91119) WifiStation: Setting WiFi power save level: LOW_POWER (MAX_MODEM)[0m
[0;32mI (91119) FallDetection: FDPOLL,90930[0m
[0;32mI (91119) wifi:Set ps type: 2, coexist: 0[0m

[0;32mI (91129) CompactWifiBoardLCDTouch: Sent Eye Command: 0x02[0m
[0;32mI (91229) FallDetection: FDLOG,698,91040,0,{"type": 0, "name": "INVOKE", "code": 0, "data": {"model": {"id": 1, "type": 0, "address": 4194304, "size": 0}, "algorithm": {"type": 3, "categroy": 1, "input_from": 1, "config": {"tscore": 26, "tiou": 35}}, "sensor": {"id": 1, "type": 1, "state": 1, "opt_id": 0, "opt_detail": "240x240 Auto"}}}[0m
[0;32mI (91249) FallDetection: FDLOG,699,91060,0,{"type": 1, "name": "INVOKE", "code": 0, "data": {"count": 1, "perf": [7, 48, 0], "boxes": [[180, 204, 104, 81, 77, 0], [204, 128, 62, 120, 58, 0]], "resolution": [240, 240]}}[0m
[0;32mI (91339) FallDetection: FDPOLL,91150[0m
[0;32mI (91419) FallDetection: FDLOG,700,91230,0,{"type": 0, "name": "INVOKE", "code": 0, "data": {"model": {"id": 1, "type": 0, "address": 4194304, "size": 0}, "algorithm": {"type": 3, "categroy": 1, "input_from": 1, "config": {"tscore": 26, "tiou": 35}}, "sensor": {"id": 1, "type": 1, "state": 1, "opt_id": 0, "opt_detail": "240x240 Auto"}}}[0m
[0;32mI (91499) FallDetection: FDLOG,701,91310,0,{"type": 1, "name": "INVOKE", "code": 0, "data": {"count": 1, "perf": [7, 48, 0], "boxes": [[180, 204, 138, 78, 71, 0], [206, 128, 62, 120, 58, 0]], "resolution": [240, 240]}}[0m
[0;32mI (91539) CustomWakeWord: Custom wake word detected: command_id=1, string= NA NA NA BOT, prob=0.224806[0m
[0;32mI (91539) Application: Wake word detected: NanaBot (state: 3)[0m
[0;32mI (91539) StateMachine: State: idle -> connecting[0m
[0;32mI (91539) WifiStation: Setting WiFi power save level: PERFORMANCE (NONE)[0m
[0;32mI (91549) wifi:Set ps type: 0, coexist: 0[0m

[0;32mI (91769) CustomWakeWord: Encode wake word opus 35 packets in 232 ms[0m
[0;32mI (91779) FallDetection: FDSTACK_FREE,2348[0m
[0;32mI (91789) FallDetection: FDPOLL,91600[0m
[0;32mI (91849) FallDetection: FDLOG,702,91660,0,{"type": 0, "name": "INVOKE", "code": 0, "data": {"model": {"id": 1, "type": 0, "address": 4194304, "size": 0}, "algorithm": {"type": 3, "categroy": 1, "input_from": 1, "config": {"tscore": 26, "tiou": 35}}, "sensor": {"id": 1, "type": 1, "state": 1, "opt_id": 0, "opt_detail": "240x240 Auto"}}}[0m
[0;32mI (91869) MQTT: Session ID: a83d545c[0m
[0;32mI (91869) WifiStation: Setting WiFi power save level: PERFORMANCE (NONE)[0m
[0;32mI (91879) wifi:Set ps type: 0, coexist: 0[0m

[0;32mI (91879) Application: Wake word detected: NanaBot[0m
[0;32mI (91909) StateMachine: State: connecting -> listening[0m
[0;32mI (91909) CompactWifiBoardLCDTouch: Sent Eye Command: 0x01[0m
[0;32mI (91929) FallDetection: FDLOG,703,91740,0,{"type": 1, "name": "INVOKE", "code": 0, "data": {"count": 1, "perf": [7, 48, 0], "boxes": [[18, 122, 23, 62, 33, 0], [180, 206, 104, 81, 77, 0], [206, 133, 62, 120, 64, 0]], "resolution": [240, 240]}}[0m
[0;32mI (92009) FallDetection: FDPOLL,91820[0m
[0;32mI (92079) FallDetection: FDLOG,704,91890,0,{"type": 0, "name": "INVOKE", "code": 0, "data": {"model": {"id": 1, "type": 0, "address": 4194304, "size": 0}, "algorithm": {"type": 3, "categroy": 1, "input_from": 1, "config": {"tscore": 26, "tiou": 35}}, "sensor": {"id": 1, "type": 1, "state": 1, "opt_id": 0, "opt_detail": "240x240 Auto"}}}[0m
[0;32mI (92159) FallDetection: FDLOG,705,91970,0,{"type": 1, "name": "INVOKE", "code": 0, "data": {"count": 1, "perf": [7, 48, 0], "boxes": [[18, 122, 31, 62, 33, 0], [180, 206, 104, 54, 71, 0], [204, 133, 62, 120, 58, 0]], "resolution": [240, 240]}}[0m
[0;32mI (92219) Application: >> NanaBot[0m
[0;32mI (92239) FallDetection: FDPOLL,92050[0m
[0;32mI (92309) FallDetection: FDLOG,706,92120,0,{"type": 0, "name": "INVOKE", "code": 0, "data": {"model": {"id": 1, "type": 0, "address": 4194304, "size": 0}, "algorithm": {"type": 3, "categroy": 1, "input_from": 1, "config": {"tscore": 26, "tiou": 35}}, "sensor": {"id": 1, "type": 1, "state": 1, "opt_id": 0, "opt_detail": "240x240 Auto"}}}[0m
[0;32mI (92389) FallDetection: FDLOG,707,92200,0,{"type": 1, "name": "INVOKE", "code": 0, "data": {"count": 1, "perf": [7, 48, 0], "boxes": [[18, 122, 31, 62, 33, 0], [180, 206, 138, 78, 71, 0], [204, 128, 70, 115, 64, 0]], "resolution": [240, 240]}}[0m
[0;32mI (92469) FallDetection: FDPOLL,92280[0m
[0;32mI (92539) FallDetection: FDLOG,708,92350,0,{"type": 0, "name": "INVOKE", "code": 0, "data": {"model": {"id": 1, "type": 0, "address": 4194304, "size": 0}, "algorithm": {"type": 3, "categroy": 1, "input_from": 1, "config": {"tscore": 26, "tiou": 35}}, "sensor": {"id": 1, "type": 1, "state": 1, "opt_id": 0, "opt_detail": "240x240 Auto"}}}[0m
[0;32mI (92619) FallDetection: FDLOG,709,92430,0,{"type": 1, "name": "INVOKE", "code": 0, "data": {"count": 1, "perf": [7, 48, 0], "boxes": [[18, 122, 23, 62, 33, 0], [180, 206, 138, 78, 83, 0], [204, 130, 57, 115, 66, 0]], "resolution": [240, 240]}}[0m
[0;32mI (92699) FallDetection: FDPOLL,92510[0m
[0;32mI (92749) FallDetection: FDLOG,710,92560,0,{"type": 0, "name": "INVOKE", "code": 0, "data": {"model": {"id": 1, "type": 0, "address": 4194304, "size": 0}, "algorithm": {"type": 3, "categroy": 1, "input_from": 1, "config": {"tscore": 26, "tiou": 35}}, "sensor": {"id": 1, "type": 1, "state": 1, "opt_id": 0, "opt_detail": "240x240 Auto"}}}[0m
[0;32mI (92829) FallDetection: FDLOG,711,92640,0,{"type": 1, "name": "INVOKE", "code": 0, "data": {"count": 1, "perf": [7, 48, 0], "boxes": [[180, 206, 138, 78, 83, 0], [206, 128, 70, 115, 71, 0]], "resolution": [240, 240]}}[0m
[0;32mI (92839) FallDetection: FDSTACK_FREE,2348[0m
[0;32mI (92879) StateMachine: State: listening -> speaking[0m
[0;32mI (92879) CompactWifiBoardLCDTouch: Sent Eye Command: 0x03[0m
[0;32mI (92909) FallDetection: FDPOLL,92720[0m
[0;32mI (92929) Application: << Hi there![0m
[0;32mI (92979) FallDetection: FDLOG,712,92790,0,{"type": 0, "name": "INVOKE", "code": 0, "data": {"model": {"id": 1, "type": 0, "address": 4194304, "size": 0}, "algorithm": {"type": 3, "categroy": 1, "input_from": 1, "config": {"tscore": 26, "tiou": 35}}, "sensor": {"id": 1, "type": 1, "state": 1, "opt_id": 0, "opt_detail": "240x240 Auto"}}}[0m
[0;32mI (93059) FallDetection: FDLOG,713,92870,0,{"type": 1, "name": "INVOKE", "code": 0, "data": {"count": 1, "perf": [7, 48, 0], "boxes": [[20, 122, 28, 57, 29, 0], [180, 206, 138, 78, 83, 0], [206, 128, 62, 120, 58, 0]], "resolution": [240, 240]}}[0m
[0;32mI (93139) FallDetection: FDPOLL,92950[0m
[0;32mI (93209) FallDetection: FDLOG,714,93020,0,{"type": 0, "name": "INVOKE", "code": 0, "data": {"model": {"id": 1, "type": 0, "address": 4194304, "size": 0}, "algorithm": {"type": 3, "categroy": 1, "input_from": 1, "config": {"tscore": 26, "tiou": 35}}, "sensor": {"id": 1, "type": 1, "state": 1, "opt_id": 0, "opt_detail": "240x240 Auto"}}}[0m
[0;32mI (93299) FallDetection: FDLOG,715,93110,0,{"type": 1, "name": "INVOKE", "code": 0, "data": {"count": 1, "perf": [7, 48, 0], "boxes": [[20, 122, 28, 57, 29, 0], [180, 204, 138, 78, 77, 0], [206, 128, 62, 120, 58, 0]], "resolution": [240, 240]}}[0m
[0;32mI (93379) FallDetection: FDPOLL,93190[0m
[0;32mI (93459) FallDetection: FDLOG,716,93270,0,{"type": 0, "name": "INVOKE", "code": 0, "data": {"model": {"id": 1, "type": 0, "address": 4194304, "size": 0}, "algorithm": {"type": 3, "categroy": 1, "input_from": 1, "config": {"tscore": 26, "tiou": 35}}, "sensor": {"id": 1, "type": 1, "state": 1, "opt_id": 0, "opt_detail": "240x240 Auto"}}}[0m
[0;32mI (93539) FallDetection: FDLOG,717,93350,0,{"type": 1, "name": "INVOKE", "code": 0, "data": {"count": 1, "perf": [7, 48, 0], "boxes": [[18, 122, 31, 62, 29, 0], [172, 204, 138, 78, 77, 0], [206, 128, 70, 115, 58, 0]], "resolution": [240, 240]}}[0m
[0;32mI (93619) FallDetection: FDPOLL,93430[0m
[0;32mI (93749) FallDetection: FDLOG,718,93560,0,{"type": 0, "name": "INVOKE", "code": 0, "data": {"model": {"id": 1, "type": 0, "address": 4194304, "size": 0}, "algorithm": {"type": 3, "categroy": 1, "input_from": 1, "config": {"tscore": 26, "tiou": 35}}, "sensor": {"id": 1, "type": 1, "state": 1, "opt_id": 0, "opt_detail": "240x240 Auto"}}}[0m
[0;32mI (93769) FallDetection: FDLOG,719,93580,0,{"type": 1, "name": "INVOKE", "code": 0, "data": {"count": 1, "perf": [7, 48, 0], "boxes": [[18, 122, 28, 57, 29, 0], [172, 204, 138, 78, 83, 0], [206, 128, 70, 81, 64, 0]], "resolution": [240, 240]}}[0m
[0;32mI (93849) FallDetection: FDSTACK_FREE,2348[0m
[0;32mI (93859) FallDetection: FDPOLL,93670[0m
[0;32mI (93899) AudioService: Resampling audio from 16000 to 24000[0m
[0;32mI (93939) FallDetection: FDLOG,720,93750,0,{"type": 0, "name": "INVOKE", "code": 0, "data": {"model": {"id": 1, "type": 0, "address": 4194304, "size": 0}, "algorithm": {"type": 3, "categroy": 1, "input_from": 1, "config": {"tscore": 26, "tiou": 35}}, "sensor": {"id": 1, "type": 1, "state": 1, "opt_id": 0, "opt_detail": "240x240 Auto"}}}[0m
[0;32mI (94019) FallDetection: FDLOG,721,93830,0,{"type": 1, "name": "INVOKE", "code": 0, "data": {"count": 1, "perf": [7, 48, 0], "boxes": [[18, 122, 31, 62, 33, 0], [172, 196, 138, 78, 71, 0], [206, 128, 70, 115, 58, 0]], "resolution": [240, 240]}}[0m
[0;32mI (94099) FallDetection: FDPOLL,93910[0m
[0;32mI (94169) FallDetection: FDLOG,722,93980,0,{"type": 0, "name": "INVOKE", "code": 0, "data": {"model": {"id": 1, "type": 0, "address": 4194304, "size": 0}, "algorithm": {"type": 3, "categroy": 1, "input_from": 1, "config": {"tscore": 26, "tiou": 35}}, "sensor": {"id": 1, "type": 1, "state": 1, "opt_id": 0, "opt_detail": "240x240 Auto"}}}[0m
[0;32mI (94249) FallDetection: FDLOG,723,94060,0,{"type": 1, "name": "INVOKE", "code": 0, "data": {"count": 1, "perf": [7, 48, 0], "boxes": [[18, 122, 23, 62, 33, 0], [172, 204, 138, 78, 71, 0], [204, 122, 70, 81, 58, 0]], "resolution": [240, 240]}}[0m
[0;32mI (94309) Application: << How can I help you today?[0m
[0;32mI (94329) FallDetection: FDPOLL,94140[0m
[0;32mI (94399) FallDetection: FDLOG,724,94210,0,{"type": 0, "name": "INVOKE", "code": 0, "data": {"model": {"id": 1, "type": 0, "address": 4194304, "size": 0}, "algorithm": {"type": 3, "categroy": 1, "input_from": 1, "config": {"tscore": 26, "tiou": 35}}, "sensor": {"id": 1, "type": 1, "state": 1, "opt_id": 0, "opt_detail": "240x240 Auto"}}}[0m
[0;32mI (94479) FallDetection: FDLOG,725,94290,0,{"type": 1, "name": "INVOKE", "code": 0, "data": {"count": 1, "perf": [7, 48, 0], "boxes": [[18, 122, 31, 62, 29, 0], [172, 204, 138, 78, 71, 0], [206, 128, 70, 115, 50, 0]], "resolution": [240, 240]}}[0m
[0;32mI (94559) FallDetection: FDPOLL,94370[0m
[0;32mI (94609) FallDetection: FDLOG,726,94420,0,{"type": 0, "name": "INVOKE", "code": 0, "data": {"model": {"id": 1, "type": 0, "address": 4194304, "size": 0}, "algorithm": {"type": 3, "categroy": 1, "input_from": 1, "config": {"tscore": 26, "tiou": 35}}, "sensor": {"id": 1, "type": 1, "state": 1, "opt_id": 0, "opt_detail": "240x240 Auto"}}}[0m
[0;32mI (94689) FallDetection: FDLOG,727,94500,0,{"type": 1, "name": "INVOKE", "code": 0, "data": {"count": 1, "perf": [7, 48, 0], "boxes": [[18, 128, 31, 62, 33, 0], [172, 204, 138, 78, 71, 0], [206, 128, 70, 81, 58, 0]], "resolution": [240, 240]}}[0m
[0;32mI (94769) FallDetection: FDPOLL,94580[0m
[0;32mI (94839) FallDetection: FDLOG,728,94650,0,{"type": 0, "name": "INVOKE", "code": 0, "data": {"model": {"id": 1, "type": 0, "address": 4194304, "size": 0}, "algorithm": {"type": 3, "categroy": 1, "input_from": 1, "config": {"tscore": 26, "tiou": 35}}, "sensor": {"id": 1, "type": 1, "state": 1, "opt_id": 0, "opt_detail": "240x240 Auto"}}}[0m
[0;32mI (94859) FallDetection: FDSTACK_FREE,2348[0m
[0;32mI (94919) FallDetection: FDLOG,729,94730,0,{"type": 1, "name": "INVOKE", "code": 0, "data": {"count": 1, "perf": [7, 48, 0], "boxes": [[18, 128, 31, 62, 33, 0], [172, 204, 138, 78, 77, 0], [206, 128, 70, 115, 50, 0]], "resolution": [240, 240]}}[0m
[0;32mI (94999) FallDetection: FDPOLL,94810[0m
[0;32mI (95069) FallDetection: FDLOG,730,94880,0,{"type": 0, "name": "INVOKE", "code": 0, "data": {"model": {"id": 1, "type": 0, "address": 4194304, "size": 0}, "algorithm": {"type": 3, "categroy": 1, "input_from": 1, "config": {"tscore": 26, "tiou": 35}}, "sensor": {"id": 1, "type": 1, "state": 1, "opt_id": 0, "opt_detail": "240x240 Auto"}}}[0m
[0;32mI (95149) FallDetection: FDLOG,731,94960,0,{"type": 1, "name": "INVOKE", "code": 0, "data": {"count": 1, "perf": [7, 48, 0], "boxes": [[18, 128, 23, 62, 33, 0], [172, 204, 138, 78, 77, 0], [206, 128, 62, 120, 58, 0]], "resolution": [240, 240]}}[0m
[0;32mI (95229) FallDetection: FDPOLL,95040[0m
[0;32mI (95299) FallDetection: FDLOG,732,95110,0,{"type": 0, "name": "INVOKE", "code": 0, "data": {"model": {"id": 1, "type": 0, "address": 4194304, "size": 0}, "algorithm": {"type": 3, "categroy": 1, "input_from": 1, "config": {"tscore": 26, "tiou": 35}}, "sensor": {"id": 1, "type": 1, "state": 1, "opt_id": 0, "opt_detail": "240x240 Auto"}}}[0m
[0;32mI (95379) FallDetection: FDLOG,733,95190,0,{"type": 1, "name": "INVOKE", "code": 0, "data": {"count": 1, "perf": [7, 48, 0], "boxes": [[18, 122, 23, 62, 37, 0], [172, 204, 138, 78, 77, 0], [206, 128, 62, 120, 58, 0]], "resolution": [240, 240]}}[0m
[0;32mI (95459) FallDetection: FDPOLL,95270[0m
[0;32mI (95529) FallDetection: FDLOG,734,95340,0,{"type": 0, "name": "INVOKE", "code": 0, "data": {"model": {"id": 1, "type": 0, "address": 4194304, "size": 0}, "algorithm": {"type": 3, "categroy": 1, "input_from": 1, "config": {"tscore": 26, "tiou": 35}}, "sensor": {"id": 1, "type": 1, "state": 1, "opt_id": 0, "opt_detail": "240x240 Auto"}}}[0m
[0;32mI (95609) FallDetection: FDLOG,735,95420,0,{"type": 1, "name": "INVOKE", "code": 0, "data": {"count": 1, "perf": [7, 48, 0], "boxes": [[20, 122, 23, 62, 29, 0], [172, 204, 146, 81, 77, 0], [206, 128, 70, 115, 58, 0]], "resolution": [240, 240]}}[0m
[0;32mI (95689) FallDetection: FDPOLL,95500[0m
[0;32mI (95759) FallDetection: FDLOG,736,95570,0,{"type": 0, "name": "INVOKE", "code": 0, "data": {"model": {"id": 1, "type": 0, "address": 4194304, "size": 0}, "algorithm": {"type": 3, "categroy": 1, "input_from": 1, "config": {"tscore": 26, "tiou": 35}}, "sensor": {"id": 1, "type": 1, "state": 1, "opt_id": 0, "opt_detail": "240x240 Auto"}}}[0m
[0;32mI (95839) FallDetection: FDLOG,737,95650,0,{"type": 1, "name": "INVOKE", "code": 0, "data": {"count": 1, "perf": [7, 48, 0], "boxes": [[20, 128, 23, 62, 33, 0], [172, 204, 138, 78, 77, 0], [206, 122, 70, 81, 50, 0]], "resolution": [240, 240]}}[0m
[0;32mI (95909) FallDetection: FDSTACK_FREE,2348[0m
[0;32mI (95919) FallDetection: FDPOLL,95730[0m
[0;32mI (95989) FallDetection: FDLOG,738,95800,0,{"type": 0, "name": "INVOKE", "code": 0, "data": {"model": {"id": 1, "type": 0, "address": 4194304, "size": 0}, "algorithm": {"type": 3, "categroy": 1, "input_from": 1, "config": {"tscore": 26, "tiou": 35}}, "sensor": {"id": 1, "type": 1, "state": 1, "opt_id": 0, "opt_detail": "240x240 Auto"}}}[0m
[0;32mI (96069) FallDetection: FDLOG,739,95880,0,{"type": 1, "name": "INVOKE", "code": 0, "data": {"count": 1, "perf": [7, 48, 0], "boxes": [[172, 204, 138, 78, 77, 0], [206, 122, 70, 81, 58, 0]], "resolution": [240, 240]}}[0m
[0;32mI (96109) StateMachine: State: speaking -> listening[0m
[0;32mI (96109) CompactWifiBoardLCDTouch: Sent Eye Command: 0x01[0m
[0;32mI (96149) FallDetection: FDPOLL,95960[0m
[0;32mI (96219) FallDetection: FDLOG,740,96030,0,{"type": 0, "name": "INVOKE", "code": 0, "data": {"model": {"id": 1, "type": 0, "address": 4194304, "size": 0}, "algorithm": {"type": 3, "categroy": 1, "input_from": 1, "config": {"tscore": 26, "tiou": 35}}, "sensor": {"id": 1, "type": 1, "state": 1, "opt_id": 0, "opt_detail": "240x240 Auto"}}}[0m
[0;32mI (96299) FallDetection: FDLOG,741,96110,0,{"type": 1, "name": "INVOKE", "code": 0, "data": {"count": 1, "perf": [7, 48, 0], "boxes": [[20, 122, 23, 62, 33, 0], [188, 204, 104, 81, 71, 0], [206, 128, 70, 81, 58, 0]], "resolution": [240, 240]}}[0m
[0;32mI (96379) FallDetection: FDPOLL,96190[0m
[0;32mI (96449) FallDetection: FDLOG,742,96260,0,{"type": 0, "name": "INVOKE", "code": 0, "data": {"model": {"id": 1, "type": 0, "address": 4194304, "size": 0}, "algorithm": {"type": 3, "categroy": 1, "input_from": 1, "config": {"tscore": 26, "tiou": 35}}, "sensor": {"id": 1, "type": 1, "state": 1, "opt_id": 0, "opt_detail": "240x240 Auto"}}}[0m
[0;32mI (96529) FallDetection: FDLOG,743,96340,0,{"type": 1, "name": "INVOKE", "code": 0, "data": {"count": 1, "perf": [7, 48, 0], "boxes": [[188, 204, 94, 78, 64, 0], [204, 122, 70, 81, 64, 0]], "resolution": [240, 240]}}[0m
[0;32mI (96609) FallDetection: FDPOLL,96420[0m
[0;32mI (96679) FallDetection: FDLOG,744,96490,0,{"type": 0, "name": "INVOKE", "code": 0, "data": {"model": {"id": 1, "type": 0, "address": 4194304, "size": 0}, "algorithm": {"type": 3, "categroy": 1, "input_from": 1, "config": {"tscore": 26, "tiou": 35}}, "sensor": {"id": 1, "type": 1, "state": 1, "opt_id": 0, "opt_detail": "240x240 Auto"}}}[0m
[0;32mI (96759) FallDetection: FDLOG,745,96570,0,{"type": 1, "name": "INVOKE", "code": 0, "data": {"count": 1, "perf": [7, 48, 0], "boxes": [[188, 204, 94, 78, 58, 0], [204, 128, 57, 86, 62, 0]], "resolution": [240, 240]}}[0m
[0;32mI (96839) FallDetection: FDPOLL,96650[0m
[0;32mI (96909) FallDetection: FDLOG,746,96720,0,{"type": 0, "name": "INVOKE", "code": 0, "data": {"model": {"id": 1, "type": 0, "address": 4194304, "size": 0}, "algorithm": {"type": 3, "categroy": 1, "input_from": 1, "config": {"tscore": 26, "tiou": 35}}, "sensor": {"id": 1, "type": 1, "state": 1, "opt_id": 0, "opt_detail": "240x240 Auto"}}}[0m
[0;32mI (96929) FallDetection: FDSTACK_FREE,2348[0m
[0;32mI (96949) AudioService: Resampling audio from 16000 to 24000[0m
[0;32mI (96989) FallDetection: FDLOG,747,96800,0,{"type": 1, "name": "INVOKE", "code": 0, "data": {"count": 1, "perf": [7, 48, 0], "boxes": [[15, 117, 31, 36, 27, 0], [18, 128, 31, 62, 56, 0], [180, 204, 104, 81, 64, 0], [206, 122, 70, 81, 58, 0]], "resolution": [240, 240]}}[0m
[0;32mI (97069) FallDetection: FDPOLL,96880[0m
[0;32mI (97139) FallDetection: FDLOG,748,96950,0,{"type": 0, "name": "INVOKE", "code": 0, "data": {"model": {"id": 1, "type": 0, "address": 4194304, "size": 0}, "algorithm": {"type": 3, "categroy": 1, "input_from": 1, "config": {"tscore": 26, "tiou": 35}}, "sensor": {"id": 1, "type": 1, "state": 1, "opt_id": 0, "opt_detail": "240x240 Auto"}}}[0m
[0;32mI (97219) FallDetection: FDLOG,749,97030,0,{"type": 1, "name": "INVOKE", "code": 0, "data": {"count": 1, "perf": [7, 48, 0], "boxes": [[18, 128, 31, 62, 43, 0], [180, 204, 104, 81, 64, 0], [204, 122, 70, 81, 58, 0]], "resolution": [240, 240]}}[0m
[0;32mI (97299) FallDetection: FDPOLL,97110[0m
[0;32mI (97369) FallDetection: FDLOG,750,97180,0,{"type": 0, "name": "INVOKE", "code": 0, "data": {"model": {"id": 1, "type": 0, "address": 4194304, "size": 0}, "algorithm": {"type": 3, "categroy": 1, "input_from": 1, "config": {"tscore": 26, "tiou": 35}}, "sensor": {"id": 1, "type": 1, "state": 1, "opt_id": 0, "opt_detail": "240x240 Auto"}}}[0m
[0;32mI (97449) FallDetection: FDLOG,751,97260,0,{"type": 1, "name": "INVOKE", "code": 0, "data": {"count": 1, "perf": [7, 48, 0], "boxes": [[18, 128, 31, 62, 37, 0], [172, 204, 146, 81, 71, 0], [204, 122, 70, 81, 58, 0]], "resolution": [240, 240]}}[0m
[0;32mI (97529) FallDetection: FDPOLL,97340[0m
[0;32mI (97599) FallDetection: FDLOG,752,97410,0,{"type": 0, "name": "INVOKE", "code": 0, "data": {"model": {"id": 1, "type": 0, "address": 4194304, "size": 0}, "algorithm": {"type": 3, "categroy": 1, "input_from": 1, "config": {"tscore": 26, "tiou": 35}}, "sensor": {"id": 1, "type": 1, "state": 1, "opt_id": 0, "opt_detail": "240x240 Auto"}}}[0m
[0;32mI (97679) FallDetection: FDLOG,753,97490,0,{"type": 1, "name": "INVOKE", "code": 0, "data": {"count": 1, "perf": [7, 48, 0], "boxes": [[18, 128, 31, 62, 43, 0], [172, 204, 138, 78, 71, 0], [204, 122, 70, 81, 58, 0]], "resolution": [240, 240]}}[0m
[0;32mI (97759) FallDetection: FDPOLL,97570[0m
[0;32mI (97829) FallDetection: FDLOG,754,97640,0,{"type": 0, "name": "INVOKE", "code": 0, "data": {"model": {"id": 1, "type": 0, "address": 4194304, "size": 0}, "algorithm": {"type": 3, "categroy": 1, "input_from": 1, "config": {"tscore": 26, "tiou": 35}}, "sensor": {"id": 1, "type": 1, "state": 1, "opt_id": 0, "opt_detail": "240x240 Auto"}}}[0m
[0;32mI (97909) FallDetection: FDLOG,755,97720,0,{"type": 1, "name": "INVOKE", "code": 0, "data": {"count": 1, "perf": [7, 48, 0], "boxes": [[18, 122, 31, 62, 37, 0], [172, 204, 138, 78, 77, 0], [206, 122, 70, 81, 58, 0]], "resolution": [240, 240]}}[0m
[0;32mI (97979) FallDetection: FDSTACK_FREE,2348[0m
[0;32mI (97989) FallDetection: FDPOLL,97800[0m
[0;32mI (98059) FallDetection: FDLOG,756,97870,0,{"type": 0, "name": "INVOKE", "code": 0, "data": {"model": {"id": 1, "type": 0, "address": 4194304, "size": 0}, "algorithm": {"type": 3, "categroy": 1, "input_from": 1, "config": {"tscore": 26, "tiou": 35}}, "sensor": {"id": 1, "type": 1, "state": 1, "opt_id": 0, "opt_detail": "240x240 Auto"}}}[0m
[0;32mI (98139) FallDetection: FDLOG,757,97950,0,{"type": 1, "name": "INVOKE", "code": 0, "data": {"count": 1, "perf": [7, 48, 0], "boxes": [[18, 128, 31, 62, 33, 0], [180, 204, 138, 78, 64, 0], [206, 122, 70, 81, 58, 0]], "resolution": [240, 240]}}[0m
[0;32mI (98219) FallDetection: FDPOLL,98030[0m
[0;32mI (98269) AudioService: Resampling audio from 16000 to 24000[0m
[0;32mI (98289) FallDetection: FDLOG,758,98100,0,{"type": 0, "name": "INVOKE", "code": 0, "data": {"model": {"id": 1, "type": 0, "address": 4194304, "size": 0}, "algorithm": {"type": 3, "categroy": 1, "input_from": 1, "config": {"tscore": 26, "tiou": 35}}, "sensor": {"id": 1, "type": 1, "state": 1, "opt_id": 0, "opt_detail": "240x240 Auto"}}}[0m
[0;32mI (98369) FallDetection: FDLOG,759,98180,0,{"type": 1, "name": "INVOKE", "code": 0, "data": {"count": 1, "perf": [7, 48, 0], "boxes": [[18, 122, 31, 62, 33, 0], [180, 204, 138, 78, 71, 0], [206, 122, 70, 81, 71, 0]], "resolution": [240, 240]}}[0m
[0;32mI (98449) FallDetection: FDPOLL,98260[0m
[0;32mI (98519) FallDetection: FDLOG,760,98330,0,{"type": 0, "name": "INVOKE", "code": 0, "data": {"model": {"id": 1, "type": 0, "address": 4194304, "size": 0}, "algorithm": {"type": 3, "categroy": 1, "input_from": 1, "config": {"tscore": 26, "tiou": 35}}, "sensor": {"id": 1, "type": 1, "state": 1, "opt_id": 0, "opt_detail": "240x240 Auto"}}}[0m
[0;32mI (98599) FallDetection: FDLOG,761,98410,0,{"type": 1, "name": "INVOKE", "code": 0, "data": {"count": 1, "perf": [7, 48, 0], "boxes": [[18, 128, 31, 62, 37, 0], [172, 204, 138, 78, 83, 0], [206, 128, 70, 115, 71, 0]], "resolution": [240, 240]}}[0m
[0;32mI (98679) FallDetection: FDPOLL,98490[0m
[0;32mI (98749) FallDetection: FDLOG,762,98560,0,{"type": 0, "name": "INVOKE", "code": 0, "data": {"model": {"id": 1, "type": 0, "address": 4194304, "size": 0}, "algorithm": {"type": 3, "categroy": 1, "input_from": 1, "config": {"tscore": 26, "tiou": 35}}, "sensor": {"id": 1, "type": 1, "state": 1, "opt_id": 0, "opt_detail": "240x240 Auto"}}}[0m
[0;32mI (98829) FallDetection: FDLOG,763,98640,0,{"type": 1, "name": "INVOKE", "code": 0, "data": {"count": 1, "perf": [7, 48, 0], "boxes": [[18, 128, 31, 62, 43, 0], [162, 204, 138, 78, 71, 0], [206, 128, 70, 81, 71, 0]], "resolution": [240, 240]}}[0m
[0;32mI (98909) FallDetection: FDPOLL,98720[0m
[0;32mI (98979) FallDetection: FDLOG,764,98790,0,{"type": 0, "name": "INVOKE", "code": 0, "data": {"model": {"id": 1, "type": 0, "address": 4194304, "size": 0}, "algorithm": {"type": 3, "categroy": 1, "input_from": 1, "config": {"tscore": 26, "tiou": 35}}, "sensor": {"id": 1, "type": 1, "state": 1, "opt_id": 0, "opt_detail": "240x240 Auto"}}}[0m
[0;32mI (98999) FallDetection: FDSTACK_FREE,2348[0m
[0;32mI (99059) FallDetection: FDLOG,765,98870,0,{"type": 1, "name": "INVOKE", "code": 0, "data": {"count": 1, "perf": [7, 48, 0], "boxes": [[18, 128, 31, 62, 33, 0], [167, 204, 138, 78, 64, 0]], "resolution": [240, 240]}}[0m
[0;32mI (99129) FallDetection: FDPOLL,98940[0m
[0;32mI (99189) FallDetection: FDLOG,766,99000,0,{"type": 0, "name": "INVOKE", "code": 0, "data": {"model": {"id": 1, "type": 0, "address": 4194304, "size": 0}, "algorithm": {"type": 3, "categroy": 1, "input_from": 1, "config": {"tscore": 26, "tiou": 35}}, "sensor": {"id": 1, "type": 1, "state": 1, "opt_id": 0, "opt_detail": "240x240 Auto"}}}[0m
[0;32mI (99269) FallDetection: FDLOG,767,99080,0,{"type": 1, "name": "INVOKE", "code": 0, "data": {"count": 1, "perf": [7, 48, 0], "boxes": [[18, 122, 31, 62, 29, 0], [167, 204, 138, 78, 64, 0]], "resolution": [240, 240]}}[0m
[0;32mI (99349) FallDetection: FDPOLL,99160[0m
[0;32mI (99419) FallDetection: FDLOG,768,99230,0,{"type": 0, "name": "INVOKE", "code": 0, "data": {"model": {"id": 1, "type": 0, "address": 4194304, "size": 0}, "algorithm": {"type": 3, "categroy": 1, "input_from": 1, "config": {"tscore": 26, "tiou": 35}}, "sensor": {"id": 1, "type": 1, "state": 1, "opt_id": 0, "opt_detail": "240x240 Auto"}}}[0m
[0;32mI (99489) FallDetection: FDLOG,769,99300,0,{"type": 1, "name": "INVOKE", "code": 0, "data": {"count": 1, "perf": [7, 48, 0], "boxes": [[18, 122, 31, 62, 37, 0], [167, 204, 138, 78, 64, 0]], "resolution": [240, 240]}}[0m
[0;32mI (99569) FallDetection: FDPOLL,99380[0m
[0;32mI (99629) FallDetection: FDLOG,770,99440,0,{"type": 0, "name": "INVOKE", "code": 0, "data": {"model": {"id": 1, "type": 0, "address": 4194304, "size": 0}, "algorithm": {"type": 3, "categroy": 1, "input_from": 1, "config": {"tscore": 26, "tiou": 35}}, "sensor": {"id": 1, "type": 1, "state": 1, "opt_id": 0, "opt_detail": "240x240 Auto"}}}[0m
[0;32mI (99709) FallDetection: FDLOG,771,99520,0,{"type": 1, "name": "INVOKE", "code": 0, "data": {"count": 1, "perf": [7, 48, 0], "boxes": [[18, 122, 31, 62, 33, 0], [172, 204, 146, 81, 41, 0]], "resolution": [240, 240]}}[0m
[0;32mI (99789) FallDetection: FDPOLL,99600[0m
[0;32mI (99909) FallDetection: FDLOG,772,99720,0,{"type": 0, "name": "INVOKE", "code": 0, "data": {"model": {"id": 1, "type": 0, "address": 4194304, "size": 0}, "algorithm": {"type": 3, "categroy": 1, "input_from": 1, "config": {"tscore": 26, "tiou": 35}}, "sensor": {"id": 1, "type": 1, "state": 1, "opt_id": 0, "opt_detail": "240x240 Auto"}}}[0m
[0;32mI (99919) FallDetection: FDLOG,773,99730,0,{"type": 1, "name": "INVOKE", "code": 0, "data": {"count": 1, "perf": [7, 48, 0], "boxes": [[18, 122, 31, 62, 33, 0], [172, 204, 138, 78, 35, 0]], "resolution": [240, 240]}}[0m
[0;32mI (99999) FallDetection: FDSTACK_FREE,2348[0m
[0;32mI (100009) FallDetection: FDPOLL,99820[0m
[0;32mI (100129) FallDetection: FDLOG,774,99940,0,{"type": 0, "name": "INVOKE", "code": 0, "data": {"model": {"id": 1, "type": 0, "address": 4194304, "size": 0}, "algorithm": {"type": 3, "categroy": 1, "input_from": 1, "config": {"tscore": 26, "tiou": 35}}, "sensor": {"id": 1, "type": 1, "state": 1, "opt_id": 0, "opt_detail": "240x240 Auto"}}}[0m
[0;32mI (100149) FallDetection: FDLOG,775,99960,0,{"type": 1, "name": "INVOKE", "code": 0, "data": {"count": 1, "perf": [7, 48, 0], "boxes": [[18, 122, 31, 62, 33, 0], [172, 204, 138, 78, 41, 0]], "resolution": [240, 240]}}[0m
[0;32mI (100239) FallDetection: FDPOLL,100050[0m
[0;32mI (100319) FallDetection: FDLOG,776,100130,0,{"type": 0, "name": "INVOKE", "code": 0, "data": {"model": {"id": 1, "type": 0, "address": 4194304, "size": 0}, "algorithm": {"type": 3, "categroy": 1, "input_from": 1, "config": {"tscore": 26, "tiou": 35}}, "sensor": {"id": 1, "type": 1, "state": 1, "opt_id": 0, "opt_detail": "240x240 Auto"}}}[0m
[0;32mI (100399) FallDetection: FDLOG,777,100210,0,{"type": 1, "name": "INVOKE", "code": 0, "data": {"count": 1, "perf": [7, 48, 0], "boxes": [[20, 122, 20, 57, 43, 0], [175, 204, 112, 62, 33, 0]], "resolution": [240, 240]}}[0m
[0;32mI (100479) FallDetection: FDPOLL,100290[0m
[0;32mI (100609) FallDetection: FDLOG,778,100420,0,{"type": 0, "name": "INVOKE", "code": 0, "data": {"model": {"id": 1, "type": 0, "address": 4194304, "size": 0}, "algorithm": {"type": 3, "categroy": 1, "input_from": 1, "config": {"tscore": 26, "tiou": 35}}, "sensor": {"id": 1, "type": 1, "state": 1, "opt_id": 0, "opt_detail": "240x240 Auto"}}}[0m
[0;32mI (100629) FallDetection: FDLOG,779,100440,0,{"type": 1, "name": "INVOKE", "code": 0, "data": {"count": 1, "perf": [7, 48, 0], "boxes": [[18, 122, 23, 62, 43, 0], [172, 204, 138, 78, 50, 0]], "resolution": [240, 240]}}[0m
[0;32mI (100719) FallDetection: FDPOLL,100530[0m
[0;32mI (100799) FallDetection: FDLOG,780,100610,0,{"type": 0, "name": "INVOKE", "code": 0, "data": {"model": {"id": 1, "type": 0, "address": 4194304, "size": 0}, "algorithm": {"type": 3, "categroy": 1, "input_from": 1, "config": {"tscore": 26, "tiou": 35}}, "sensor": {"id": 1, "type": 1, "state": 1, "opt_id": 0, "opt_detail": "240x240 Auto"}}}[0m
[0;32mI (100879) FallDetection: FDLOG,781,100690,0,{"type": 1, "name": "INVOKE", "code": 0, "data": {"count": 1, "perf": [7, 48, 0], "boxes": [[18, 128, 31, 62, 33, 0], [172, 206, 146, 54, 35, 0]], "resolution": [240, 240]}}[0m
[0;32mI (100959) FallDetection: FDPOLL,100770[0m
[0;32mI (101029) FallDetection: FDLOG,782,100840,0,{"type": 0, "name": "INVOKE", "code": 0, "data": {"model": {"id": 1, "type": 0, "address": 4194304, "size": 0}, "algorithm": {"type": 3, "categroy": 1, "input_from": 1, "config": {"tscore": 26, "tiou": 35}}, "sensor": {"id": 1, "type": 1, "state": 1, "opt_id": 0, "opt_detail": "240x240 Auto"}}}[0m
[0;32mI (101049) FallDetection: FDSTACK_FREE,2348[0m
[0;32mI (101119) FallDetection: FDLOG,783,100930,0,{"type": 1, "name": "INVOKE", "code": 0, "data": {"count": 1, "perf": [7, 48, 0], "boxes": [[18, 122, 31, 62, 43, 0], [180, 204, 146, 81, 58, 0]], "resolution": [240, 240]}}[0m
[0;32mI (101199) FallDetection: FDPOLL,101010[0m
[0;32mI (101279) FallDetection: FDLOG,784,101090,0,{"type": 0, "name": "INVOKE", "code": 0, "data": {"model": {"id": 1, "type": 0, "address": 4194304, "size": 0}, "algorithm": {"type": 3, "categroy": 1, "input_from": 1, "config": {"tscore": 26, "tiou": 35}}, "sensor": {"id": 1, "type": 1, "state": 1, "opt_id": 0, "opt_detail": "240x240 Auto"}}}[0m
[0;32mI (101359) FallDetection: FDLOG,785,101170,0,{"type": 1, "name": "INVOKE", "code": 0, "data": {"count": 1, "perf": [7, 48, 0], "boxes": [[18, 128, 31, 62, 37, 0], [172, 206, 146, 81, 41, 0]], "resolution": [240, 240]}}[0m
[0;32mI (101439) FallDetection: FDPOLL,101250[0m
[0;32mI (101509) FallDetection: FDLOG,786,101320,0,{"type": 0, "name": "INVOKE", "code": 0, "data": {"model": {"id": 1, "type": 0, "address": 4194304, "size": 0}, "algorithm": {"type": 3, "categroy": 1, "input_from": 1, "config": {"tscore": 26, "tiou": 35}}, "sensor": {"id": 1, "type": 1, "state": 1, "opt_id": 0, "opt_detail": "240x240 Auto"}}}[0m
[0;32mI (101589) FallDetection: FDLOG,787,101400,0,{"type": 1, "name": "INVOKE", "code": 0, "data": {"count": 1, "perf": [7, 48, 0], "boxes": [[18, 128, 31, 62, 43, 0], [172, 206, 146, 81, 29, 0]], "resolution": [240, 240]}}[0m
[0;32mI (101669) FallDetection: FDPOLL,101480[0m
[0;32mI (101739) FallDetection: FDLOG,788,101550,0,{"type": 0, "name": "INVOKE", "code": 0, "data": {"model": {"id": 1, "type": 0, "address": 4194304, "size": 0}, "algorithm": {"type": 3, "categroy": 1, "input_from": 1, "config": {"tscore": 26, "tiou": 35}}, "sensor": {"id": 1, "type": 1, "state": 1, "opt_id": 0, "opt_detail": "240x240 Auto"}}}[0m
[0;32mI (101819) FallDetection: FDLOG,789,101630,0,{"type": 1, "name": "INVOKE", "code": 0, "data": {"count": 1, "perf": [7, 48, 0], "boxes": [[18, 128, 31, 62, 37, 0], [180, 206, 146, 54, 29, 0]], "resolution": [240, 240]}}[0m
[0;32mI (101909) FallDetection: FDPOLL,101720[0m
[0;32mI (101969) FallDetection: FDLOG,790,101780,0,{"type": 0, "name": "INVOKE", "code": 0, "data": {"model": {"id": 1, "type": 0, "address": 4194304, "size": 0}, "algorithm": {"type": 3, "categroy": 1, "input_from": 1, "config": {"tscore": 26, "tiou": 35}}, "sensor": {"id": 1, "type": 1, "state": 1, "opt_id": 0, "opt_detail": "240x240 Auto"}}}[0m
[0;32mI (102049) FallDetection: FDLOG,791,101860,0,{"type": 1, "name": "INVOKE", "code": 0, "data": {"count": 1, "perf": [7, 48, 0], "boxes": [[18, 122, 31, 62, 50, 0], [172, 206, 146, 54, 35, 0]], "resolution": [240, 240]}}[0m
[0;32mI (102059) FallDetection: FDSTACK_FREE,2348[0m
[0;32mI (102139) FallDetection: FDPOLL,101950[0m
[0;32mI (102219) FallDetection: FDLOG,792,102030,0,{"type": 0, "name": "INVOKE", "code": 0, "data": {"model": {"id": 1, "type": 0, "address": 4194304, "size": 0}, "algorithm": {"type": 3, "categroy": 1, "input_from": 1, "config": {"tscore": 26, "tiou": 35}}, "sensor": {"id": 1, "type": 1, "state": 1, "opt_id": 0, "opt_detail": "240x240 Auto"}}}[0m
[0;32mI (102299) FallDetection: FDLOG,793,102110,0,{"type": 1, "name": "INVOKE", "code": 0, "data": {"count": 1, "perf": [7, 48, 0], "boxes": [[18, 122, 31, 62, 50, 0], [172, 206, 146, 54, 29, 0]], "resolution": [240, 240]}}[0m
[0;32mI (102309) FallDetection: FDEVT,12,Upright,Init,102110,vy=0.13,vh=0.18,drop=0.03,r=0.86[0m
[0;32mI (102389) FallDetection: FDPOLL,102200[0m
[0;32mI (102449) FallDetection: FDLOG,794,102260,0,{"type": 0, "name": "INVOKE", "code": 0, "data": {"model": {"id": 1, "type": 0, "address": 4194304, "size": 0}, "algorithm": {"type": 3, "categroy": 1, "input_from": 1, "config": {"tscore": 26, "tiou": 35}}, "sensor": {"id": 1, "type": 1, "state": 1, "opt_id": 0, "opt_detail": "240x240 Auto"}}}[0m
[0;32mI (102529) FallDetection: FDLOG,795,102340,0,{"type": 1, "name": "INVOKE", "code": 0, "data": {"count": 1, "perf": [7, 48, 0], "boxes": [[18, 122, 31, 62, 56, 0], [172, 206, 146, 54, 50, 0]], "resolution": [240, 240]}}[0m
[0;32mI (102609) FallDetection: FDPOLL,102420[0m
[0;32mI (102679) FallDetection: FDLOG,796,102490,0,{"type": 0, "name": "INVOKE", "code": 0, "data": {"model": {"id": 1, "type": 0, "address": 4194304, "size": 0}, "algorithm": {"type": 3, "categroy": 1, "input_from": 1, "config": {"tscore": 26, "tiou": 35}}, "sensor": {"id": 1, "type": 1, "state": 1, "opt_id": 0, "opt_detail": "240x240 Auto"}}}[0m
[0;32mI (102759) FallDetection: FDLOG,797,102570,0,{"type": 1, "name": "INVOKE", "code": 0, "data": {"count": 1, "perf": [7, 48, 0], "boxes": [[18, 128, 31, 62, 62, 0], [180, 206, 104, 81, 41, 0]], "resolution": [240, 240]}}[0m
[0;32mI (102839) FallDetection: FDPOLL,102650[0m
[0;32mI (102909) FallDetection: FDLOG,798,102720,0,{"type": 0, "name": "INVOKE", "code": 0, "data": {"model": {"id": 1, "type": 0, "address": 4194304, "size": 0}, "algorithm": {"type": 3, "categroy": 1, "input_from": 1, "config": {"tscore": 26, "tiou": 35}}, "sensor": {"id": 1, "type": 1, "state": 1, "opt_id": 0, "opt_detail": "240x240 Auto"}}}[0m
[0;32mI (102989) FallDetection: FDLOG,799,102800,0,{"type": 1, "name": "INVOKE", "code": 0, "data": {"count": 1, "perf": [7, 48, 0], "boxes": [[18, 122, 31, 62, 43, 0], [172, 204, 117, 70, 43, 0]], "resolution": [240, 240]}}[0m
[0;32mI (103069) FallDetection: FDPOLL,102880[0m
[0;32mI (103139) FallDetection: FDLOG,800,102950,0,{"type": 0, "name": "INVOKE", "code": 0, "data": {"model": {"id": 1, "type": 0, "address": 4194304, "size": 0}, "algorithm": {"type": 3, "categroy": 1, "input_from": 1, "config": {"tscore": 26, "tiou": 35}}, "sensor": {"id": 1, "type": 1, "state": 1, "opt_id": 0, "opt_detail": "240x240 Auto"}}}[0m
[0;32mI (103159) FallDetection: FDSTACK_FREE,2348[0m
[0;32mI (103219) FallDetection: FDLOG,801,103030,0,{"type": 1, "name": "INVOKE", "code": 0, "data": {"count": 1, "perf": [7, 48, 0], "boxes": [[18, 128, 31, 62, 50, 0], [107, 204, 196, 78, 64, 0]], "resolution": [240, 240]}}[0m
[0;32mI (103299) FallDetection: FDPOLL,103110[0m
[0;32mI (103369) FallDetection: FDLOG,802,103180,0,{"type": 0, "name": "INVOKE", "code": 0, "data": {"model": {"id": 1, "type": 0, "address": 4194304, "size": 0}, "algorithm": {"type": 3, "categroy": 1, "input_from": 1, "config": {"tscore": 26, "tiou": 35}}, "sensor": {"id": 1, "type": 1, "state": 1, "opt_id": 0, "opt_detail": "240x240 Auto"}}}[0m
[0;32mI (103439) FallDetection: FDLOG,803,103250,0,{"type": 1, "name": "INVOKE", "code": 0, "data": {"count": 1, "perf": [7, 48, 0], "boxes": [[18, 128, 31, 62, 50, 0], [122, 196, 138, 78, 77, 0], [211, 141, 47, 115, 50, 0]], "resolution": [240, 240]}}[0m
[0;32mI (103519) FallDetection: FDPOLL,103330[0m
[0;32mI (103599) FallDetection: FDLOG,804,103410,0,{"type": 0, "name": "INVOKE", "code": 0, "data": {"model": {"id": 1, "type": 0, "address": 4194304, "size": 0}, "algorithm": {"type": 3, "categroy": 1, "input_from": 1, "config": {"tscore": 26, "tiou": 35}}, "sensor": {"id": 1, "type": 1, "state": 1, "opt_id": 0, "opt_detail": "240x240 Auto"}}}[0m
[0;32mI (103679) FallDetection: FDLOG,805,103490,0,{"type": 1, "name": "INVOKE", "code": 0, "data": {"count": 1, "perf": [7, 48, 0], "boxes": [[18, 128, 31, 62, 56, 0], [112, 193, 138, 78, 77, 0], [211, 143, 60, 130, 66, 0]], "resolution": [240, 240]}}[0m
[0;32mI (103759) FallDetection: FDPOLL,103570[0m
[0;32mI (103829) FallDetection: FDLOG,806,103640,0,{"type": 0, "name": "INVOKE", "code": 0, "data": {"model": {"id": 1, "type": 0, "address": 4194304, "size": 0}, "algorithm": {"type": 3, "categroy": 1, "input_from": 1, "config": {"tscore": 26, "tiou": 35}}, "sensor": {"id": 1, "type": 1, "state": 1, "opt_id": 0, "opt_detail": "240x240 Auto"}}}[0m
[0;32mI (103909) FallDetection: FDLOG,807,103720,0,{"type": 1, "name": "INVOKE", "code": 0, "data": {"count": 1, "perf": [7, 48, 0], "boxes": [[18, 128, 31, 62, 56, 0], [107, 193, 138, 78, 83, 0], [211, 141, 57, 115, 71, 0]], "resolution": [240, 240]}}[0m
[0;32mI (103989) FallDetection: FDPOLL,103800[0m
[0;32mI (104059) FallDetection: FDLOG,808,103870,0,{"type": 0, "name": "INVOKE", "code": 0, "data": {"model": {"id": 1, "type": 0, "address": 4194304, "size": 0}, "algorithm": {"type": 3, "categroy": 1, "input_from": 1, "config": {"tscore": 26, "tiou": 35}}, "sensor": {"id": 1, "type": 1, "state": 1, "opt_id": 0, "opt_detail": "240x240 Auto"}}}[0m
[0;32mI (104139) FallDetection: FDLOG,809,103950,0,{"type": 1, "name": "INVOKE", "code": 0, "data": {"count": 1, "perf": [7, 48, 0], "boxes": [[18, 122, 31, 62, 56, 0], [112, 193, 94, 78, 87, 0], [211, 143, 57, 115, 66, 0]], "resolution": [240, 240]}}[0m
[0;32mI (104209) FallDetection: FDSTACK_FREE,2348[0m
[0;32mI (104219) FallDetection: FDPOLL,104030[0m
[0;32mI (104289) FallDetection: FDLOG,810,104100,0,{"type": 0, "name": "INVOKE", "code": 0, "data": {"model": {"id": 1, "type": 0, "address": 4194304, "size": 0}, "algorithm": {"type": 3, "categroy": 1, "input_from": 1, "config": {"tscore": 26, "tiou": 35}}, "sensor": {"id": 1, "type": 1, "state": 1, "opt_id": 0, "opt_detail": "240x240 Auto"}}}[0m
[0;32mI (104369) FallDetection: FDLOG,811,104180,0,{"type": 1, "name": "INVOKE", "code": 0, "data": {"count": 1, "perf": [7, 48, 0], "boxes": [[18, 128, 31, 62, 50, 0], [112, 188, 94, 120, 35, 0], [211, 146, 57, 151, 37, 0]], "resolution": [240, 240]}}[0m
[0;32mI (104449) FallDetection: FDPOLL,104260[0m
[0;32mI (104519) FallDetection: FDLOG,812,104330,0,{"type": 0, "name": "INVOKE", "code": 0, "data": {"model": {"id": 1, "type": 0, "address": 4194304, "size": 0}, "algorithm": {"type": 3, "categroy": 1, "input_from": 1, "config": {"tscore": 26, "tiou": 35}}, "sensor": {"id": 1, "type": 1, "state": 1, "opt_id": 0, "opt_detail": "240x240 Auto"}}}[0m
[0;32mI (104599) FallDetection: FDLOG,813,104410,0,{"type": 1, "name": "INVOKE", "code": 0, "data": {"count": 1, "perf": [7, 48, 0], "boxes": [[18, 122, 31, 62, 50, 0], [117, 188, 94, 120, 50, 0]], "resolution": [240, 240]}}[0m
[0;32mI (104679) FallDetection: FDPOLL,104490[0m
[0;32mI (104749) FallDetection: FDLOG,814,104560,0,{"type": 0, "name": "INVOKE", "code": 0, "data": {"model": {"id": 1, "type": 0, "address": 4194304, "size": 0}, "algorithm": {"type": 3, "categroy": 1, "input_from": 1, "config": {"tscore": 26, "tiou": 35}}, "sensor": {"id": 1, "type": 1, "state": 1, "opt_id": 0, "opt_detail": "240x240 Auto"}}}[0m
[0;32mI (104829) FallDetection: FDLOG,815,104640,0,{"type": 1, "name": "INVOKE", "code": 0, "data": {"count": 1, "perf": [7, 48, 0], "boxes": [[18, 128, 31, 62, 50, 0], [112, 196, 94, 78, 29, 0]], "resolution": [240, 240]}}[0m
[0;32mI (104909) FallDetection: FDPOLL,104720[0m
[0;32mI (104979) FallDetection: FDLOG,816,104790,0,{"type": 0, "name": "INVOKE", "code": 0, "data": {"model": {"id": 1, "type": 0, "address": 4194304, "size": 0}, "algorithm": {"type": 3, "categroy": 1, "input_from": 1, "config": {"tscore": 26, "tiou": 35}}, "sensor": {"id": 1, "type": 1, "state": 1, "opt_id": 0, "opt_detail": "240x240 Auto"}}}[0m
[0;32mI (105059) FallDetection: FDLOG,817,104870,0,{"type": 1, "name": "INVOKE", "code": 0, "data": {"count": 1, "perf": [7, 48, 0], "boxes": [[18, 128, 31, 62, 56, 0], [112, 188, 94, 120, 35, 0], [211, 141, 47, 115, 29, 0]], "resolution": [240, 240]}}[0m
[0;32mI (105139) FallDetection: FDPOLL,104950[0m
[0;32mI (105209) FallDetection: FDLOG,818,105020,0,{"type": 0, "name": "INVOKE", "code": 0, "data": {"model": {"id": 1, "type": 0, "address": 4194304, "size": 0}, "algorithm": {"type": 3, "categroy": 1, "input_from": 1, "config": {"tscore": 26, "tiou": 35}}, "sensor": {"id": 1, "type": 1, "state": 1, "opt_id": 0, "opt_detail": "240x240 Auto"}}}[0m
[0;32mI (105229) FallDetection: FDSTACK_FREE,2348[0m
[0;32mI (105289) FallDetection: FDLOG,819,105100,0,{"type": 1, "name": "INVOKE", "code": 0, "data": {"count": 1, "perf": [7, 48, 0], "boxes": [[18, 128, 31, 62, 62, 0], [117, 151, 138, 177, 77, 0], [211, 143, 57, 151, 66, 0]], "resolution": [240, 240]}}[0m
[0;32mI (105369) FallDetection: FDPOLL,105180[0m
[0;32mI (105439) FallDetection: FDLOG,820,105250,0,{"type": 0, "name": "INVOKE", "code": 0, "data": {"model": {"id": 1, "type": 0, "address": 4194304, "size": 0}, "algorithm": {"type": 3, "categroy": 1, "input_from": 1, "config": {"tscore": 26, "tiou": 35}}, "sensor": {"id": 1, "type": 1, "state": 1, "opt_id": 0, "opt_detail": "240x240 Auto"}}}[0m
[0;32mI (105519) FallDetection: FDLOG,821,105330,0,{"type": 1, "name": "INVOKE", "code": 0, "data": {"count": 1, "perf": [7, 48, 0], "boxes": [[18, 130, 31, 62, 66, 0], [117, 128, 94, 240, 87, 0], [211, 146, 47, 151, 71, 0]], "resolution": [240, 240]}}[0m
[0;32mI (105599) FallDetection: FDPOLL,105410[0m
[0;32mI (105669) FallDetection: FDLOG,822,105480,0,{"type": 0, "name": "INVOKE", "code": 0, "data": {"model": {"id": 1, "type": 0, "address": 4194304, "size": 0}, "algorithm": {"type": 3, "categroy": 1, "input_from": 1, "config": {"tscore": 26, "tiou": 35}}, "sensor": {"id": 1, "type": 1, "state": 1, "opt_id": 0, "opt_detail": "240x240 Auto"}}}[0m
[0;32mI (105749) FallDetection: FDLOG,823,105560,0,{"type": 1, "name": "INVOKE", "code": 0, "data": {"count": 1, "perf": [7, 48, 0], "boxes": [[18, 128, 31, 62, 56, 0], [128, 128, 91, 227, 92, 0], [211, 146, 47, 151, 58, 0]], "resolution": [240, 240]}}[0m
[0;32mI (105829) FallDetection: FDPOLL,105640[0m
[0;32mI (105959) FallDetection: FDLOG,824,105770,0,{"type": 0, "name": "INVOKE", "code": 0, "data": {"model": {"id": 1, "type": 0, "address": 4194304, "size": 0}, "algorithm": {"type": 3, "categroy": 1, "input_from": 1, "config": {"tscore": 26, "tiou": 35}}, "sensor": {"id": 1, "type": 1, "state": 1, "opt_id": 0, "opt_detail": "240x240 Auto"}}}[0m
[0;32mI (105979) FallDetection: FDLOG,825,105790,0,{"type": 1, "name": "INVOKE", "code": 0, "data": {"count": 1, "perf": [7, 48, 0], "boxes": [[18, 128, 31, 62, 62, 0], [138, 130, 91, 227, 94, 0], [211, 146, 57, 151, 66, 0]], "resolution": [240, 240]}}[0m
[0;32mI (106069) FallDetection: FDPOLL,105880[0m
[0;32mI (106189) FallDetection: FDLOG,826,106000,0,{"type": 0, "name": "INVOKE", "code": 0, "data": {"model": {"id": 1, "type": 0, "address": 4194304, "size": 0}, "algorithm": {"type": 3, "categroy": 1, "input_from": 1, "config": {"tscore": 26, "tiou": 35}}, "sensor": {"id": 1, "type": 1, "state": 1, "opt_id": 0, "opt_detail": "240x240 Auto"}}}[0m
[0;32mI (106209) FallDetection: FDLOG,827,106020,0,{"type": 1, "name": "INVOKE", "code": 0, "data": {"count": 1, "perf": [7, 48, 0], "boxes": [[18, 128, 23, 62, 37, 0], [156, 128, 62, 240, 89, 0], [211, 146, 57, 151, 66, 0]], "resolution": [240, 240]}}[0m
[0;32mI (106229) FallDetection: FDSTACK_FREE,2348[0m
[0;32mI (106299) FallDetection: FDPOLL,106110[0m
[0;32mI (106379) FallDetection: FDLOG,828,106190,0,{"type": 0, "name": "INVOKE", "code": 0, "data": {"model": {"id": 1, "type": 0, "address": 4194304, "size": 0}, "algorithm": {"type": 3, "categroy": 1, "input_from": 1, "config": {"tscore": 26, "tiou": 35}}, "sensor": {"id": 1, "type": 1, "state": 1, "opt_id": 0, "opt_detail": "240x240 Auto"}}}[0m
[0;32mI (106459) FallDetection: FDLOG,829,106270,0,{"type": 1, "name": "INVOKE", "code": 0, "data": {"count": 1, "perf": [7, 48, 0], "boxes": [[18, 128, 31, 62, 37, 0], [151, 130, 57, 185, 92, 0], [211, 146, 60, 130, 66, 0]], "resolution": [240, 240]}}[0m
[0;32mI (106539) FallDetection: FDPOLL,106350[0m
[0;32mI (106669) FallDetection: FDLOG,830,106480,0,{"type": 0, "name": "INVOKE", "code": 0, "data": {"model": {"id": 1, "type": 0, "address": 4194304, "size": 0}, "algorithm": {"type": 3, "categroy": 1, "input_from": 1, "config": {"tscore": 26, "tiou": 35}}, "sensor": {"id": 1, "type": 1, "state": 1, "opt_id": 0, "opt_detail": "240x240 Auto"}}}[0m
[0;32mI (106689) FallDetection: FDLOG,831,106500,0,{"type": 1, "name": "INVOKE", "code": 0, "data": {"count": 1, "perf": [7, 48, 0], "boxes": [[18, 122, 28, 57, 37, 0], [151, 128, 70, 235, 89, 0], [211, 146, 57, 151, 66, 0]], "resolution": [240, 240]}}[0m
[0;32mI (106779) FallDetection: FDPOLL,106590[0m
[0;32mI (106859) FallDetection: FDLOG,832,106670,0,{"type": 0, "name": "INVOKE", "code": 0, "data": {"model": {"id": 1, "type": 0, "address": 4194304, "size": 0}, "algorithm": {"type": 3, "categroy": 1, "input_from": 1, "config": {"tscore": 26, "tiou": 35}}, "sensor": {"id": 1, "type": 1, "state": 1, "opt_id": 0, "opt_detail": "240x240 Auto"}}}[0m
[0;32mI (106939) FallDetection: FDLOG,833,106750,0,{"type": 1, "name": "INVOKE", "code": 0, "data": {"count": 1, "perf": [7, 48, 0], "boxes": [[18, 128, 31, 62, 37, 0], [156, 128, 47, 193, 87, 0], [211, 151, 47, 151, 71, 0]], "resolution": [240, 240]}}[0m
[0;32mI (106949) FallDetection: FDEVT,22,Init,Upright,106750,vy=-0.00,vh=-0.18,drop=-0.01,r=0.24[0m
[0;32mI (107029) FallDetection: FDPOLL,106840[0m
[0;32mI (107089) FallDetection: FDLOG,834,106900,0,{"type": 0, "name": "INVOKE", "code": 0, "data": {"model": {"id": 1, "type": 0, "address": 4194304, "size": 0}, "algorithm": {"type": 3, "categroy": 1, "input_from": 1, "config": {"tscore": 26, "tiou": 35}}, "sensor": {"id": 1, "type": 1, "state": 1, "opt_id": 0, "opt_detail": "240x240 Auto"}}}[0m
[0;32mI (107159) FallDetection: FDLOG,835,106970,0,{"type": 1, "name": "INVOKE", "code": 0, "data": {"count": 1, "perf": [7, 48, 0], "boxes": [[18, 122, 31, 62, 33, 0], [156, 128, 47, 193, 87, 0], [211, 151, 47, 151, 50, 0]], "resolution": [240, 240]}}[0m
[0;32mI (107169) FallDetection: FDEVT,24,Init,Upright,106970,vy=0.06,vh=0.18,drop=0.03,r=0.31[0m
[0;32mI (107239) FallDetection: FDSTACK_FREE,2348[0m
[0;32mI (107249) FallDetection: FDPOLL,107060[0m
[0;32mI (107319) FallDetection: FDLOG,836,107130,0,{"type": 0, "name": "INVOKE", "code": 0, "data": {"model": {"id": 1, "type": 0, "address": 4194304, "size": 0}, "algorithm": {"type": 3, "categroy": 1, "input_from": 1, "config": {"tscore": 26, "tiou": 35}}, "sensor": {"id": 1, "type": 1, "state": 1, "opt_id": 0, "opt_detail": "240x240 Auto"}}}[0m
[0;32mI (107399) FallDetection: FDLOG,837,107210,0,{"type": 1, "name": "INVOKE", "code": 0, "data": {"count": 1, "perf": [7, 48, 0], "boxes": [[18, 122, 28, 57, 33, 0], [156, 128, 47, 193, 83, 0], [211, 146, 57, 151, 37, 0]], "resolution": [240, 240]}}[0m
[0;32mI (107479) FallDetection: FDPOLL,107290[0m
[0;32mI (107549) FallDetection: FDLOG,838,107360,0,{"type": 0, "name": "INVOKE", "code": 0, "data": {"model": {"id": 1, "type": 0, "address": 4194304, "size": 0}, "algorithm": {"type": 3, "categroy": 1, "input_from": 1, "config": {"tscore": 26, "tiou": 35}}, "sensor": {"id": 1, "type": 1, "state": 1, "opt_id": 0, "opt_detail": "240x240 Auto"}}}[0m
[0;32mI (107629) FallDetection: FDLOG,839,107440,0,{"type": 1, "name": "INVOKE", "code": 0, "data": {"count": 1, "perf": [7, 48, 0], "boxes": [[18, 128, 31, 62, 37, 0], [156, 128, 47, 193, 87, 0], [211, 143, 57, 151, 66, 0]], "resolution": [240, 240]}}[0m
[0;32mI (107709) FallDetection: FDPOLL,107520[0m
[0;32mI (107779) FallDetection: FDLOG,840,107590,0,{"type": 0, "name": "INVOKE", "code": 0, "data": {"model": {"id": 1, "type": 0, "address": 4194304, "size": 0}, "algorithm": {"type": 3, "categroy": 1, "input_from": 1, "config": {"tscore": 26, "tiou": 35}}, "sensor": {"id": 1, "type": 1, "state": 1, "opt_id": 0, "opt_detail": "240x240 Auto"}}}[0m
[0;32mI (107799) SystemInfo: free sram: 71543 minimal sram: 58211[0m
[0;32mI (107849) FallDetection: FDLOG,841,107660,0,{"type": 1, "name": "INVOKE", "code": 0, "data": {"count": 1, "perf": [7, 48, 0], "boxes": [[18, 122, 31, 62, 33, 0], [156, 128, 70, 193, 87, 0], [214, 146, 57, 151, 66, 0]], "resolution": [240, 240]}}[0m
[0;32mI (107929) FallDetection: FDPOLL,107740[0m
[0;32mI (108049) FallDetection: FDLOG,842,107860,0,{"type": 0, "name": "INVOKE", "code": 0, "data": {"model": {"id": 1, "type": 0, "address": 4194304, "size": 0}, "algorithm": {"type": 3, "categroy": 1, "input_from": 1, "config": {"tscore": 26, "tiou": 35}}, "sensor": {"id": 1, "type": 1, "state": 1, "opt_id": 0, "opt_detail": "240x240 Auto"}}}[0m
[0;32mI (108059) FallDetection: FDLOG,843,107870,0,{"type": 1, "name": "INVOKE", "code": 0, "data": {"count": 1, "perf": [7, 48, 0], "boxes": [[18, 128, 31, 62, 37, 0], [156, 133, 62, 240, 89, 0], [211, 146, 57, 115, 62, 0]], "resolution": [240, 240]}}[0m
[0;32mI (108159) FallDetection: FDPOLL,107970[0m
[0;32mI (108239) FallDetection: FDLOG,844,108050,0,{"type": 0, "name": "INVOKE", "code": 0, "data": {"model": {"id": 1, "type": 0, "address": 4194304, "size": 0}, "algorithm": {"type": 3, "categroy": 1, "input_from": 1, "config": {"tscore": 26, "tiou": 35}}, "sensor": {"id": 1, "type": 1, "state": 1, "opt_id": 0, "opt_detail": "240x240 Auto"}}}[0m
[0;32mI (108259) FallDetection: FDSTACK_FREE,2348[0m
[0;32mI (108319) FallDetection: FDLOG,845,108130,0,{"type": 1, "name": "INVOKE", "code": 0, "data": {"count": 1, "perf": [7, 48, 0], "boxes": [[20, 122, 28, 57, 33, 0], [146, 130, 62, 240, 92, 0], [211, 141, 47, 115, 29, 0]], "resolution": [240, 240]}}[0m
[0;32mI (108399) FallDetection: FDPOLL,108210[0m
[0;32mI (108529) FallDetection: FDLOG,846,108340,0,{"type": 0, "name": "INVOKE", "code": 0, "data": {"model": {"id": 1, "type": 0, "address": 4194304, "size": 0}, "algorithm": {"type": 3, "categroy": 1, "input_from": 1, "config": {"tscore": 26, "tiou": 35}}, "sensor": {"id": 1, "type": 1, "state": 1, "opt_id": 0, "opt_detail": "240x240 Auto"}}}[0m
[0;32mI (108539) FallDetection: FDLOG,847,108350,0,{"type": 1, "name": "INVOKE", "code": 0, "data": {"count": 1, "perf": [7, 48, 0], "boxes": [[18, 122, 31, 62, 29, 0], [141, 128, 62, 240, 92, 0], [211, 146, 47, 151, 71, 0]], "resolution": [240, 240]}}[0m
[0;32mI (108639) FallDetection: FDPOLL,108450[0m
[0;32mI (108719) FallDetection: FDLOG,848,108530,0,{"type": 0, "name": "INVOKE", "code": 0, "data": {"model": {"id": 1, "type": 0, "address": 4194304, "size": 0}, "algorithm": {"type": 3, "categroy": 1, "input_from": 1, "config": {"tscore": 26, "tiou": 35}}, "sensor": {"id": 1, "type": 1, "state": 1, "opt_id": 0, "opt_detail": "240x240 Auto"}}}[0m
[0;32mI (108799) FallDetection: FDLOG,849,108610,0,{"type": 1, "name": "INVOKE", "code": 0, "data": {"count": 1, "perf": [7, 48, 0], "boxes": [[18, 122, 31, 62, 33, 0], [128, 122, 62, 240, 89, 0], [211, 141, 47, 115, 64, 0]], "resolution": [240, 240]}}[0m
[0;32mI (108879) FallDetection: FDPOLL,108690[0m
[0;32mI (109009) FallDetection: FDLOG,850,108820,0,{"type": 0, "name": "INVOKE", "code": 0, "data": {"model": {"id": 1, "type": 0, "address": 4194304, "size": 0}, "algorithm": {"type": 3, "categroy": 1, "input_from": 1, "config": {"tscore": 26, "tiou": 35}}, "sensor": {"id": 1, "type": 1, "state": 1, "opt_id": 0, "opt_detail": "240x240 Auto"}}}[0m
[0;32mI (109019) FallDetection: FDLOG,851,108830,0,{"type": 1, "name": "INVOKE", "code": 0, "data": {"count": 1, "perf": [7, 48, 0], "boxes": [[20, 122, 28, 57, 33, 0], [133, 125, 47, 235, 87, 0], [211, 141, 47, 115, 71, 0]], "resolution": [240, 240]}}[0m
[0;32mI (109119) FallDetection: FDPOLL,108930[0m
[0;32mI (109199) FallDetection: FDLOG,852,109010,0,{"type": 0, "name": "INVOKE", "code": 0, "data": {"model": {"id": 1, "type": 0, "address": 4194304, "size": 0}, "algorithm": {"type": 3, "categroy": 1, "input_from": 1, "config": {"tscore": 26, "tiou": 35}}, "sensor": {"id": 1, "type": 1, "state": 1, "opt_id": 0, "opt_detail": "240x240 Auto"}}}[0m
[0;32mI (109279) FallDetection: FDLOG,853,109090,0,{"type": 1, "name": "INVOKE", "code": 0, "data": {"count": 1, "perf": [7, 48, 0], "boxes": [[20, 122, 28, 57, 33, 0], [141, 128, 70, 235, 83, 0], [211, 143, 57, 115, 66, 0]], "resolution": [240, 240]}}[0m
[0;32mI (109289) FallDetection: FDSTACK_FREE,2348[0m
[0;32mI (109359) FallDetection: FDPOLL,109170[0m
[0;32mI (109489) FallDetection: FDLOG,854,109300,0,{"type": 0, "name": "INVOKE", "code": 0, "data": {"model": {"id": 1, "type": 0, "address": 4194304, "size": 0}, "algorithm": {"type": 3, "categroy": 1, "input_from": 1, "config": {"tscore": 26, "tiou": 35}}, "sensor": {"id": 1, "type": 1, "state": 1, "opt_id": 0, "opt_detail": "240x240 Auto"}}}[0m
[0;32mI (109499) FallDetection: FDLOG,855,109310,0,{"type": 1, "name": "INVOKE", "code": 0, "data": {"count": 1, "perf": [7, 48, 0], "boxes": [[18, 130, 31, 62, 37, 0], [146, 128, 62, 240, 87, 0], [211, 146, 47, 151, 71, 0]], "resolution": [240, 240]}}[0m
[0;32mI (109599) FallDetection: FDPOLL,109410[0m
[0;32mI (109679) FallDetection: FDLOG,856,109490,0,{"type": 0, "name": "INVOKE", "code": 0, "data": {"model": {"id": 1, "type": 0, "address": 4194304, "size": 0}, "algorithm": {"type": 3, "categroy": 1, "input_from": 1, "config": {"tscore": 26, "tiou": 35}}, "sensor": {"id": 1, "type": 1, "state": 1, "opt_id": 0, "opt_detail": "240x240 Auto"}}}[0m
[0;32mI (109759) FallDetection: FDLOG,857,109570,0,{"type": 1, "name": "INVOKE", "code": 0, "data": {"count": 1, "perf": [7, 48, 0], "boxes": [[18, 128, 31, 62, 33, 0], [146, 130, 62, 177, 89, 0], [211, 146, 47, 115, 71, 0]], "resolution": [240, 240]}}[0m
[0;32mI (109839) FallDetection: FDPOLL,109650[0m
[0;32mI (109969) FallDetection: FDLOG,858,109780,0,{"type": 0, "name": "INVOKE", "code": 0, "data": {"model": {"id": 1, "type": 0, "address": 4194304, "size": 0}, "algorithm": {"type": 3, "categroy": 1, "input_from": 1, "config": {"tscore": 26, "tiou": 35}}, "sensor": {"id": 1, "type": 1, "state": 1, "opt_id": 0, "opt_detail": "240x240 Auto"}}}[0m
[0;32mI (109979) FallDetection: FDLOG,859,109790,0,{"type": 1, "name": "INVOKE", "code": 0, "data": {"count": 1, "perf": [7, 48, 0], "boxes": [[151, 128, 62, 177, 87, 0], [211, 143, 57, 115, 62, 0]], "resolution": [240, 240]}}[0m
[0;32mI (110069) FallDetection: FDPOLL,109880[0m
[0;32mI (110139) FallDetection: FDLOG,860,109950,0,{"type": 0, "name": "INVOKE", "code": 0, "data": {"model": {"id": 1, "type": 0, "address": 4194304, "size": 0}, "algorithm": {"type": 3, "categroy": 1, "input_from": 1, "config": {"tscore": 26, "tiou": 35}}, "sensor": {"id": 1, "type": 1, "state": 1, "opt_id": 0, "opt_detail": "240x240 Auto"}}}[0m
[0;32mI (110219) FallDetection: FDLOG,861,110030,0,{"type": 1, "name": "INVOKE", "code": 0, "data": {"count": 1, "perf": [7, 48, 0], "boxes": [[162, 128, 62, 177, 87, 0], [211, 136, 60, 143, 29, 0]], "resolution": [240, 240]}}[0m
[0;32mI (110289) FallDetection: FDSTACK_FREE,2348[0m
[0;32mI (110299) FallDetection: FDPOLL,110110[0m
[0;32mI (110369) FallDetection: FDLOG,862,110180,0,{"type": 0, "name": "INVOKE", "code": 0, "data": {"model": {"id": 1, "type": 0, "address": 4194304, "size": 0}, "algorithm": {"type": 3, "categroy": 1, "input_from": 1, "config": {"tscore": 26, "tiou": 35}}, "sensor": {"id": 1, "type": 1, "state": 1, "opt_id": 0, "opt_detail": "240x240 Auto"}}}[0m
[0;32mI (110449) FallDetection: FDLOG,863,110260,0,{"type": 1, "name": "INVOKE", "code": 0, "data": {"count": 1, "perf": [7, 48, 0], "boxes": [[18, 128, 31, 62, 29, 0], [164, 128, 62, 177, 87, 0], [217, 143, 41, 151, 50, 0]], "resolution": [240, 240]}}[0m
[0;32mI (110529) FallDetection: FDPOLL,110340[0m
[0;32mI (110649) FallDetection: FDLOG,864,110460,0,{"type": 0, "name": "INVOKE", "code": 0, "data": {"model": {"id": 1, "type": 0, "address": 4194304, "size": 0}, "algorithm": {"type": 3, "categroy": 1, "input_from": 1, "config": {"tscore": 26, "tiou": 35}}, "sensor": {"id": 1, "type": 1, "state": 1, "opt_id": 0, "opt_detail": "240x240 Auto"}}}[0m
[0;32mI (110669) FallDetection: FDLOG,865,110480,0,{"type": 1, "name": "INVOKE", "code": 0, "data": {"count": 1, "perf": [7, 48, 0], "boxes": [[172, 130, 62, 177, 89, 0], [217, 143, 41, 115, 43, 0]], "resolution": [240, 240]}}[0m
[0;32mI (110759) FallDetection: FDPOLL,110570[0m
[0;32mI (110829) FallDetection: FDLOG,866,110640,0,{"type": 0, "name": "INVOKE", "code": 0, "data": {"model": {"id": 1, "type": 0, "address": 4194304, "size": 0}, "algorithm": {"type": 3, "categroy": 1, "input_from": 1, "config": {"tscore": 26, "tiou": 35}}, "sensor": {"id": 1, "type": 1, "state": 1, "opt_id": 0, "opt_detail": "240x240 Auto"}}}[0m
[0;32mI (110909) FallDetection: FDLOG,867,110720,0,{"type": 1, "name": "INVOKE", "code": 0, "data": {"count": 1, "perf": [7, 48, 0], "boxes": [[180, 125, 62, 177, 87, 0]], "resolution": [240, 240]}}[0m
[0;32mI (110989) FallDetection: FDPOLL,110800[0m
[0;32mI (111059) FallDetection: FDLOG,868,110870,0,{"type": 0, "name": "INVOKE", "code": 0, "data": {"model": {"id": 1, "type": 0, "address": 4194304, "size": 0}, "algorithm": {"type": 3, "categroy": 1, "input_from": 1, "config": {"tscore": 26, "tiou": 35}}, "sensor": {"id": 1, "type": 1, "state": 1, "opt_id": 0, "opt_detail": "240x240 Auto"}}}[0m
[0;32mI (111139) FallDetection: FDLOG,869,110950,0,{"type": 1, "name": "INVOKE", "code": 0, "data": {"count": 1, "perf": [7, 48, 0], "boxes": [[20, 128, 23, 62, 29, 0], [180, 130, 62, 177, 83, 0], [206, 133, 70, 193, 35, 0]], "resolution": [240, 240]}}[0m
[0;32mI (111219) FallDetection: FDPOLL,111030[0m
[0;32mI (111349) FallDetection: FDLOG,870,111160,0,{"type": 0, "name": "INVOKE", "code": 0, "data": {"model": {"id": 1, "type": 0, "address": 4194304, "size": 0}, "algorithm": {"type": 3, "categroy": 1, "input_from": 1, "config": {"tscore": 26, "tiou": 35}}, "sensor": {"id": 1, "type": 1, "state": 1, "opt_id": 0, "opt_detail": "240x240 Auto"}}}[0m
[0;32mI (111359) FallDetection: FDLOG,871,111170,0,{"type": 1, "name": "INVOKE", "code": 0, "data": {"count": 1, "perf": [7, 48, 0], "boxes": [[18, 128, 23, 62, 29, 0], [180, 130, 62, 177, 83, 0], [217, 143, 41, 151, 50, 0]], "resolution": [240, 240]}}[0m
[0;32mI (111389) FallDetection: FDSTACK_FREE,2348[0m
[0;32mI (111459) FallDetection: FDPOLL,111270[0m
[0;32mI (111539) FallDetection: FDLOG,872,111350,0,{"type": 0, "name": "INVOKE", "code": 0, "data": {"model": {"id": 1, "type": 0, "address": 4194304, "size": 0}, "algorithm": {"type": 3, "categroy": 1, "input_from": 1, "config": {"tscore": 26, "tiou": 35}}, "sensor": {"id": 1, "type": 1, "state": 1, "opt_id": 0, "opt_detail": "240x240 Auto"}}}[0m
[0;32mI (111619) FallDetection: FDLOG,873,111430,0,{"type": 1, "name": "INVOKE", "code": 0, "data": {"count": 1, "perf": [7, 48, 0], "boxes": [[18, 128, 31, 62, 29, 0], [180, 125, 62, 177, 83, 0], [217, 146, 41, 151, 33, 0]], "resolution": [240, 240]}}[0m
[0;32mI (111699) FallDetection: FDPOLL,111510[0m
[0;32mI (111829) FallDetection: FDLOG,874,111640,0,{"type": 0, "name": "INVOKE", "code": 0, "data": {"model": {"id": 1, "type": 0, "address": 4194304, "size": 0}, "algorithm": {"type": 3, "categroy": 1, "input_from": 1, "config": {"tscore": 26, "tiou": 35}}, "sensor": {"id": 1, "type": 1, "state": 1, "opt_id": 0, "opt_detail": "240x240 Auto"}}}[0m
[0;32mI (111839) FallDetection: FDLOG,875,111650,0,{"type": 1, "name": "INVOKE", "code": 0, "data": {"count": 1, "perf": [7, 48, 0], "boxes": [[18, 128, 31, 62, 29, 0], [180, 130, 62, 177, 83, 0]], "resolution": [240, 240]}}[0m
[0;32mI (111929) FallDetection: FDPOLL,111740[0m
[0;32mI (111999) FallDetection: FDLOG,876,111810,0,{"type": 0, "name": "INVOKE", "code": 0, "data": {"model": {"id": 1, "type": 0, "address": 4194304, "size": 0}, "algorithm": {"type": 3, "categroy": 1, "input_from": 1, "config": {"tscore": 26, "tiou": 35}}, "sensor": {"id": 1, "type": 1, "state": 1, "opt_id": 0, "opt_detail": "240x240 Auto"}}}[0m
[0;32mI (112079) FallDetection: FDLOG,877,111890,0,{"type": 1, "name": "INVOKE", "code": 0, "data": {"count": 1, "perf": [7, 48, 0], "boxes": [[180, 130, 70, 193, 83, 0], [214, 146, 44, 143, 43, 0]], "resolution": [240, 240]}}[0m
[0;32mI (112159) FallDetection: FDPOLL,111970[0m
[0;32mI (112229) FallDetection: FDLOG,878,112040,0,{"type": 0, "name": "INVOKE", "code": 0, "data": {"model": {"id": 1, "type": 0, "address": 4194304, "size": 0}, "algorithm": {"type": 3, "categroy": 1, "input_from": 1, "config": {"tscore": 26, "tiou": 35}}, "sensor": {"id": 1, "type": 1, "state": 1, "opt_id": 0, "opt_detail": "240x240 Auto"}}}[0m
[0;32mI (112309) FallDetection: FDLOG,879,112120,0,{"type": 1, "name": "INVOKE", "code": 0, "data": {"count": 1, "perf": [7, 48, 0], "boxes": [[18, 128, 31, 62, 33, 0], [172, 130, 62, 177, 83, 0], [214, 146, 57, 151, 77, 0]], "resolution": [240, 240]}}[0m
[0;32mI (112389) FallDetection: FDPOLL,112200[0m
[0;32mI (112509) FallDetection: FDLOG,880,112320,0,{"type": 0, "name": "INVOKE", "code": 0, "data": {"model": {"id": 1, "type": 0, "address": 4194304, "size": 0}, "algorithm": {"type": 3, "categroy": 1, "input_from": 1, "config": {"tscore": 26, "tiou": 35}}, "sensor": {"id": 1, "type": 1, "state": 1, "opt_id": 0, "opt_detail": "240x240 Auto"}}}[0m
[0;32mI (112529) FallDetection: FDLOG,881,112340,0,{"type": 1, "name": "INVOKE", "code": 0, "data": {"count": 1, "perf": [7, 48, 0], "boxes": [[172, 130, 62, 177, 83, 0], [214, 143, 57, 151, 66, 0]], "resolution": [240, 240]}}[0m
[0;32mI (112549) FallDetection: FDSTACK_FREE,2348[0m
[0;32mI (112619) FallDetection: FDPOLL,112430[0m
[0;32mI (112689) FallDetection: FDLOG,882,112500,0,{"type": 0, "name": "INVOKE", "code": 0, "data": {"model": {"id": 1, "type": 0, "address": 4194304, "size": 0}, "algorithm": {"type": 3, "categroy": 1, "input_from": 1, "config": {"tscore": 26, "tiou": 35}}, "sensor": {"id": 1, "type": 1, "state": 1, "opt_id": 0, "opt_detail": "240x240 Auto"}}}[0m
[0;32mI (112769) FallDetection: FDLOG,883,112580,0,{"type": 1, "name": "INVOKE", "code": 0, "data": {"count": 1, "perf": [7, 48, 0], "boxes": [[180, 125, 62, 177, 83, 0]], "resolution": [240, 240]}}[0m
[0;32mI (112849) FallDetection: FDPOLL,112660[0m
[0;32mI (112919) FallDetection: FDLOG,884,112730,0,{"type": 0, "name": "INVOKE", "code": 0, "data": {"model": {"id": 1, "type": 0, "address": 4194304, "size": 0}, "algorithm": {"type": 3, "categroy": 1, "input_from": 1, "config": {"tscore": 26, "tiou": 35}}, "sensor": {"id": 1, "type": 1, "state": 1, "opt_id": 0, "opt_detail": "240x240 Auto"}}}[0m
[0;32mI (112999) FallDetection: FDLOG,885,112810,0,{"type": 1, "name": "INVOKE", "code": 0, "data": {"count": 1, "perf": [7, 48, 0], "boxes": [[180, 130, 70, 193, 87, 0]], "resolution": [240, 240]}}[0m
[0;32mI (113079) FallDetection: FDPOLL,112890[0m
[0;32mI (113209) FallDetection: FDLOG,886,113020,0,{"type": 0, "name": "INVOKE", "code": 0, "data": {"model": {"id": 1, "type": 0, "address": 4194304, "size": 0}, "algorithm": {"type": 3, "categroy": 1, "input_from": 1, "config": {"tscore": 26, "tiou": 35}}, "sensor": {"id": 1, "type": 1, "state": 1, "opt_id": 0, "opt_detail": "240x240 Auto"}}}[0m
[0;32mI (113229) FallDetection: FDLOG,887,113040,0,{"type": 1, "name": "INVOKE", "code": 0, "data": {"count": 1, "perf": [7, 48, 0], "boxes": [[18, 122, 31, 62, 29, 0], [180, 125, 62, 177, 83, 0]], "resolution": [240, 240]}}[0m
[0;32mI (113319) FallDetection: FDPOLL,113130[0m
[0;32mI (113399) FallDetection: FDLOG,888,113210,0,{"type": 0, "name": "INVOKE", "code": 0, "data": {"model": {"id": 1, "type": 0, "address": 4194304, "size": 0}, "algorithm": {"type": 3, "categroy": 1, "input_from": 1, "config": {"tscore": 26, "tiou": 35}}, "sensor": {"id": 1, "type": 1, "state": 1, "opt_id": 0, "opt_detail": "240x240 Auto"}}}[0m
[0;32mI (113479) FallDetection: FDLOG,889,113290,0,{"type": 1, "name": "INVOKE", "code": 0, "data": {"count": 1, "perf": [7, 48, 0], "boxes": [[180, 125, 70, 193, 87, 0]], "resolution": [240, 240]}}[0m
[0;32mI (113549) FallDetection: FDSTACK_FREE,2348[0m
[0;32mI (113559) FallDetection: FDPOLL,113370[0m
[0;32mI (113689) FallDetection: FDLOG,890,113500,0,{"type": 0, "name": "INVOKE", "code": 0, "data": {"model": {"id": 1, "type": 0, "address": 4194304, "size": 0}, "algorithm": {"type": 3, "categroy": 1, "input_from": 1, "config": {"tscore": 26, "tiou": 35}}, "sensor": {"id": 1, "type": 1, "state": 1, "opt_id": 0, "opt_detail": "240x240 Auto"}}}[0m
[0;32mI (113709) FallDetection: FDLOG,891,113520,0,{"type": 1, "name": "INVOKE", "code": 0, "data": {"count": 1, "perf": [7, 48, 0], "boxes": [[18, 128, 31, 62, 29, 0], [180, 130, 62, 177, 87, 0]], "resolution": [240, 240]}}[0m
[0;32mI (113799) FallDetection: FDPOLL,113610[0m
[0;32mI (113879) FallDetection: FDLOG,892,113690,0,{"type": 0, "name": "INVOKE", "code": 0, "data": {"model": {"id": 1, "type": 0, "address": 4194304, "size": 0}, "algorithm": {"type": 3, "categroy": 1, "input_from": 1, "config": {"tscore": 26, "tiou": 35}}, "sensor": {"id": 1, "type": 1, "state": 1, "opt_id": 0, "opt_detail": "240x240 Auto"}}}[0m
[0;32mI (113959) FallDetection: FDLOG,893,113770,0,{"type": 1, "name": "INVOKE", "code": 0, "data": {"count": 1, "perf": [7, 48, 0], "boxes": [[180, 125, 70, 193, 87, 0]], "resolution": [240, 240]}}[0m
[0;32mI (114039) FallDetection: FDPOLL,113850[0m
[0;32mI (114169) FallDetection: FDLOG,894,113980,0,{"type": 0, "name": "INVOKE", "code": 0, "data": {"model": {"id": 1, "type": 0, "address": 4194304, "size": 0}, "algorithm": {"type": 3, "categroy": 1, "input_from": 1, "config": {"tscore": 26, "tiou": 35}}, "sensor": {"id": 1, "type": 1, "state": 1, "opt_id": 0, "opt_detail": "240x240 Auto"}}}[0m
[0;32mI (114189) FallDetection: FDLOG,895,114000,0,{"type": 1, "name": "INVOKE", "code": 0, "data": {"count": 1, "perf": [7, 48, 0], "boxes": [[180, 130, 62, 177, 83, 0], [214, 143, 41, 151, 66, 0]], "resolution": [240, 240]}}[0m
[0;32mI (114279) FallDetection: FDPOLL,114090[0m
[0;32mI (114359) FallDetection: FDLOG,896,114170,0,{"type": 0, "name": "INVOKE", "code": 0, "data": {"model": {"id": 1, "type": 0, "address": 4194304, "size": 0}, "algorithm": {"type": 3, "categroy": 1, "input_from": 1, "config": {"tscore": 26, "tiou": 35}}, "sensor": {"id": 1, "type": 1, "state": 1, "opt_id": 0, "opt_detail": "240x240 Auto"}}}[0m
[0;32mI (114439) FallDetection: FDLOG,897,114250,0,{"type": 1, "name": "INVOKE", "code": 0, "data": {"count": 1, "perf": [7, 48, 0], "boxes": [[180, 125, 62, 177, 83, 0], [214, 143, 41, 151, 71, 0]], "resolution": [240, 240]}}[0m
[0;32mI (114519) FallDetection: FDPOLL,114330[0m
[0;32mI (114649) FallDetection: FDLOG,898,114460,0,{"type": 0, "name": "INVOKE", "code": 0, "data": {"model": {"id": 1, "type": 0, "address": 4194304, "size": 0}, "algorithm": {"type": 3, "categroy": 1, "input_from": 1, "config": {"tscore": 26, "tiou": 35}}, "sensor": {"id": 1, "type": 1, "state": 1, "opt_id": 0, "opt_detail": "240x240 Auto"}}}[0m
[0;32mI (114669) FallDetection: FDLOG,899,114480,0,{"type": 1, "name": "INVOKE", "code": 0, "data": {"count": 1, "perf": [7, 48, 0], "boxes": [[18, 128, 23, 62, 29, 0], [180, 130, 62, 177, 83, 0], [214, 146, 41, 151, 66, 0]], "resolution": [240, 240]}}[0m
[0;32mI (114689) FallDetection: FDSTACK_FREE,2348[0m
[0;32mI (114759) FallDetection: FDPOLL,114570[0m
[0;32mI (114839) FallDetection: FDLOG,900,114650,0,{"type": 0, "name": "INVOKE", "code": 0, "data": {"model": {"id": 1, "type": 0, "address": 4194304, "size": 0}, "algorithm": {"type": 3, "categroy": 1, "input_from": 1, "config": {"tscore": 26, "tiou": 35}}, "sensor": {"id": 1, "type": 1, "state": 1, "opt_id": 0, "opt_detail": "240x240 Auto"}}}[0m
[0;32mI (114919) FallDetection: FDLOG,901,114730,0,{"type": 1, "name": "INVOKE", "code": 0, "data": {"count": 1, "perf": [7, 48, 0], "boxes": [[180, 130, 70, 193, 87, 0], [214, 146, 44, 130, 62, 0]], "resolution": [240, 240]}}[0m
[0;32mI (114999) FallDetection: FDPOLL,114810[0m
[0;32mI (115129) FallDetection: FDLOG,902,114940,0,{"type": 0, "name": "INVOKE", "code": 0, "data": {"model": {"id": 1, "type": 0, "address": 4194304, "size": 0}, "algorithm": {"type": 3, "categroy": 1, "input_from": 1, "config": {"tscore": 26, "tiou": 35}}, "sensor": {"id": 1, "type": 1, "state": 1, "opt_id": 0, "opt_detail": "240x240 Auto"}}}[0m
[0;32mI (115149) FallDetection: FDLOG,903,114960,0,{"type": 1, "name": "INVOKE", "code": 0, "data": {"count": 1, "perf": [7, 48, 0], "boxes": [[20, 128, 23, 62, 33, 0], [180, 130, 62, 177, 83, 0], [214, 146, 41, 151, 66, 0]], "resolution": [240, 240]}}[0m
[0;32mI (115239) FallDetection: FDPOLL,115050[0m
[0;32mI (115319) FallDetection: FDLOG,904,115130,0,{"type": 0, "name": "INVOKE", "code": 0, "data": {"model": {"id": 1, "type": 0, "address": 4194304, "size": 0}, "algorithm": {"type": 3, "categroy": 1, "input_from": 1, "config": {"tscore": 26, "tiou": 35}}, "sensor": {"id": 1, "type": 1, "state": 1, "opt_id": 0, "opt_detail": "240x240 Auto"}}}[0m
[0;32mI (115399) FallDetection: FDLOG,905,115210,0,{"type": 1, "name": "INVOKE", "code": 0, "data": {"count": 1, "perf": [7, 48, 0], "boxes": [[180, 130, 62, 177, 83, 0], [217, 143, 41, 151, 62, 0]], "resolution": [240, 240]}}[0m
[0;32mI (115479) FallDetection: FDPOLL,115290[0m
[0;32mI (115609) FallDetection: FDLOG,906,115420,0,{"type": 0, "name": "INVOKE", "code": 0, "data": {"model": {"id": 1, "type": 0, "address": 4194304, "size": 0}, "algorithm": {"type": 3, "categroy": 1, "input_from": 1, "config": {"tscore": 26, "tiou": 35}}, "sensor": {"id": 1, "type": 1, "state": 1, "opt_id": 0, "opt_detail": "240x240 Auto"}}}[0m
[0;32mI (115629) FallDetection: FDLOG,907,115440,0,{"type": 1, "name": "INVOKE", "code": 0, "data": {"count": 1, "perf": [7, 48, 0], "boxes": [[180, 130, 62, 177, 83, 0], [214, 143, 41, 151, 71, 0]], "resolution": [240, 240]}}[0m
[0;32mI (115709) FallDetection: FDSTACK_FREE,2348[0m
[0;32mI (115719) FallDetection: FDPOLL,115530[0m
[0;32mI (115799) FallDetection: FDLOG,908,115610,0,{"type": 0, "name": "INVOKE", "code": 0, "data": {"model": {"id": 1, "type": 0, "address": 4194304, "size": 0}, "algorithm": {"type": 3, "categroy": 1, "input_from": 1, "config": {"tscore": 26, "tiou": 35}}, "sensor": {"id": 1, "type": 1, "state": 1, "opt_id": 0, "opt_detail": "240x240 Auto"}}}[0m
[0;32mI (115879) FallDetection: FDLOG,909,115690,0,{"type": 1, "name": "INVOKE", "code": 0, "data": {"count": 1, "perf": [7, 48, 0], "boxes": [[18, 128, 31, 62, 29, 0], [180, 130, 62, 177, 83, 0], [214, 143, 41, 151, 66, 0]], "resolution": [240, 240]}}[0m
[0;32mI (115959) FallDetection: FDPOLL,115770[0m
[0;32mI (116089) FallDetection: FDLOG,910,115900,0,{"type": 0, "name": "INVOKE", "code": 0, "data": {"model": {"id": 1, "type": 0, "address": 4194304, "size": 0}, "algorithm": {"type": 3, "categroy": 1, "input_from": 1, "config": {"tscore": 26, "tiou": 35}}, "sensor": {"id": 1, "type": 1, "state": 1, "opt_id": 0, "opt_detail": "240x240 Auto"}}}[0m
[0;32mI (116109) FallDetection: FDLOG,911,115920,0,{"type": 1, "name": "INVOKE", "code": 0, "data": {"count": 1, "perf": [7, 48, 0], "boxes": [[18, 128, 31, 62, 29, 0], [180, 130, 70, 193, 87, 0], [217, 143, 41, 151, 62, 0]], "resolution": [240, 240]}}[0m
[0;32mI (116199) FallDetection: FDPOLL,116010[0m
[0;32mI (116279) FallDetection: FDLOG,912,116090,0,{"type": 0, "name": "INVOKE", "code": 0, "data": {"model": {"id": 1, "type": 0, "address": 4194304, "size": 0}, "algorithm": {"type": 3, "categroy": 1, "input_from": 1, "config": {"tscore": 26, "tiou": 35}}, "sensor": {"id": 1, "type": 1, "state": 1, "opt_id": 0, "opt_detail": "240x240 Auto"}}}[0m
[0;32mI (116359) FallDetection: FDLOG,913,116170,0,{"type": 1, "name": "INVOKE", "code": 0, "data": {"count": 1, "perf": [7, 48, 0], "boxes": [[20, 122, 28, 57, 29, 0], [180, 130, 62, 177, 83, 0], [217, 143, 41, 151, 37, 0]], "resolution": [240, 240]}}[0m
[0;32mI (116439) FallDetection: FDPOLL,116250[0m
[0;32mI (116569) FallDetection: FDLOG,914,116380,0,{"type": 0, "name": "INVOKE", "code": 0, "data": {"model": {"id": 1, "type": 0, "address": 4194304, "size": 0}, "algorithm": {"type": 3, "categroy": 1, "input_from": 1, "config": {"tscore": 26, "tiou": 35}}, "sensor": {"id": 1, "type": 1, "state": 1, "opt_id": 0, "opt_detail": "240x240 Auto"}}}[0m
[0;32mI (116589) FallDetection: FDLOG,915,116400,0,{"type": 1, "name": "INVOKE", "code": 0, "data": {"count": 1, "perf": [7, 48, 0], "boxes": [[172, 130, 70, 193, 87, 0], [214, 146, 44, 143, 66, 0]], "resolution": [240, 240]}}[0m
[0;32mI (116679) FallDetection: FDPOLL,116490[0m
[0;32mI (116759) FallDetection: FDLOG,916,116570,0,{"type": 0, "name": "INVOKE", "code": 0, "data": {"model": {"id": 1, "type": 0, "address": 4194304, "size": 0}, "algorithm": {"type": 3, "categroy": 1, "input_from": 1, "config": {"tscore": 26, "tiou": 35}}, "sensor": {"id": 1, "type": 1, "state": 1, "opt_id": 0, "opt_detail": "240x240 Auto"}}}[0m
[0;32mI (116779) FallDetection: FDSTACK_FREE,2348[0m
[0;32mI (116839) FallDetection: FDLOG,917,116650,0,{"type": 1, "name": "INVOKE", "code": 0, "data": {"count": 1, "perf": [7, 48, 0], "boxes": [[18, 122, 31, 62, 29, 0], [167, 130, 70, 193, 87, 0], [214, 143, 57, 151, 66, 0]], "resolution": [240, 240]}}[0m
[0;32mI (116919) FallDetection: FDPOLL,116730[0m
[0;32mI (117049) FallDetection: FDLOG,918,116860,0,{"type": 0, "name": "INVOKE", "code": 0, "data": {"model": {"id": 1, "type": 0, "address": 4194304, "size": 0}, "algorithm": {"type": 3, "categroy": 1, "input_from": 1, "config": {"tscore": 26, "tiou": 35}}, "sensor": {"id": 1, "type": 1, "state": 1, "opt_id": 0, "opt_detail": "240x240 Auto"}}}[0m
[0;32mI (117069) FallDetection: FDLOG,919,116880,0,{"type": 1, "name": "INVOKE", "code": 0, "data": {"count": 1, "perf": [7, 48, 0], "boxes": [[18, 122, 31, 62, 37, 0], [172, 130, 70, 193, 87, 0], [214, 143, 57, 115, 66, 0]], "resolution": [240, 240]}}[0m
[0;32mI (117159) FallDetection: FDPOLL,116970[0m
[0;32mI (117239) FallDetection: FDLOG,920,117050,0,{"type": 0, "name": "INVOKE", "code": 0, "data": {"model": {"id": 1, "type": 0, "address": 4194304, "size": 0}, "algorithm": {"type": 3, "categroy": 1, "input_from": 1, "config": {"tscore": 26, "tiou": 35}}, "sensor": {"id": 1, "type": 1, "state": 1, "opt_id": 0, "opt_detail": "240x240 Auto"}}}[0m
[0;32mI (117319) FallDetection: FDLOG,921,117130,0,{"type": 1, "name": "INVOKE", "code": 0, "data": {"count": 1, "perf": [7, 48, 0], "boxes": [[18, 128, 31, 62, 37, 0], [162, 128, 41, 185, 87, 0], [180, 133, 70, 193, 50, 0], [211, 143, 57, 115, 77, 0]], "resolution": [240, 240]}}[0m
[0;32mI (117409) FallDetection: FDPOLL,117220[0m
[0;32mI (117529) FallDetection: FDLOG,922,117340,0,{"type": 0, "name": "INVOKE", "code": 0, "data": {"model": {"id": 1, "type": 0, "address": 4194304, "size": 0}, "algorithm": {"type": 3, "categroy": 1, "input_from": 1, "config": {"tscore": 26, "tiou": 35}}, "sensor": {"id": 1, "type": 1, "state": 1, "opt_id": 0, "opt_detail": "240x240 Auto"}}}[0m
[0;32mI (117549) FallDetection: FDLOG,923,117360,0,{"type": 1, "name": "INVOKE", "code": 0, "data": {"count": 1, "perf": [7, 48, 0], "boxes": [[18, 128, 28, 57, 37, 0], [162, 128, 47, 193, 83, 0], [188, 133, 104, 151, 35, 0], [211, 141, 47, 115, 77, 0]], "resolution": [240, 240]}}[0m
[0;32mI (117639) FallDetection: FDPOLL,117450[0m
[0;32mI (117719) FallDetection: FDLOG,924,117530,0,{"type": 0, "name": "INVOKE", "code": 0, "data": {"model": {"id": 1, "type": 0, "address": 4194304, "size": 0}, "algorithm": {"type": 3, "categroy": 1, "input_from": 1, "config": {"tscore": 26, "tiou": 35}}, "sensor": {"id": 1, "type": 1, "state": 1, "opt_id": 0, "opt_detail": "240x240 Auto"}}}[0m
[0;32mI (117799) SystemInfo: free sram: 74675 minimal sram: 58211[0m
[0;32mI (117799) FallDetection: FDLOG,925,117610,0,{"type": 1, "name": "INVOKE", "code": 0, "data": {"count": 1, "perf": [7, 48, 0], "boxes": [[162, 128, 47, 193, 83, 0], [180, 133, 70, 193, 41, 0], [211, 146, 47, 115, 71, 0]], "resolution": [240, 240]}}[0m
[0;32mI (117819) FallDetection: FDSTACK_FREE,2348[0m
[0;32mI (117889) FallDetection: FDPOLL,117700[0m
[0;32mI (118009) FallDetection: FDLOG,926,117820,0,{"type": 0, "name": "INVOKE", "code": 0, "data": {"model": {"id": 1, "type": 0, "address": 4194304, "size": 0}, "algorithm": {"type": 3, "categroy": 1, "input_from": 1, "config": {"tscore": 26, "tiou": 35}}, "sensor": {"id": 1, "type": 1, "state": 1, "opt_id": 0, "opt_detail": "240x240 Auto"}}}[0m
[0;32mI (118029) FallDetection: FDLOG,927,117840,0,{"type": 1, "name": "INVOKE", "code": 0, "data": {"count": 1, "perf": [7, 48, 0], "boxes": [[162, 128, 47, 193, 83, 0], [188, 133, 104, 193, 41, 0], [211, 146, 47, 115, 77, 0]], "resolution": [240, 240]}}[0m
[0;32mI (118119) FallDetection: FDPOLL,117930[0m
[0;32mI (118199) FallDetection: FDLOG,928,118010,0,{"type": 0, "name": "INVOKE", "code": 0, "data": {"model": {"id": 1, "type": 0, "address": 4194304, "size": 0}, "algorithm": {"type": 3, "categroy": 1, "input_from": 1, "config": {"tscore": 26, "tiou": 35}}, "sensor": {"id": 1, "type": 1, "state": 1, "opt_id": 0, "opt_detail": "240x240 Auto"}}}[0m
[0;32mI (118279) FallDetection: FDLOG,929,118090,0,{"type": 1, "name": "INVOKE", "code": 0, "data": {"count": 1, "perf": [7, 48, 0], "boxes": [[20, 122, 23, 62, 33, 0], [162, 128, 47, 193, 83, 0], [211, 138, 57, 115, 77, 0]], "resolution": [240, 240]}}[0m
[0;32mI (118359) FallDetection: FDPOLL,118170[0m
[0;32mI (118489) FallDetection: FDLOG,930,118300,0,{"type": 0, "name": "INVOKE", "code": 0, "data": {"model": {"id": 1, "type": 0, "address": 4194304, "size": 0}, "algorithm": {"type": 3, "categroy": 1, "input_from": 1, "config": {"tscore": 26, "tiou": 35}}, "sensor": {"id": 1, "type": 1, "state": 1, "opt_id": 0, "opt_detail": "240x240 Auto"}}}[0m
[0;32mI (118509) FallDetection: FDLOG,931,118320,0,{"type": 1, "name": "INVOKE", "code": 0, "data": {"count": 1, "perf": [7, 48, 0], "boxes": [[20, 128, 23, 62, 37, 0], [162, 122, 41, 185, 87, 0], [211, 143, 57, 115, 77, 0]], "resolution": [240, 240]}}[0m
[0;32mI (118599) FallDetection: FDPOLL,118410[0m
[0;32mI (118679) FallDetection: FDLOG,932,118490,0,{"type": 0, "name": "INVOKE", "code": 0, "data": {"model": {"id": 1, "type": 0, "address": 4194304, "size": 0}, "algorithm": {"type": 3, "categroy": 1, "input_from": 1, "config": {"tscore": 26, "tiou": 35}}, "sensor": {"id": 1, "type": 1, "state": 1, "opt_id": 0, "opt_detail": "240x240 Auto"}}}[0m
[0;32mI (118759) FallDetection: FDLOG,933,118570,0,{"type": 1, "name": "INVOKE", "code": 0, "data": {"count": 1, "perf": [7, 48, 0], "boxes": [[20, 128, 20, 57, 50, 0], [162, 128, 41, 185, 87, 0], [214, 143, 57, 115, 77, 0]], "resolution": [240, 240]}}[0m
[0;32mI (118829) FallDetection: FDSTACK_FREE,2348[0m
[0;32mI (118839) FallDetection: FDPOLL,118650[0m
[0;32mI (118919) Application: >> LikeLike a camera.[0m
[0;32mI (118919) StateMachine: State: listening -> speaking[0m
[0;32mI (118919) CompactWifiBoardLCDTouch: Sent Eye Command: 0x03[0m
[0;32mI (118979) FallDetection: FDLOG,934,118790,0,{"type": 0, "name": "INVOKE", "code": 0, "data": {"model": {"id": 1, "type": 0, "address": 4194304, "size": 0}, "algorithm": {"type": 3, "categroy": 1, "input_from": 1, "config": {"tscore": 26, "tiou": 35}}, "sensor": {"id": 1, "type": 1, "state": 1, "opt_id": 0, "opt_detail": "240x240 Auto"}}}[0m
[0;32mI (118999) FallDetection: FDLOG,935,118810,0,{"type": 1, "name": "INVOKE", "code": 0, "data": {"count": 1, "perf": [7, 48, 0], "boxes": [[23, 122, 20, 57, 56, 0], [162, 128, 47, 193, 87, 0], [211, 141, 47, 115, 77, 0]], "resolution": [240, 240]}}[0m
[0;32mI (119089) FallDetection: FDPOLL,118900[0m
[0;32mI (119159) FallDetection: FDLOG,936,118970,0,{"type": 0, "name": "INVOKE", "code": 0, "data": {"model": {"id": 1, "type": 0, "address": 4194304, "size": 0}, "algorithm": {"type": 3, "categroy": 1, "input_from": 1, "config": {"tscore": 26, "tiou": 35}}, "sensor": {"id": 1, "type": 1, "state": 1, "opt_id": 0, "opt_detail": "240x240 Auto"}}}[0m
[0;32mI (119239) FallDetection: FDLOG,937,119050,0,{"type": 1, "name": "INVOKE", "code": 0, "data": {"count": 1, "perf": [7, 48, 0], "boxes": [[23, 128, 20, 57, 37, 0], [156, 133, 47, 193, 87, 0], [211, 146, 47, 115, 77, 0]], "resolution": [240, 240]}}[0m
[0;32mI (119319) FallDetection: FDPOLL,119130[0m
[0;32mI (119389) FallDetection: FDLOG,938,119200,0,{"type": 0, "name": "INVOKE", "code": 0, "data": {"model": {"id": 1, "type": 0, "address": 4194304, "size": 0}, "algorithm": {"type": 3, "categroy": 1, "input_from": 1, "config": {"tscore": 26, "tiou": 35}}, "sensor": {"id": 1, "type": 1, "state": 1, "opt_id": 0, "opt_detail": "240x240 Auto"}}}[0m
[0;32mI (119469) FallDetection: FDLOG,939,119280,0,{"type": 1, "name": "INVOKE", "code": 0, "data": {"count": 1, "perf": [7, 48, 0], "boxes": [[20, 128, 23, 62, 50, 0], [151, 128, 62, 177, 87, 0], [167, 141, 104, 193, 50, 0], [211, 141, 47, 115, 83, 0]], "resolution": [240, 240]}}[0m
[0;32mI (119549) FallDetection: FDPOLL,119360[0m
[0;32mI (119619) FallDetection: FDLOG,940,119430,0,{"type": 0, "name": "INVOKE", "code": 0, "data": {"model": {"id": 1, "type": 0, "address": 4194304, "size": 0}, "algorithm": {"type": 3, "categroy": 1, "input_from": 1, "config": {"tscore": 26, "tiou": 35}}, "sensor": {"id": 1, "type": 1, "state": 1, "opt_id": 0, "opt_detail": "240x240 Auto"}}}[0m
[0;32mI (119699) FallDetection: FDLOG,941,119510,0,{"type": 1, "name": "INVOKE", "code": 0, "data": {"count": 1, "perf": [7, 48, 0], "boxes": [[23, 122, 20, 57, 37, 0], [141, 128, 94, 240, 89, 0], [206, 146, 70, 115, 83, 0]], "resolution": [240, 240]}}[0m
[0;32mI (119779) FallDetection: FDPOLL,119590[0m
[0;32mI (119849) FallDetection: FDLOG,942,119660,0,{"type": 0, "name": "INVOKE", "code": 0, "data": {"model": {"id": 1, "type": 0, "address": 4194304, "size": 0}, "algorithm": {"type": 3, "categroy": 1, "input_from": 1, "config": {"tscore": 26, "tiou": 35}}, "sensor": {"id": 1, "type": 1, "state": 1, "opt_id": 0, "opt_detail": "240x240 Auto"}}}[0m
[0;32mI (119869) FallDetection: FDSTACK_FREE,2348[0m
[0;32mI (119929) FallDetection: FDLOG,943,119740,0,{"type": 1, "name": "INVOKE", "code": 0, "data": {"count": 1, "perf": [7, 48, 0], "boxes": [[18, 130, 31, 62, 33, 0], [122, 122, 94, 240, 89, 0], [211, 141, 47, 115, 83, 0]], "resolution": [240, 240]}}[0m
[0;32mI (120009) FallDetection: FDPOLL,119820[0m
[0;32mI (120019) Application: << I don't have a camera on this device, so I can't take pictures.[0m
[0;32mI (120079) FallDetection: FDLOG,944,119890,0,{"type": 0, "name": "INVOKE", "code": 0, "data": {"model": {"id": 1, "type": 0, "address": 4194304, "size": 0}, "algorithm": {"type": 3, "categroy": 1, "input_from": 1, "config": {"tscore": 26, "tiou": 35}}, "sensor": {"id": 1, "type": 1, "state": 1, "opt_id": 0, "opt_detail": "240x240 Auto"}}}[0m
[0;32mI (120159) FallDetection: FDLOG,945,119970,0,{"type": 1, "name": "INVOKE", "code": 0, "data": {"count": 1, "perf": [7, 48, 0], "boxes": [[107, 117, 94, 240, 89, 0], [211, 146, 62, 120, 71, 0]], "resolution": [240, 240]}}[0m
[0;32mI (120239) FallDetection: FDPOLL,120050[0m
[0;32mI (120309) FallDetection: FDLOG,946,120120,0,{"type": 0, "name": "INVOKE", "code": 0, "data": {"model": {"id": 1, "type": 0, "address": 4194304, "size": 0}, "algorithm": {"type": 3, "categroy": 1, "input_from": 1, "config": {"tscore": 26, "tiou": 35}}, "sensor": {"id": 1, "type": 1, "state": 1, "opt_id": 0, "opt_detail": "240x240 Auto"}}}[0m
[0;32mI (120399) FallDetection: FDLOG,947,120210,0,{"type": 1, "name": "INVOKE", "code": 0, "data": {"count": 1, "perf": [7, 48, 0], "boxes": [[83, 122, 138, 240, 87, 0], [211, 141, 70, 115, 77, 0]], "resolution": [240, 240]}}[0m
[0;32mI (120479) FallDetection: FDPOLL,120290[0m
[0;32mI (120559) FallDetection: FDLOG,948,120370,0,{"type": 0, "name": "INVOKE", "code": 0, "data": {"model": {"id": 1, "type": 0, "address": 4194304, "size": 0}, "algorithm": {"type": 3, "categroy": 1, "input_from": 1, "config": {"tscore": 26, "tiou": 35}}, "sensor": {"id": 1, "type": 1, "state": 1, "opt_id": 0, "opt_detail": "240x240 Auto"}}}[0m
[0;32mI (120639) FallDetection: FDLOG,949,120450,0,{"type": 1, "name": "INVOKE", "code": 0, "data": {"count": 1, "perf": [7, 48, 0], "boxes": [[78, 122, 138, 240, 87, 0], [211, 141, 62, 120, 77, 0]], "resolution": [240, 240]}}[0m
[0;32mI (120719) FallDetection: FDPOLL,120530[0m
[0;32mI (120789) FallDetection: FDLOG,950,120600,0,{"type": 0, "name": "INVOKE", "code": 0, "data": {"model": {"id": 1, "type": 0, "address": 4194304, "size": 0}, "algorithm": {"type": 3, "categroy": 1, "input_from": 1, "config": {"tscore": 26, "tiou": 35}}, "sensor": {"id": 1, "type": 1, "state": 1, "opt_id": 0, "opt_detail": "240x240 Auto"}}}[0m
[0;32mI (120869) FallDetection: FDLOG,951,120680,0,{"type": 1, "name": "INVOKE", "code": 0, "data": {"count": 1, "perf": [7, 48, 0], "boxes": [[75, 122, 138, 240, 83, 0], [211, 141, 47, 115, 77, 0]], "resolution": [240, 240]}}[0m
[0;32mI (120879) FallDetection: FDSTACK_FREE,2348[0m
[0;32mI (120949) FallDetection: FDPOLL,120760[0m
[0;32mI (121019) FallDetection: FDLOG,952,120830,0,{"type": 0, "name": "INVOKE", "code": 0, "data": {"model": {"id": 1, "type": 0, "address": 4194304, "size": 0}, "algorithm": {"type": 3, "categroy": 1, "input_from": 1, "config": {"tscore": 26, "tiou": 35}}, "sensor": {"id": 1, "type": 1, "state": 1, "opt_id": 0, "opt_detail": "240x240 Auto"}}}[0m
[0;32mI (121099) FallDetection: FDLOG,953,120910,0,{"type": 1, "name": "INVOKE", "code": 0, "data": {"count": 1, "perf": [7, 48, 0], "boxes": [[65, 117, 138, 240, 77, 0], [211, 141, 47, 115, 64, 0]], "resolution": [240, 240]}}[0m
[0;32mI (121179) FallDetection: FDPOLL,120990[0m
[0;32mI (121249) FallDetection: FDLOG,954,121060,0,{"type": 0, "name": "INVOKE", "code": 0, "data": {"model": {"id": 1, "type": 0, "address": 4194304, "size": 0}, "algorithm": {"type": 3, "categroy": 1, "input_from": 1, "config": {"tscore": 26, "tiou": 35}}, "sensor": {"id": 1, "type": 1, "state": 1, "opt_id": 0, "opt_detail": "240x240 Auto"}}}[0m
[0;32mI (121329) FallDetection: FDLOG,955,121140,0,{"type": 1, "name": "INVOKE", "code": 0, "data": {"count": 1, "perf": [7, 48, 0], "boxes": [[211, 141, 70, 115, 71, 0]], "resolution": [240, 240]}}[0m
[0;32mI (121409) FallDetection: FDPOLL,121220[0m
[0;32mI (121479) FallDetection: FDLOG,956,121290,0,{"type": 0, "name": "INVOKE", "code": 0, "data": {"model": {"id": 1, "type": 0, "address": 4194304, "size": 0}, "algorithm": {"type": 3, "categroy": 1, "input_from": 1, "config": {"tscore": 26, "tiou": 35}}, "sensor": {"id": 1, "type": 1, "state": 1, "opt_id": 0, "opt_detail": "240x240 Auto"}}}[0m
[0;32mI (121559) FallDetection: FDLOG,957,121370,0,{"type": 1, "name": "INVOKE", "code": 0, "data": {"count": 1, "perf": [7, 48, 0], "boxes": [[47, 117, 94, 240, 41, 0], [211, 141, 47, 115, 71, 0]], "resolution": [240, 240]}}[0m
[0;32mI (121639) FallDetection: FDPOLL,121450[0m
[0;32mI (121689) FallDetection: FDLOG,958,121500,0,{"type": 0, "name": "INVOKE", "code": 0, "data": {"model": {"id": 1, "type": 0, "address": 4194304, "size": 0}, "algorithm": {"type": 3, "categroy": 1, "input_from": 1, "config": {"tscore": 26, "tiou": 35}}, "sensor": {"id": 1, "type": 1, "state": 1, "opt_id": 0, "opt_detail": "240x240 Auto"}}}[0m
[0;32mI (121769) FallDetection: FDLOG,959,121580,0,{"type": 1, "name": "INVOKE", "code": 0, "data": {"count": 1, "perf": [7, 48, 0], "boxes": [[52, 117, 94, 240, 71, 0], [211, 141, 47, 115, 71, 0]], "resolution": [240, 240]}}[0m
[0;32mI (121849) FallDetection: FDPOLL,121660[0m
[0;32mI (121919) FallDetection: FDLOG,960,121730,0,{"type": 0, "name": "INVOKE", "code": 0, "data": {"model": {"id": 1, "type": 0, "address": 4194304, "size": 0}, "algorithm": {"type": 3, "categroy": 1, "input_from": 1, "config": {"tscore": 26, "tiou": 35}}, "sensor": {"id": 1, "type": 1, "state": 1, "opt_id": 0, "opt_detail": "240x240 Auto"}}}[0m
[0;32mI (121939) FallDetection: FDSTACK_FREE,2348[0m
[0;32mI (122009) FallDetection: FDLOG,961,121820,0,{"type": 1, "name": "INVOKE", "code": 0, "data": {"count": 1, "perf": [7, 48, 0], "boxes": [[28, 117, 70, 235, 29, 0], [211, 141, 47, 115, 71, 0]], "resolution": [240, 240]}}[0m
[0;32mI (122089) FallDetection: FDPOLL,121900[0m
[0;32mI (122149) FallDetection: FDLOG,962,121960,0,{"type": 0, "name": "INVOKE", "code": 0, "data": {"model": {"id": 1, "type": 0, "address": 4194304, "size": 0}, "algorithm": {"type": 3, "categroy": 1, "input_from": 1, "config": {"tscore": 26, "tiou": 35}}, "sensor": {"id": 1, "type": 1, "state": 1, "opt_id": 0, "opt_detail": "240x240 Auto"}}}[0m
[0;32mI (122229) FallDetection: FDLOG,963,122040,0,{"type": 1, "name": "INVOKE", "code": 0, "data": {"count": 1, "perf": [7, 48, 0], "boxes": [[83, 99, 47, 193, 41, 0], [211, 141, 47, 115, 71, 0]], "resolution": [240, 240]}}[0m
[0;32mI (122309) FallDetection: FDPOLL,122120[0m
[0;32mI (122379) FallDetection: FDLOG,964,122190,0,{"type": 0, "name": "INVOKE", "code": 0, "data": {"model": {"id": 1, "type": 0, "address": 4194304, "size": 0}, "algorithm": {"type": 3, "categroy": 1, "input_from": 1, "config": {"tscore": 26, "tiou": 35}}, "sensor": {"id": 1, "type": 1, "state": 1, "opt_id": 0, "opt_detail": "240x240 Auto"}}}[0m
[0;32mI (122459) FallDetection: FDLOG,965,122270,0,{"type": 1, "name": "INVOKE", "code": 0, "data": {"count": 1, "perf": [7, 48, 0], "boxes": [[28, 120, 57, 227, 33, 0], [209, 141, 62, 120, 77, 0]], "resolution": [240, 240]}}[0m
[0;32mI (122539) FallDetection: FDPOLL,122350[0m
[0;32mI (122589) FallDetection: FDLOG,966,122400,0,{"type": 0, "name": "INVOKE", "code": 0, "data": {"model": {"id": 1, "type": 0, "address": 4194304, "size": 0}, "algorithm": {"type": 3, "categroy": 1, "input_from": 1, "config": {"tscore": 26, "tiou": 35}}, "sensor": {"id": 1, "type": 1, "state": 1, "opt_id": 0, "opt_detail": "240x240 Auto"}}}[0m
[0;32mI (122669) FallDetection: FDLOG,967,122480,0,{"type": 1, "name": "INVOKE", "code": 0, "data": {"count": 1, "perf": [7, 48, 0], "boxes": [[34, 120, 75, 227, 29, 0], [209, 136, 57, 115, 81, 0]], "resolution": [240, 240]}}[0m
[0;32mI (122749) FallDetection: FDPOLL,122560[0m
[0;32mI (122819) FallDetection: FDLOG,968,122630,0,{"type": 0, "name": "INVOKE", "code": 0, "data": {"model": {"id": 1, "type": 0, "address": 4194304, "size": 0}, "algorithm": {"type": 3, "categroy": 1, "input_from": 1, "config": {"tscore": 26, "tiou": 35}}, "sensor": {"id": 1, "type": 1, "state": 1, "opt_id": 0, "opt_detail": "240x240 Auto"}}}[0m
[0;32mI (122899) FallDetection: FDLOG,969,122710,0,{"type": 1, "name": "INVOKE", "code": 0, "data": {"count": 1, "perf": [7, 48, 0], "boxes": [[206, 133, 70, 115, 77, 0]], "resolution": [240, 240]}}[0m
[0;32mI (122969) FallDetection: FDSTACK_FREE,2348[0m
[0;32mI (122979) FallDetection: FDPOLL,122790[0m
[0;32mI (123109) FallDetection: FDLOG,970,122920,0,{"type": 0, "name": "INVOKE", "code": 0, "data": {"model": {"id": 1, "type": 0, "address": 4194304, "size": 0}, "algorithm": {"type": 3, "categroy": 1, "input_from": 1, "config": {"tscore": 26, "tiou": 35}}, "sensor": {"id": 1, "type": 1, "state": 1, "opt_id": 0, "opt_detail": "240x240 Auto"}}}[0m
[0;32mI (123129) FallDetection: FDLOG,971,122940,0,{"type": 1, "name": "INVOKE", "code": 0, "data": {"count": 1, "perf": [7, 48, 0], "boxes": [[206, 141, 47, 115, 71, 0]], "resolution": [240, 240]}}[0m
